advantage_mean,ar_examples,ar_loss,ar_prediction_kl,ar_update_finite,ar_vector_mse,av_loss,av_sft_anchor_loss,av_update_finite,cap_hit_rate,policy_kl_k2,policy_loss,response_tokens_mean,reward_mean,reward_std,score_prediction_kl,score_vector_mse,step,valid_format_rate
-0.0019531408324837685,511,0.983615667152778,6.173955536635188,True,0.9096801326466166,0.19361193058797427,0.9581018090248108,True,0.0,0.000768605035773362,0.0019531385332811624,55.224609375,-0.9848427772521973,0.41634681820869446,6.171808242797852,0.9089797735214233,1,0.998046875
-0.00878927018493414,508,1.176199528176015,6.374319020218737,True,1.0998645542174814,0.18855230239278173,0.8957631289958954,True,0.00390625,0.012208149884827435,0.008789269049884751,54.763671875,-1.1826748847961426,0.47105902433395386,6.364603519439697,1.0976672172546387,2,0.9921875
-0.0019534477032721043,511,1.131444087000509,5.892507707069531,True,1.060879007477583,0.20022269711334958,0.9859650731086731,True,0.0,0.021524753887206316,0.001953444763785228,56.310546875,-1.1335018873214722,0.43460652232170105,5.898580074310303,1.060910940170288,3,0.998046875
-0.006836011074483395,509,1.0359965727933498,5.225703590745307,True,0.9734167237647154,0.1891156901496288,0.9032739400863647,True,0.00390625,0.03249791421694681,0.0068360064760781825,59.21875,-1.04254150390625,0.3626210391521454,5.229711532592773,0.9730777740478516,4,0.994140625
-0.007324172183871269,509,1.0930701543399535,5.478849994644436,True,1.0274587867302134,0.2096230538962118,1.0000746846199036,True,0.005859375,0.04567884688731283,0.007324174337554723,61.6484375,-1.099046230316162,0.4680823087692261,5.494483947753906,1.025923490524292,5,0.994140625
-0.006835892330855131,509,0.9781117870203402,4.934862699864655,True,0.9190148503934938,0.21083120055263865,1.007170408964157,True,0.00390625,0.0512245399877429,0.006835891748778522,63.728515625,-0.9846151471138,0.46509233117103577,4.92495059967041,0.918800950050354,6,0.994140625
-0.007324224337935448,509,1.0429673190201194,5.5798145324167425,True,0.9761468423841511,0.17627135337097571,0.8318585753440857,True,0.005859375,0.05150834529194981,0.007324220932787284,65.318359375,-1.0486338138580322,0.5485848188400269,5.566943168640137,0.9746431112289429,7,0.994140625
-0.011230424046516418,507,0.9663551154691558,4.8792374110551044,True,0.9079243264489859,0.21295540065839308,0.9950311779975891,True,0.005859375,0.054374717525206506,0.011230428994167596,63.744140625,-0.9792564511299133,0.4770525395870209,4.890166759490967,0.9094643592834473,8,0.990234375
-0.017089802771806717,505,0.8615855394023478,4.1669969827821935,True,0.8116841227701397,0.217501535442716,0.9895565807819366,True,0.013671875,0.0500083586666733,0.01708980111288838,63.27734375,-0.8789550065994263,0.3624137043952942,4.162212371826172,0.812021017074585,9,0.986328125
-0.004394554533064365,510,0.9387579181615042,4.7061016849443025,True,0.8824005040467954,0.19145060146329343,0.9236301779747009,True,0.001953125,0.04660022410098463,0.004394554707687348,59.625,-0.9426470398902893,0.3279334604740143,4.702469825744629,0.8819385766983032,10,0.99609375
-0.0039061508141458035,510,0.9381526026071285,4.67114018645941,True,0.8822138660094319,0.2008815446883091,0.9743813872337341,True,0.0,0.041982456343248487,0.0039061443239916116,60.396484375,-0.9409570693969727,0.4619336724281311,4.670867919921875,0.8811153173446655,11,0.99609375
-0.006347696762531996,509,0.8545414609852848,4.220253187453114,True,0.8040022708343851,0.20887110345429394,1.0019544959068298,True,0.001953125,0.04265006020432338,0.006347701317281462,57.671875,-0.8599159121513367,0.29307860136032104,4.218055725097656,0.8030554056167603,12,0.994140625
-0.0024412903003394604,511,0.9271250952713177,5.053572412106389,True,0.8666065937152349,0.20086162697407417,0.9812416136264801,True,0.001953125,0.04344023356679827,0.002441292512230575,57.404296875,-0.9290050268173218,0.4665084779262543,5.053400993347168,0.866047203540802,13,0.998046875
-0.002441439311951399,511,0.8559470299172074,4.337639855312041,True,0.8040021068895865,0.19060292336871498,0.9299387037754059,True,0.001953125,0.04347477783448994,0.0024414437357336283,56.173828125,-0.8588213920593262,0.33495721220970154,4.338082313537598,0.8044297099113464,14,0.998046875
-1.9598519429564476e-07,512,0.8504000790417194,4.386797323822975,True,0.7978664636611938,0.17943505260191162,0.8862927258014679,True,0.0,0.04352628020569682,1.9336584955453873e-07,55.705078125,-0.8504000902175903,0.3469400405883789,4.386796951293945,0.7978664636611938,15,1.0
-0.00390628119930625,510,0.9155941619592556,4.722651545206706,True,0.8590385497785081,0.19245637070562227,0.9311224222183228,True,0.0,0.046512113767676055,0.00390628055902198,54.78125,-0.9194650053977966,0.3873688280582428,4.71865701675415,0.859050989151001,16,0.99609375
-0.001953104860149324,511,0.875190788635769,4.008584073844954,True,0.8271864201224713,0.1869543234934099,0.913860946893692,True,0.0,0.04458062571939081,0.0019531027064658701,55.45703125,-0.8763545155525208,0.355743408203125,4.008122444152832,0.8264025449752808,17,0.998046875
-0.001953126396983862,511,0.9094129348221123,5.008686510784051,True,0.8494319732641754,0.184738213649689,0.9018569886684418,True,0.0,0.04827381786890328,0.001953125,55.818359375,-0.9109780788421631,0.34036707878112793,5.008393287658691,0.8490474820137024,18,0.998046875
-0.007812489289790392,508,0.79001402948785,3.422390590502521,True,0.7490295580052954,0.19059392562267025,0.9017958045005798,True,0.0,0.04844548262190074,0.007812490352080204,56.345703125,-0.7982727289199829,0.27602770924568176,3.4241600036621094,0.7494546175003052,19,0.9921875
-0.0029296595603227615,511,0.9489116676866192,4.425312952052822,True,0.8959168191058763,0.19177395867809538,0.931139200925827,True,0.00390625,0.05232920672278851,0.00292965819244273,56.84765625,-0.9510715007781982,0.4799540042877197,4.4253387451171875,0.8951466679573059,20,0.998046875
7.147900760173798e-08,512,0.8129260987043381,3.851577937602997,True,0.7668019458651543,0.2090049346101296,1.0318992733955383,True,0.0,0.05250298685859889,-6.944173946976662e-08,56.986328125,-0.8129260540008545,0.29670095443725586,3.8515777587890625,0.7668019533157349,21,1.0
-0.004394500516355038,510,0.8341857026605044,4.0250904316995655,True,0.7859836732639987,0.1858121173514519,0.894054651260376,True,0.001953125,0.052133736899122596,0.004394500283524394,56.57421875,-0.8376221656799316,0.2895702123641968,4.024724960327148,0.7850300073623657,22,0.99609375
-0.00537111097946763,510,0.820113358076881,4.3071948313245585,True,0.7685330171211092,0.18862987167303802,0.9040450751781464,True,0.005859375,0.04899494699202478,0.005371109233237803,58.166015625,-0.8268235921859741,0.33456602692604065,4.3184895515441895,0.7697368860244751,23,0.99609375
-0.006347797345370054,509,0.8039925936865665,3.840545032253902,True,0.7580005565186146,0.18846715680920173,0.8977110981941223,True,0.001953125,0.05154285451862961,0.006347794609609991,57.673828125,-0.8091771602630615,0.35411784052848816,3.8312389850616455,0.7569489479064941,24,0.994140625
-0.004394522402435541,510,0.926829015974905,4.436315162509095,True,0.8737023846775878,0.21202706498152113,1.0252503752708435,True,0.001953125,0.05164937430527061,0.004394521180074662,57.2578125,-0.9296533465385437,0.5850830078125,4.435088634490967,0.8721469044685364,25,0.99609375
-0.004394452087581158,510,0.860266631491044,3.8251215009128345,True,0.8144593056510476,0.18550656383813477,0.8926794826984406,True,0.001953125,0.05152419919613749,0.00439445732627064,57.89453125,-0.864227294921875,0.4880267083644867,3.8244199752807617,0.8140338063240051,26,0.99609375
-0.004394433461129665,510,0.9370746670984754,4.279551397585401,True,0.8858253553801892,0.1875594658253249,0.9033627510070801,True,0.001953125,0.04984960739966482,0.00439443500363268,57.732421875,-0.9407811760902405,0.4904646873474121,4.2737016677856445,0.8852074146270752,27,0.99609375
6.868503987789154e-09,512,0.8203016966581345,3.861691474914551,True,0.7740564197301865,0.18220229318831116,0.8968503773212433,True,0.0,0.05664454982616007,-9.807990863919258e-09,57.24609375,-0.8203016519546509,0.2899327874183655,3.861691474914551,0.7740564346313477,28,1.0
1.525040715932846e-08,512,0.9016083329916,4.369255900382996,True,0.849284790456295,0.19962066472799053,0.9839939475059509,True,0.0,0.056437738821841776,-1.1757947504520416e-08,56.9921875,-0.9016083478927612,0.4025891423225403,4.369256019592285,0.8492847681045532,29,1.0
-0.00634782575070858,509,0.891487048744921,4.348366415102496,True,0.8394136500264899,0.20314911469904473,0.9698931872844696,True,0.001953125,0.05645302589982748,0.006347825663397089,56.77734375,-0.8978859186172485,0.5026443600654602,4.3561577796936035,0.8393715620040894,30,0.994140625
7.974449545145035e-08,512,0.8483679853379726,3.7696694135665894,True,0.803224716335535,0.2067439754115185,1.0192160606384277,True,0.0,0.05801683338358998,-7.84057192504406e-08,57.09765625,-0.8483679890632629,0.30305784940719604,3.769669532775879,0.8032246828079224,31,1.0
-0.0024414719082415104,511,0.8578318724893543,4.067649658412149,True,0.8091201670249147,0.1785175601275114,0.8657607138156891,True,0.001953125,0.05847885773982853,0.0024414745275862515,56.857421875,-0.8595860004425049,0.3704453408718109,4.0647783279418945,0.8084672093391418,32,0.998046875
-0.0039061540737748146,510,0.8343490172834959,3.746368767233456,True,0.7894847907272039,0.2056777298814268,0.9944315850734711,True,0.0,0.05770517769269645,0.00390615378273651,57.388671875,-0.8380651473999023,0.3360563814640045,3.7414557933807373,0.7893534898757935,33,0.99609375
-0.00195318297483027,511,0.8022781322380335,4.215846046776221,True,0.7517917164384501,0.18768365940195508,0.9138232469558716,True,0.0,0.059316511382348835,0.0019531844300217927,57.798828125,-0.803555965423584,0.3075277507305145,4.211125373840332,0.7511729001998901,34,0.998046875
-0.0024414381477981806,511,0.8259403276350167,4.227277253238656,True,0.7753170319266046,0.18219750487187414,0.8844434916973114,True,0.001953125,0.05734746821690351,0.002441433083731681,57.33203125,-0.8278196454048157,0.2847115993499756,4.22523832321167,0.7747793197631836,35,0.998046875
-0.0048827966675162315,510,0.7767187113855398,3.916034092622644,True,0.7298226618299298,0.21524334157584235,1.0375916957855225,True,0.00390625,0.056844117818400264,0.004882796609308571,58.236328125,-0.7816293239593506,0.3299318552017212,3.917456865310669,0.7298334240913391,36,0.99609375
-1.0174699127674103e-07,512,0.9065021760761738,4.211827307939529,True,0.8560638912022114,0.1996115992369596,0.9837204217910767,True,0.0,0.057348269037902355,1.0139774531126022e-07,57.845703125,-0.9065021276473999,0.5011515021324158,4.211827278137207,0.856063961982727,37,1.0
-0.0024413310457021,511,0.860438378589727,4.0569884520454185,True,0.8118543529230553,0.18934391639268144,0.9196144044399261,True,0.001953125,0.05959398997947574,0.0024413359933532774,56.921875,-0.8624709844589233,0.4545014500617981,4.054330348968506,0.8114773035049438,38,0.998046875
-0.0048829130828380585,510,0.8417185860521654,4.29490431991278,True,0.7902854169116299,0.20262724140338834,0.9739496409893036,True,0.00390625,0.05908796621952206,0.004882915032794699,57.533203125,-0.8463131785392761,0.3947606086730957,4.307398796081543,0.7898476123809814,39,0.99609375
-5.908077582716942e-08,512,0.7950823493301868,3.680523529648781,True,0.7510066218674183,0.20023301776891458,0.9873301088809967,True,0.0,0.05533868377096951,6.175832822918892e-08,56.1640625,-0.7950823307037354,0.34203842282295227,3.680523633956909,0.7510066032409668,40,1.0
-0.004394629038870335,510,0.8134547694056642,3.704262228573071,True,0.7690947654200535,0.20784678230265857,1.0022571980953217,True,0.001953125,0.060014242539182305,0.0043946304940618575,56.6953125,-0.8166770935058594,0.43765729665756226,3.699150562286377,0.7679838538169861,41,0.99609375
-0.004394440446048975,510,0.8507703778790492,3.8107342009450877,True,0.8051353309668745,0.1984476150260889,0.9557237029075623,True,0.001953125,0.05816871335264295,0.004394438728922978,57.1015625,-0.8545032143592834,0.34206622838974,3.8088417053222656,0.8044962882995605,42,0.99609375
-0.00244140625,511,0.9835634876603949,4.017879666647565,True,0.9354477842026727,0.21386294001422357,1.04198157787323,True,0.001953125,0.060504333465360105,0.0024414077633991838,56.365234375,-0.9850454926490784,0.9370378255844116,4.012741565704346,0.9345499277114868,43,0.998046875
-0.0029296097345650196,511,0.7887333383065613,3.556362111507797,True,0.7461444948983985,0.19108182675845456,0.9247693717479706,True,0.00390625,0.06396693410351872,0.0029296056600287557,57.162109375,-0.7913131713867188,0.3739808201789856,3.552550792694092,0.7458402514457703,44,0.998046875
-1.4901161193847656e-08,512,0.8585254028439522,4.229246377944946,True,0.8078785091638565,0.18734698968182784,0.9219436347484589,True,0.0,0.0591649356065318,1.5890691429376602e-08,55.83203125,-0.8585253953933716,0.45977097749710083,4.229246139526367,0.8078784942626953,45,1.0
-0.0058593787252902985,509,0.9056363913774022,3.89094505984563,True,0.8590408001526868,0.20887708119844323,0.9999139904975891,True,0.0,0.06069802783895284,0.005859381635673344,54.919921875,-0.9116666913032532,0.44277939200401306,3.8944716453552246,0.8591695427894592,46,0.994140625
-0.0039064036682248116,510,0.8509187883021785,3.99660364225799,True,0.8030578882086511,0.19165294506092323,0.923524796962738,True,0.0,0.06083162280265242,0.003906404454028234,56.279296875,-0.8543850183486938,0.3948437571525574,3.9944050312042236,0.8026441335678101,47,0.99609375
-0.0019530648132786155,511,0.8084716390956871,4.073460177199482,True,0.7596903472497272,0.20870857653644637,1.0185546875,True,0.0,0.060891483910381794,0.0019530648714862764,55.1015625,-0.8104379177093506,0.35055723786354065,4.078395843505859,0.7596443891525269,48,0.998046875
-0.0019530627178028226,511,0.8143093718941196,3.9288046700613837,True,0.7672603825533691,0.17520335553272165,0.8516069054603577,True,0.0,0.05857829260639846,0.001953059691004455,54.833984375,-0.8173660039901733,0.3149683475494385,3.926373243331909,0.7683930397033691,49,0.998046875
5.436595529317856e-08,512,0.8860882483422756,4.34425263106823,True,0.8340641148388386,0.19453520364331783,0.9572759568691254,True,0.0,0.06160132947843522,-5.4249539971351624e-08,55.791015625,-0.8860882520675659,0.4563240706920624,4.344252586364746,0.8340641260147095,50,1.0
-0.0019530830904841423,511,0.8723433970705171,3.9950491462901607,True,0.8245011176148507,0.19855457419034794,0.9685074985027313,True,0.0,0.05799972510430962,0.0019530880672391504,55.650390625,-0.8738467693328857,0.4297811985015869,3.9907760620117188,0.824102520942688,51,0.998046875
2.6775524020195007e-08,512,0.9006410203874111,4.073019832372665,True,0.8518650121986866,0.18726492208079437,0.9210224151611328,True,0.0,0.0612093354575336,-2.7765054255723953e-08,56.404296875,-0.9006410241127014,0.5611028671264648,4.073019981384277,0.8518649935722351,52,1.0
-7.508788257837296e-08,512,0.8633456341922283,3.7812182307243347,True,0.8180640675127506,0.19233390977897216,0.9464219510555267,True,0.0,0.0609887721366249,8.09086486697197e-08,57.046875,-0.8633456230163574,0.47690650820732117,3.7812182903289795,0.8180640935897827,53,1.0
-0.0024413112550973892,511,0.7781439357074507,4.116894901148727,True,0.7288424966386619,0.20333611459936948,0.9885537028312683,True,0.001953125,0.06368134228978306,0.002441306904074736,57.095703125,-0.7804710268974304,0.31885507702827454,4.119988441467285,0.7286911010742188,54,0.998046875
-0.0024414611980319023,511,0.8566962983276979,4.189710700115346,True,0.8065228620853908,0.19883227461541536,0.9656603038311005,True,0.001953125,0.06517505343072116,0.002441461168928072,56.3671875,-0.8586933612823486,0.36025547981262207,4.185683727264404,0.8061267733573914,55,0.998046875
-0.0039062476716935635,510,0.8355749672534417,4.016331326727773,True,0.7874778333832236,0.2060309588108794,0.9937740564346313,True,0.0,0.06739791634026915,0.003906251775333658,57.98828125,-0.8392077684402466,0.3473735451698303,4.014056205749512,0.7872316837310791,56,0.99609375
-0.0019530553836375475,511,0.8288161195887512,3.893899858814396,True,0.782185146370046,0.1705031541801873,0.8260540962219238,True,0.0,0.06678563088644296,0.0019530532881617546,57.82421875,-0.830642819404602,0.32723769545555115,3.890951633453369,0.7820940017700195,57,0.998046875
-0.0024414134677499533,511,0.7843495496565115,3.938385143205377,True,0.7371858455196983,0.20001881858770504,0.9712446331977844,True,0.001953125,0.06656956917140633,0.0024414134095422924,57.673828125,-0.7868682146072388,0.31226587295532227,3.942441940307617,0.7372145056724548,58,0.998046875
-0.0048829130828380585,510,0.892498692110473,3.9951782357458976,True,0.8446548735394195,0.20645429335563678,0.9925014674663544,True,0.00390625,0.06142162682954222,0.004882918612565845,58.396484375,-0.9015666842460632,0.466354638338089,4.011319637298584,0.8486467599868774,59,0.99609375
-0.007324199192225933,509,0.7980927724266801,3.9320405302441186,True,0.7510050340813597,0.1974358778119495,0.9343135058879852,True,0.005859375,0.06497960817068815,0.007324196107219905,59.02734375,-0.8044184446334839,0.386295348405838,3.9222195148468018,0.7501240968704224,60,0.994140625
-0.009277206845581532,508,0.888764808966419,4.294665269025667,True,0.8373345155415572,0.20682558780536056,0.971876710653305,True,0.005859375,0.06346073211170733,0.009277208824642003,58.75390625,-0.8971078395843506,0.5111998319625854,4.28914737701416,0.8364663124084473,61,0.9921875
-0.0073240953497588634,509,0.8273637431777999,3.80908855286469,True,0.7817484023294654,0.18987225314485842,0.8981540203094482,True,0.005859375,0.058347009238786995,0.007324098434764892,58.736328125,-0.8348676562309265,0.3801747262477875,3.7987709045410156,0.782051682472229,62,0.994140625
-0.0024414195213466883,511,0.838568958284337,4.27280587646126,True,0.7874004436099131,0.18764347966061906,0.9106320738792419,True,0.001953125,0.06151288596447557,0.002441420452669263,58.580078125,-0.8409213423728943,0.41891807317733765,4.268618583679199,0.7873616218566895,63,0.998046875
-0.00195313710719347,511,0.8470437777485633,4.075587883854099,True,0.7982370158230955,0.18281447391636904,0.889059841632843,True,0.0,0.060987298958934844,0.001953140599653125,59.017578125,-0.8485332727432251,0.5021370649337769,4.070854187011719,0.7978301048278809,64,0.998046875
-0.0019531697034835815,511,0.81616907017105,3.7262307613096595,True,0.7715459939551681,0.2091415678485646,1.0197369158267975,True,0.0,0.0648202485172078,0.00195317214820534,58.724609375,-0.8181719779968262,0.4003959894180298,3.727508783340454,0.7715804576873779,65,0.998046875
-0.00634772377088666,509,0.7850695533462029,3.9168458603220033,True,0.7381637852880479,0.20278089602143157,0.9650735259056091,True,0.001953125,0.06836931651923805,0.006347724993247539,58.447265625,-0.7924026250839233,0.3845170736312866,3.9186697006225586,0.7391273975372314,66,0.994140625
-0.00390629842877388,510,0.8211073961912416,3.9063049026564056,True,0.7743278489393346,0.19875964941747953,0.9576559662818909,True,0.0,0.06644314085133374,0.003906298952642828,57.81640625,-0.8256275057792664,0.428617924451828,3.911621332168579,0.7748780250549316,67,0.99609375
-0.0019531960133463144,511,0.8007177210134068,3.9429592353723755,True,0.7534992397414728,0.19315306271455485,0.9399928748607635,True,0.0,0.06402591604273766,0.001953191851498559,58.01171875,-0.8020022511482239,0.34370729327201843,3.9387669563293457,0.752880871295929,68,0.998046875
-0.007324238773435354,509,0.8661505542475955,4.244776810550502,True,0.8153177099284113,0.20682334156299476,0.9801517426967621,True,0.005859375,0.06937504943925887,0.007324240490561351,58.033203125,-0.8713562488555908,0.4906875789165497,4.234199047088623,0.813325822353363,69,0.994140625
6.391201168298721e-08,512,0.7532099038362503,3.8014388978481293,True,0.7076861765235662,0.19892964517130168,0.9785137176513672,True,0.0,0.06453922856599092,-5.98374754190445e-08,57.318359375,-0.7532098889350891,0.28330662846565247,3.8014392852783203,0.707686185836792,70,1.0
-0.0043946183286607265,510,0.8089612259584315,3.640486694784725,True,0.7653649729840896,0.20076574236591116,0.9642766118049622,True,0.001953125,0.07031603215727955,0.004394618357764557,57.009765625,-0.812649667263031,0.35063984990119934,3.6350326538085938,0.7647241950035095,71,0.99609375
-0.006835987791419029,509,0.8348905596377104,3.7567178102279697,True,0.7899023769880793,0.2076941945560975,0.9858252108097076,True,0.00390625,0.07386329851578921,0.006835987442173064,56.73828125,-0.8407749533653259,0.365926593542099,3.753599166870117,0.7889881730079651,72,0.994140625
-0.0029296227730810642,511,0.8661042821617273,4.098361449698879,True,0.8170248072907882,0.19380347141996027,0.9349315166473389,True,0.00390625,0.07775092811789364,0.0029296217253431678,55.81640625,-0.8712010979652405,0.5320795178413391,4.093554973602295,0.8192494511604309,73,0.998046875
-0.0029296877328306437,511,0.814983917892329,3.449509880547421,True,0.7736746806454516,0.2241553435873357,1.087395966053009,True,0.00390625,0.07492919091600925,0.0029296907887328416,56.1328125,-0.8188619613647461,0.3934614956378937,3.4545295238494873,0.7745628952980042,74,0.998046875
-0.005859422963112593,509,0.8469740596173554,4.212807599594175,True,0.7965240501935915,0.20157408697414214,0.9601269364356995,True,0.0,0.07378547650296241,0.005859425727976486,56.1796875,-0.8525306582450867,0.44430530071258545,4.227815628051758,0.7960414886474609,75,0.994140625
-0.002441542223095894,511,0.8216372353923297,4.385750597470427,True,0.7691161552054073,0.1912139074644074,0.9261533915996552,True,0.001953125,0.07083367719314992,0.0024415453081019223,56.064453125,-0.8252049684524536,0.3669976592063904,4.391166687011719,0.7701776027679443,76,0.998046875
-1.0244548320770264e-08,512,0.7690471298992634,3.699585109949112,True,0.7247431501746178,0.19450325676589275,0.9541126787662506,True,0.0,0.07361426029819995,7.945345714688301e-09,55.646484375,-0.7690471410751343,0.3027157783508301,3.6995849609375,0.7247431874275208,77,1.0
-0.0019531752914190292,511,0.8551090771438089,4.083269645556545,True,0.8062103115415853,0.19256161322700793,0.9321009814739227,True,0.0,0.08376482897438109,0.00195317534962669,56.314453125,-0.8570871353149414,0.46711188554763794,4.083859443664551,0.8062281608581543,78,0.998046875
-1.280568540096283e-08,512,0.7892176955938339,3.7388554364442825,True,0.7444434240460396,0.2098859819903737,1.0302481353282928,True,0.0,0.07672686758451164,1.1525116860866547e-08,56.77734375,-0.7892177104949951,0.3058994710445404,3.7388553619384766,0.744443416595459,79,1.0
-0.0024415142834186554,511,0.8109389767488154,4.601948844476688,True,0.7558288501900002,0.1885138806872419,0.9115695357322693,True,0.001953125,0.07516921975184232,0.0024415125662926584,57.876953125,-0.8130382299423218,0.32675668597221375,4.596795558929443,0.755548357963562,80,0.998046875
-0.0019530968274921179,511,0.7858565470710426,4.17980256239262,True,0.7358017711956674,0.19898818034853322,0.9677963554859161,True,0.0,0.06951625889632851,0.0019530963618308306,57.240234375,-0.7883362770080566,0.30204474925994873,4.180643081665039,0.7363182902336121,81,0.998046875
-1.0943040251731873e-07,512,0.7407908886671066,3.35590323805809,True,0.7006026245653629,0.196472568041645,0.9645653665065765,True,0.0,0.0711876192362979,1.1367956176400185e-07,57.7890625,-0.740790843963623,0.3016340732574463,3.355903148651123,0.700602650642395,82,1.0
-0.0004883286310359836,512,0.8145069517195225,3.7414388954639435,True,0.7697017453610897,0.17177385074464838,0.8381623327732086,True,0.001953125,0.07306107529439032,0.000488330377265811,58.083984375,-0.814995288848877,0.44891804456710815,3.741438865661621,0.7697017192840576,83,1.0
-0.008300946094095707,508,0.7539010329509345,3.2862784524602215,True,0.7145465814222502,0.18297057536256034,0.8554621040821075,True,0.001953125,0.07154419214930385,0.00830094498815015,58.556640625,-0.7640247344970703,0.3888700008392334,3.30318021774292,0.7161670923233032,84,0.9921875
-0.003906273748725653,510,0.7969667955940843,3.8142239795011634,True,0.7512899833567002,0.18299964046746028,0.8780755996704102,True,0.0,0.06956492981407791,0.003906274039763957,58.19921875,-0.8005715608596802,0.33201736211776733,3.812732696533203,0.7510063648223877,85,0.99609375
-0.0019532814621925354,511,0.7925109089937229,3.8059970063472672,True,0.7469326113068195,0.1670159580069594,0.8077896535396576,True,0.0,0.07009487168397754,0.00195328367408365,56.833984375,-0.7939411401748657,0.3711317479610443,3.8056254386901855,0.7464141845703125,86,0.998046875
-0.00439453125,510,0.8698138138827156,4.204434572481642,True,0.8194640769678004,0.18888760515110337,0.9069387316703796,True,0.001953125,0.06210645835381001,0.004394535761093721,57.2421875,-0.8732335567474365,0.450009286403656,4.198422431945801,0.818561315536499,87,0.99609375
-8.12578946352005e-08,512,0.8022012934088707,3.956121191382408,True,0.7548252120614052,0.20075659230642487,0.985621988773346,True,0.0,0.07264223275706172,8.285860531032085e-08,56.62109375,-0.8022012710571289,0.343509703874588,3.9561212062835693,0.7548251748085022,88,1.0
-0.002441463293507695,511,0.7499219928002402,3.9493693778192926,True,0.7026267471612082,0.1979992482418311,0.958298534154892,True,0.001953125,0.07796152774244547,0.002441465068841353,55.556640625,-0.7545664310455322,0.3320961892604828,3.95454740524292,0.7047678232192993,89,0.998046875
-0.0024414104409515858,511,0.7998118428568084,4.019783062944207,True,0.7516733602768289,0.18898950443399373,0.9138306379318237,True,0.001953125,0.07563933567143977,0.0024414099170826375,54.90234375,-0.8017687797546387,0.43899109959602356,4.017739772796631,0.7512133717536926,90,0.998046875
8.149072527885437e-08,512,0.7810412868857384,4.150053173303604,True,0.7313427552580833,0.20031877926521702,0.9804762899875641,True,0.0,0.08447202923707664,-8.026836439967155e-08,54.873046875,-0.7810412645339966,0.2897765636444092,4.150053024291992,0.7313427925109863,91,1.0
-5.832407623529434e-08,512,0.8560107462108135,4.546176999807358,True,0.8015684857964516,0.19428739506693093,0.9505104720592499,True,0.0,0.08370484318584204,5.844049155712128e-08,55.046875,-0.8560106754302979,0.43978437781333923,4.546176910400391,0.8015685081481934,92,1.0
-0.001953104860149324,511,0.7910298708600307,4.2632657749078975,True,0.739975604759037,0.17932187252881704,0.8653955161571503,True,0.0,0.0857932191574946,0.0019531082944013178,54.208984375,-0.793801486492157,0.3389928340911865,4.258687496185303,0.740848958492279,93,0.998046875
-9.458744898438454e-08,512,0.7441768031567335,3.722287178039551,True,0.6996009610593319,0.1990317501258687,0.9729842841625214,True,0.0,0.0886958995833993,9.825453162193298e-08,55.66796875,-0.7441767454147339,0.2559281885623932,3.72228741645813,0.6996009349822998,94,1.0
-0.0024414591025561094,511,0.7777218139801474,4.079517122817366,True,0.7288679941293078,0.18703428337612424,0.9024232029914856,True,0.001953125,0.0821637052576989,0.0024414573854301125,55.296875,-0.7798770666122437,0.3609066605567932,4.079073905944824,0.7285871505737305,95,0.998046875
-0.0019531380385160446,511,0.7213970607040913,3.3378779724852676,True,0.6814246816877749,0.1951412176102167,0.9449447095394135,True,0.0,0.08398273354396224,0.0019531390571501106,55.91796875,-0.7232863903045654,0.3450466990470886,3.33634877204895,0.6813791394233704,96,0.998046875
-0.0019530358258634806,511,0.7435178745049553,3.3057271613066903,True,0.7039305011353613,0.18784526671661297,0.9078523814678192,True,0.0,0.08643511903937906,0.0019530345452949405,57.310546875,-0.745537281036377,0.3391023874282837,3.3015708923339844,0.7040465474128723,97,0.998046875
-0.0019531522411853075,511,0.8211914747661807,3.9470265886788267,True,0.7739242876345864,0.2069615404296201,1.0042839646339417,True,0.0,0.0830319314263761,0.0019531509024091065,57.470703125,-0.8233108520507812,0.3385831117630005,3.951148509979248,0.7740411162376404,98,0.998046875
-0.0039062269497662783,510,0.7593953925020553,3.953915063072654,True,0.7120457027472702,0.21116816781723174,1.013967752456665,True,0.0,0.08936786651611328,0.0039062239520717412,57.8984375,-0.7644222974777222,0.3613798916339874,3.953845500946045,0.7131671905517578,99,0.99609375
-0.0039061973802745342,510,0.7907915945146596,4.116084142292246,True,0.7414998655225716,0.1863048345418065,0.8913809359073639,True,0.0,0.08244897273834795,0.0039061984280124307,57.5,-0.7935689687728882,0.3932670056819916,4.108303070068359,0.7404641509056091,100,0.99609375
-0.001953020808286965,511,0.7992928229899321,3.708810438615235,True,0.7548783394688494,0.208623805604293,1.010180801153183,True,0.0,0.0926925913663581,0.0019530156860128045,58.1328125,-0.8013070821762085,0.359440416097641,3.7079062461853027,0.7549502849578857,101,0.998046875
-0.004394527990370989,510,0.689048461820565,3.485017787708956,True,0.647313981663947,0.22017595647193958,1.0586421489715576,True,0.001953125,0.08106002386193722,0.0043945255456492305,58.408203125,-0.6935617923736572,0.26102855801582336,3.4840569496154785,0.6474443674087524,102,0.99609375
-0.0019532751757651567,511,0.8510331582649813,3.5345238976749185,True,0.8087058389256845,0.20632992979226403,1.0016978681087494,True,0.0,0.08074169070459902,0.001953271625097841,57.912109375,-0.8522348403930664,0.5673609375953674,3.5347578525543213,0.8079515695571899,103,0.998046875
1.0058283805847168e-07,512,0.8829489722847939,3.9459508284926414,True,0.8356946520507336,0.1825613163135131,0.8918706476688385,True,0.0,0.08374565304256976,-9.595532901585102e-08,59.25390625,-0.8829489946365356,0.509324848651886,3.945950984954834,0.8356946706771851,104,1.0
-0.006835973355919123,509,0.7538179850063061,3.7895196350712204,True,0.7084369970913722,0.20256615491234697,0.957605242729187,True,0.00390625,0.0841826037503779,0.0068359761498868465,58.08203125,-0.7599368095397949,0.3275586664676666,3.7808306217193604,0.7078239321708679,105,0.994140625
-2.561137080192566e-09,512,0.7698105834424496,3.8909346908330917,True,0.7232151255011559,0.19904524230514653,0.9746263921260834,True,0.0,0.08239911776036024,7.916241884231567e-09,58.57421875,-0.7698105573654175,0.4042377471923828,3.890934944152832,0.7232151627540588,106,1.0
-0.002441388787701726,511,0.7840282833039643,4.228473459904441,True,0.7333906675504843,0.17456282502680553,0.8401749730110168,True,0.001953125,0.0817287580575794,0.0024413923965767026,57.74609375,-0.7875798940658569,0.3247433304786682,4.2274169921875,0.734513521194458,107,0.998046875
-0.01025394443422556,508,0.7890022617625438,3.9064672575222223,True,0.7422207922447387,0.2144754060660489,1.0000565946102142,True,0.009765625,0.0842028782935813,0.010253943270072341,58.5859375,-0.7978262305259705,0.3398610055446625,3.8999252319335938,0.7408691644668579,108,0.9921875
-0.0019532402511686087,511,0.7374859318108007,3.687337783917989,True,0.6933286250687393,0.18798479527176826,0.9106063544750214,True,0.0,0.07820570189505816,0.0019532393489498645,58.591796875,-0.7388045787811279,0.3030150532722473,3.682422637939453,0.6927529573440552,109,0.998046875
-0.0019531091675162315,511,0.7721828799658327,3.4773119172471376,True,0.7305407136853661,0.17700409849785503,0.8541549444198608,True,0.0,0.0843999934149906,0.0019531099242158234,57.357421875,-0.7741255760192871,0.3695843517780304,3.480245590209961,0.7304950952529907,110,0.998046875
-0.0024414644576609135,511,0.7589666717439715,3.9151525576753854,True,0.712081195323668,0.2023338539162069,0.9794591665267944,True,0.001953125,0.08001105673611164,0.002441467651806306,58.2578125,-0.7613073587417603,0.29309189319610596,3.9145755767822266,0.711987316608429,111,0.998046875
-6.239861249923706e-08,512,0.7387470565736294,3.623889237642288,True,0.69534957036376,0.19987445825390754,0.979150265455246,True,0.0,0.08088681777007878,6.420304998755455e-08,56.4609375,-0.7387470602989197,0.28981927037239075,3.623889207839966,0.6953495740890503,112,1.0
-0.00439443439245224,510,0.7784922747051014,3.962565485636394,True,0.7310390014274447,0.19196129273186674,0.9180984199047089,True,0.001953125,0.07894346804823726,0.004394435207359493,55.94140625,-0.7825801372528076,0.37710046768188477,3.9577062129974365,0.7307904958724976,113,0.99609375
-0.0039062323048710823,510,0.7701773164319057,4.022426906286501,True,0.7220071671055813,0.19909432782878866,0.9552744030952454,True,0.0,0.08266427693888545,0.003906233236193657,57.296875,-0.7731505036354065,0.30618181824684143,4.014822959899902,0.7211651802062988,114,0.99609375
-0.0019531978759914637,511,0.7785667350147567,4.294386763395394,True,0.7271397732008693,0.17308486326946876,0.8342088162899017,True,0.0,0.08579804678447545,0.001953197526745498,55.630859375,-0.7800631523132324,0.3240295350551605,4.292261123657227,0.7267085313796997,115,0.998046875
-0.0019531957805156708,511,0.7596807762134798,3.5947064947475424,True,0.7166327434043361,0.20362314315134428,0.986519068479538,True,0.0,0.08732262090779841,0.001953198458068073,56.677734375,-0.7608163356781006,0.3908795714378357,3.589808225631714,0.7158738374710083,116,0.998046875
2.8870999813079834e-08,512,0.6811127178370953,3.194109983742237,True,0.6428619921207428,0.20376989410724491,0.9982511699199677,True,0.0,0.08239374693948776,-2.7299392968416214e-08,55.861328125,-0.6811127066612244,0.21505632996559143,3.1941099166870117,0.6428619623184204,117,1.0
-1.0558869689702988e-07,512,0.8542645871639252,3.4398148581385612,True,0.8130714520812035,0.19624959982756993,0.9619368016719818,True,0.0,0.07724266883451492,1.0596704669296741e-07,55.2265625,-0.8542646169662476,0.4497179388999939,3.439815044403076,0.8130714297294617,118,1.0
-0.00195318809710443,511,0.7805763269590538,3.625775779063454,True,0.7371562286599042,0.15962987685925328,0.7691509127616882,True,0.0,0.0769300734391436,0.0019531905418261886,56.0546875,-0.7828329801559448,0.33361726999282837,3.621551990509033,0.7375103235244751,119,0.998046875
7.083872333168983e-08,512,0.7469120286405087,3.643126130104065,True,0.7032841593027115,0.18121209276723677,0.8836797475814819,True,0.0,0.08952429087366909,-7.136259227991104e-08,56.61328125,-0.7469120025634766,0.3446561396121979,3.6431260108947754,0.7032841444015503,120,1.0
-0.001953215803951025,511,0.8440811031018683,3.874707581245736,True,0.7976799727419349,0.19575341276795372,0.9466294050216675,True,0.0,0.08948635787237436,0.001953213766682893,56.248046875,-0.8469934463500977,0.37832075357437134,3.882655143737793,0.7985440492630005,121,0.998046875
-0.004882849752902985,510,0.8170634568906299,4.174502694373037,True,0.767072159168767,0.23210720667557327,1.1140960156917572,True,0.00390625,0.08810307341627777,0.0048828498111106455,56.642578125,-0.8239375948905945,0.3691778779029846,4.192224979400635,0.7688512206077576,122,0.99609375
-5.029141902923584e-08,512,0.7889240644872189,3.8315652310848236,True,0.7430395651608706,0.19306773829011947,0.9445884525775909,True,0.0,0.083000048995018,4.524190444499254e-08,56.349609375,-0.7889240980148315,0.37329980731010437,3.8315653800964355,0.743039608001709,123,1.0
-1.0355142876505852e-07,512,0.8191945962607861,3.866374969482422,True,0.7728932201862335,0.21542763421020938,1.055601954460144,True,0.0,0.0861428848002106,9.901123121380806e-08,56.45703125,-0.8191945552825928,0.4246266782283783,3.866375207901001,0.7728931903839111,124,1.0
-3.4924596548080444e-10,512,0.8468667045235634,3.9862652868032455,True,0.7991296276450157,0.18879896568105325,0.9211408793926239,True,0.0,0.09141588234342635,-4.423782229423523e-09,57.91796875,-0.8468667268753052,0.5284105539321899,3.986265182495117,0.7991296052932739,125,1.0
-0.0019531389698386192,511,0.7046056596267013,3.4343878639654166,True,0.6634775168041893,0.2055888911272632,0.9951357543468475,True,0.0,0.09217202197760344,0.0019531389698386192,56.86328125,-0.706582248210907,0.38624197244644165,3.432535171508789,0.6635230779647827,126,0.998046875
-0.0024413354694843292,511,0.7986162652474793,4.207015406595518,True,0.7482356138658617,0.2157738209993113,1.0433269739151,True,0.001953125,0.09334167651832104,0.002441342221572995,57.2890625,-0.8024680018424988,0.37210342288017273,4.2085652351379395,0.7496274709701538,127,0.998046875
-0.001953160623088479,511,0.7454973718191548,3.3293877217167744,True,0.7056266372684394,0.18523677469493122,0.8921077251434326,True,0.0,0.09724135498981923,0.0019531617290340364,58.009765625,-0.7479487657546997,0.3495619297027588,3.330872058868408,0.7061070799827576,128,0.998046875
5.7159923017024994e-08,512,0.7900364473462105,3.6001993492245674,True,0.7469226587563753,0.2150614809099352,1.0492581725120544,True,0.0,0.10419806698337197,-5.704350769519806e-08,57.787109375,-0.7900364398956299,0.430341511964798,3.6001992225646973,0.7469226121902466,129,1.0
-0.002441516611725092,511,0.7905310614001728,4.28299701377137,True,0.7392404989253751,0.17617928992985982,0.8434737324714661,True,0.001953125,0.10086060280445963,0.0024415132065769285,57.951171875,-0.7922409772872925,0.4362387955188751,4.2748332023620605,0.7386067509651184,130,0.998046875
-0.0039062174037098885,510,0.8195377109097499,3.8624177834566904,True,0.7732837630253212,0.19205808972765226,0.9143953025341034,True,0.0,0.10545622324571013,0.0039062179275788367,58.54296875,-0.8240315318107605,0.49393200874328613,3.867600202560425,0.7738093137741089,131,0.99609375
6.670597940683365e-08,512,0.7728576734662056,3.8320122212171555,True,0.7269678246229887,0.19290205739816885,0.9384187161922455,True,0.0,0.10436767712235451,-6.979098543524742e-08,57.36328125,-0.772857666015625,0.5160447955131531,3.832012176513672,0.7269678115844727,132,1.0
-0.001953059108927846,511,0.7120445642452652,3.331329834204597,True,0.6721505901818172,0.1941092809676775,0.9352696537971497,True,0.0,0.10204581497237086,0.00195305937086232,57.908203125,-0.7137830853462219,0.24897964298725128,3.334498405456543,0.6718979477882385,133,0.998046875
-0.004394532181322575,510,0.7057293361308528,3.538757447635426,True,0.6633513230903476,0.18238784613640746,0.8656838536262512,True,0.001953125,0.09713079687207937,0.004394535324536264,56.095703125,-0.7099487781524658,0.2763955295085907,3.5412473678588867,0.6631464958190918,134,0.99609375
-0.002441366435959935,511,0.7557348254375494,3.6574367823666085,True,0.7119355679958067,0.19159271571261344,0.9210013449192047,True,0.001953125,0.09902161988429725,0.0024413656792603433,56.7265625,-0.7576872110366821,0.3344992399215698,3.6549196243286133,0.7114766836166382,135,0.998046875
-0.00439461087808013,510,0.7895974229363834,3.1661188695945,True,0.7516818986219518,0.19059713073947934,0.9054408371448517,True,0.001953125,0.10228703310713172,0.004394611576572061,55.95703125,-0.7931995391845703,0.4254000186920166,3.161564826965332,0.7509440183639526,136,0.99609375
1.6402918845415115e-07,512,0.9094880521297455,3.863543964922428,True,0.8632205948233604,0.20737221388699256,1.011145532131195,True,0.0,0.10286546149291098,-1.6570265870541334e-07,55.8125,-0.9094880223274231,0.5947788953781128,3.863543748855591,0.8632205724716187,137,1.0
1.4784745872020721e-08,512,0.737222533673048,3.326929435133934,True,0.6973812449723482,0.19900509274884826,0.9714224934577942,True,0.0,0.09441222669556737,-1.7404090613126755e-08,55.755859375,-0.7372225522994995,0.2677915394306183,3.3269295692443848,0.6973812580108643,138,1.0
-0.0019530666759237647,511,0.7627962967654262,3.6124690731444233,True,0.7195355583077074,0.22004450836539036,1.0641485452651978,True,0.0,0.1052347153890878,0.0019530635327100754,55.21484375,-0.7645770311355591,0.41355016827583313,3.611004114151001,0.7193806767463684,139,0.998046875
-3.236345946788788e-08,512,0.7693281844258308,3.8557739928364754,True,0.7231537774205208,0.2187572236231063,1.0677616596221924,True,0.0,0.10409724526107311,2.9336661100387573e-08,56.93359375,-0.7693281769752502,0.35179147124290466,3.85577392578125,0.7231537103652954,140,1.0
-6.600748747587204e-08,512,0.7148025371134281,3.0594793260097504,True,0.6781640984117985,0.21067326621268878,1.02904212474823,True,0.0,0.09729540697298944,7.083872333168983e-08,55.7734375,-0.7148025631904602,0.2822667956352234,3.0594794750213623,0.6781641244888306,141,1.0
-6.32135197520256e-08,512,0.7686771564185619,3.3534577041864395,True,0.7285181954503059,0.1994597142431303,0.970635175704956,True,0.0,0.1066522317705676,6.740447133779526e-08,56.4140625,-0.7686771154403687,0.3521885275840759,3.353457450866699,0.7285182476043701,142,1.0
-0.004394568037241697,510,0.7822861192273157,3.5399983985751278,True,0.7398932417233786,0.19292510190571194,0.9166606366634369,True,0.001953125,0.1039680945686996,0.004394569667056203,56.759765625,-0.7887320518493652,0.4246257245540619,3.5716209411621094,0.7415659427642822,143,0.99609375
-0.0024414421059191227,511,0.8198770603088482,3.876076970781598,True,0.7734595111438206,0.18295981501432834,0.8761052787303925,True,0.001953125,0.10594636318273842,0.002441441116388887,58.076171875,-0.8234403133392334,0.466435968875885,3.876755714416504,0.7745732069015503,144,0.998046875
-0.0004883452784270048,512,0.7974536120891571,3.731391951441765,True,0.7527687437832355,0.18937665525882041,0.9165128767490387,True,0.001953125,0.11171468393877149,0.0004883455694653094,57.6328125,-0.7979419231414795,0.39260971546173096,3.7313919067382812,0.7527686953544617,145,1.0
-0.0039062597788870335,510,0.7176439334364498,3.629954364253025,True,0.6741738148764067,0.17254285603994504,0.8145416080951691,True,0.0,0.11456548771820962,0.003906260011717677,58.265625,-0.7218109369277954,0.2711789608001709,3.632720947265625,0.6744014024734497,146,0.99609375
1.4551915228366852e-08,512,0.6948656477034092,3.6779643520712852,True,0.6508205868303776,0.20670916683156976,1.0049696862697601,True,0.0,0.11430488573387265,-1.4813849702477455e-08,57.640625,-0.6948656439781189,0.27470287680625916,3.677964210510254,0.6508206129074097,147,1.0
-0.004394516348838806,510,0.7783187461834328,3.4884502121046475,True,0.7365431754028097,0.18426727123005548,0.8716773986816406,True,0.001953125,0.11074557341635227,0.00439451276906766,56.599609375,-0.7835869789123535,0.3803201913833618,3.4891960620880127,0.737407922744751,148,0.99609375
-6.28642737865448e-08,512,0.7100807540118694,3.3211136162281036,True,0.6703091152012348,0.20447599567414726,0.9955292344093323,True,0.0,0.10740174725651741,6.132177077233791e-08,57.375,-0.7100807428359985,0.2750287652015686,3.3211135864257812,0.6703090667724609,149,1.0
2.0954757928848267e-09,512,0.799198042601347,4.083167374134064,True,0.7503005042672157,0.2021015180842369,0.9841016829013824,True,0.0,0.10562356538139284,3.14321368932724e-09,56.53515625,-0.7991980314254761,0.37761908769607544,4.08316707611084,0.7503005266189575,150,1.0
-3.7834979593753815e-08,512,0.7798884101212025,4.0018220990896225,True,0.7319650202989578,0.200583656928211,0.9758983254432678,True,0.0,0.10807911539450288,3.597233444452286e-08,55.205078125,-0.779888391494751,0.3071783185005188,4.001822471618652,0.7319650053977966,151,1.0
3.4226104617118835e-08,512,0.7456863112747669,3.3673061206936836,True,0.7053614892065525,0.19266883135132956,0.9377852976322174,True,0.0,0.10223605995997787,-3.1257513910532e-08,55.982421875,-0.7456862926483154,0.3331954777240753,3.3673062324523926,0.7053614854812622,152,1.0
-7.08969309926033e-08,512,0.7819800637662411,3.829354226589203,True,0.7361220512539148,0.19163959217403317,0.9342660307884216,True,0.0,0.09572632936760783,6.947084330022335e-08,54.93359375,-0.781980037689209,0.4180215001106262,3.8293542861938477,0.7361220121383667,153,1.0
3.94647940993309e-08,512,0.8238054402172565,4.125057622790337,True,0.7744062468409538,0.1896496399480384,0.9243032038211823,True,0.0,0.09578071348369122,-3.655441105365753e-08,54.51953125,-0.8238054513931274,0.39614054560661316,4.125057697296143,0.7744062542915344,154,1.0
-0.0019532195292413235,511,0.7949425970038321,3.442305620869078,True,0.7537196423209577,0.20759490334312433,1.0035003125667572,True,0.0,0.09883248631376773,0.0019532163278199732,54.9609375,-0.796612024307251,0.490999698638916,3.4410042762756348,0.7534514665603638,155,0.998046875
5.098991096019745e-08,512,0.6831554304808378,3.1720361188054085,True,0.6451690476387739,0.17459123032022036,0.8463398516178131,True,0.0,0.10646633012220263,-5.657784640789032e-08,55.54296875,-0.6831554174423218,0.24153131246566772,3.1720361709594727,0.6451690196990967,156,1.0
-2.0721927285194397e-08,512,0.7928726673126221,3.623387649655342,True,0.7494811899960041,0.19334474980423694,0.9396400153636932,True,0.0,0.10833451070357114,2.10711732506752e-08,55.62109375,-0.7928727269172668,0.3482915461063385,3.6233878135681152,0.749481201171875,157,1.0
-0.001953218597918749,511,0.8313766925535557,4.01754587457138,True,0.7832650075686655,0.17960836094134722,0.8596348166465759,True,0.0,0.11456362390890718,0.0019532164151314646,55.619140625,-0.8331026434898376,0.4651671051979065,4.012886047363281,0.7830936908721924,158,0.998046875
-2.5727786123752594e-08,512,0.7042924538254738,3.1684219539165497,True,0.6663493700325489,0.20343527450604598,0.989936351776123,True,0.0,0.10895957984030247,2.5087501853704453e-08,55.158203125,-0.7042924761772156,0.2304585725069046,3.168421983718872,0.6663494110107422,159,1.0
-0.0024415261577814817,511,0.7766723980409058,3.2848174716628455,True,0.7373354065208287,0.18821838453004602,0.8980423212051392,True,0.001953125,0.12336787139065564,0.00244152668165043,55.70703125,-0.7786691188812256,0.4482055604457855,3.284213066101074,0.7368980050086975,160,0.998046875
-0.0024413736537098885,511,0.8652990405573535,3.5212308679308206,True,0.8231309174091613,0.20252026309608484,0.9683833718299866,True,0.001953125,0.12804421759210527,0.0024413778155576438,56.48828125,-0.8674541711807251,0.49107077717781067,3.516249895095825,0.8229042887687683,161,0.998046875
-4.190951585769653e-08,512,0.8128986470401287,3.8737089037895203,True,0.7665094677358866,0.19862935531127734,0.9542300999164581,True,0.0,0.15566580183804035,4.511093720793724e-08,55.939453125,-0.8128986358642578,0.47365692257881165,3.873708963394165,0.7665095329284668,162,1.0
-0.002441335003823042,511,0.745208517679263,3.4267710458975715,True,0.7041716019234779,0.18904761096346193,0.8964006900787354,True,0.001953125,0.1465228341985494,0.0024413310748059303,56.66015625,-0.7484662532806396,0.36795133352279663,3.427366256713867,0.7049808502197266,163,0.998046875
-8.265487849712372e-08,512,0.7037336491048336,3.3025484457612038,True,0.6641843393445015,0.19980854830500905,0.9640849828720093,True,0.0,0.13982941303402185,8.102506399154663e-08,56.6484375,-0.7037336826324463,0.33203789591789246,3.302548408508301,0.6641843318939209,164,1.0
-1.4423858374357224e-07,512,0.7804399095475674,3.253996193408966,True,0.7414720021188259,0.20760091544798343,1.001085340976715,True,0.0,0.14767409802880138,1.4220131561160088e-07,56.41015625,-0.7804399132728577,0.4061371386051178,3.253995895385742,0.7414720058441162,165,1.0
-0.0019531268626451492,511,0.7264842578809556,2.919241915476998,True,0.691525187044461,0.20559479169896805,0.9777780473232269,True,0.0,0.16172097227536142,0.001953133469214663,57.703125,-0.7277840375900269,0.33857616782188416,2.9161715507507324,0.6909086108207703,166,0.998046875
-0.004882944282144308,510,0.768500768437105,3.7560249478209253,True,0.7235209060650246,0.19228384988673497,0.8952660858631134,True,0.00390625,0.1669537869747728,0.0048829432926140726,57.1171875,-0.7726048827171326,0.30604735016822815,3.7462878227233887,0.7228587865829468,167,0.99609375
-0.00244134315289557,511,0.6513372656183933,3.5518623658122377,True,0.6088023185729979,0.2073849979788065,0.985519140958786,True,0.001953125,0.15679649217054248,0.002441345015540719,56.447265625,-0.6536896228790283,0.2872515916824341,3.55340576171875,0.6086947917938232,168,0.998046875
-0.003906248603016138,510,0.7847383777300516,3.833859353906968,True,0.7388264043658388,0.19027373789285776,0.8938737511634827,True,0.0,0.15185475768521428,0.00390624969440978,57.505859375,-0.7883669137954712,0.4244110882282257,3.8356375694274902,0.7385273575782776,169,0.99609375
7.700873538851738e-08,512,0.7306437157094479,3.5786756575107574,True,0.6877876780927181,0.19962020519305954,0.9663061201572418,True,0.0,0.12718112696893513,-7.532071322202682e-08,56.755859375,-0.7306437492370605,0.35126909613609314,3.5786757469177246,0.687787652015686,170,1.0
-0.0019531804136931896,511,0.8134549087507617,4.374686105843859,True,0.7610663319053947,0.20567079211032252,0.9871483445167542,True,0.0,0.12575879273936152,0.001953183498699218,55.7578125,-0.8174540996551514,0.36763104796409607,4.396766662597656,0.7628480195999146,171,0.998046875
-0.001953047700226307,511,0.8264769312220309,3.574498705201419,True,0.7836709193987389,0.19047371782799022,0.9130108654499054,True,0.0,0.11836982902605087,0.0019530532881617546,55.486328125,-0.8284085988998413,0.3874090313911438,3.5723745822906494,0.7836748957633972,172,0.998046875
-0.008300777524709702,508,0.7615028272463581,3.379450088410866,True,0.7210325955405948,0.19389562636642949,0.8990814685821533,True,0.001953125,0.1155710369348526,0.00830078060971573,55.783203125,-0.7690510153770447,0.3967885375022888,3.3730974197387695,0.7203560471534729,173,0.9921875
-0.0004883162910118699,512,0.732194472104311,3.5356202870607376,True,0.6898540407419205,0.1778227614820935,0.8546919524669647,True,0.001953125,0.12792107206769288,0.0004883172805421054,55.703125,-0.7326827645301819,0.34039655327796936,3.5356202125549316,0.6898540258407593,174,1.0
-0.004394516348838806,510,0.7645664762048159,3.617733141955207,True,0.7212426973324196,0.21525177045259625,1.0229882597923279,True,0.001953125,0.1251920808572322,0.004394514253363013,55.35546875,-0.7695567011833191,0.40984252095222473,3.615490198135376,0.721865177154541,175,0.99609375
6.391201168298721e-08,512,0.6748285293579102,3.3088962882757187,True,0.6352032013237476,0.18300119019841077,0.8858713507652283,True,0.0,0.11653965315781534,-6.274785846471786e-08,55.673828125,-0.6748285293579102,0.2717215418815613,3.308896064758301,0.6352031826972961,176,1.0
-0.002441474236547947,511,0.7453074753867669,3.8828960290860284,True,0.6988082922368134,0.20600517530110668,0.9861739277839661,True,0.001953125,0.12657829048112035,0.0024414751678705215,55.205078125,-0.7480998039245605,0.4010574519634247,3.879599094390869,0.6991987228393555,177,0.998046875
-0.0019531422294676304,511,0.7290603272368996,3.4832613043589133,True,0.6873469117103025,0.1869841512903804,0.8914619982242584,True,0.0,0.13477216800674796,0.001953143102582544,55.880859375,-0.7309186458587646,0.28154683113098145,3.484264373779297,0.6872401237487793,178,0.998046875
-3.585591912269592e-08,512,0.7795539554208517,3.68578615039587,True,0.7354152165353298,0.19386052524787376,0.9375318288803101,True,0.0,0.12708254531025887,3.207242116332054e-08,55.23828125,-0.7795539498329163,0.43857714533805847,3.685786247253418,0.7354152202606201,179,1.0
5.76837919652462e-08,512,0.7878571785986423,3.4034682512283325,True,0.747099295258522,0.18092846242943778,0.8719674646854401,True,0.0,0.13070055819116533,-5.8498699218034744e-08,55.306640625,-0.787857174873352,0.4152064919471741,3.403468132019043,0.7470992803573608,180,1.0
-0.002441409742459655,511,0.7725174657985888,3.7535928168175503,True,0.7275667370182194,0.21366812500345989,1.0243551135063171,True,0.001953125,0.12711381097324193,0.0024414115177933127,56.392578125,-0.7759393453598022,0.382253497838974,3.7474074363708496,0.728621244430542,181,0.998046875
-0.001953061786480248,511,0.7489075762185098,3.561253425426446,True,0.7062601666394512,0.1984132255514851,0.9482279121875763,True,0.0,0.13629167806357145,0.001953059050720185,57.125,-0.7503611445426941,0.3148268759250641,3.5579121112823486,0.7058006525039673,182,0.998046875
-4.190951585769653e-08,512,0.8093091063201427,3.5540017038583755,True,0.766748558729887,0.17206353840592783,0.8291505575180054,True,0.0,0.12466767965815961,4.284083843231201e-08,56.978515625,-0.8093091249465942,0.4808522164821625,3.554001569747925,0.7667485475540161,183,1.0
-0.001953291008248925,511,0.8387011924135241,3.6904855511659753,True,0.794506185208748,0.18216349559952505,0.8667439222335815,True,0.0,0.1372283585369587,0.001953293045517057,58.87109375,-0.8400936722755432,0.5462345480918884,3.689633846282959,0.7939557433128357,184,0.998046875
-0.004394598305225372,510,0.7638105013791253,3.230305409898945,True,0.7251263326289606,0.1926744023250649,0.9074745178222656,True,0.001953125,0.1356979941483587,0.004394599120132625,57.265625,-0.7685661911964417,0.349730521440506,3.23339581489563,0.7254505157470703,185,0.99609375
-0.0024414947256445885,511,0.7370413450812173,3.2766257424177256,True,0.6978024688718836,0.21683816474396736,1.032255470752716,True,0.001953125,0.15891146380454302,0.0024414973304374143,58.7265625,-0.7397563457489014,0.32002636790275574,3.2854409217834473,0.6979705095291138,186,0.998046875
-0.0019530544523149729,511,0.7786504267013237,3.2410113867481622,True,0.7398380575348019,0.20320886097906624,0.9675300419330597,True,0.0,0.15499589126557112,0.0019530579447746277,58.51953125,-0.780025064945221,0.39714524149894714,3.2414581775665283,0.7392541766166687,187,0.998046875
-0.001953145954757929,511,0.7193475404130969,3.299309149180373,True,0.6798370155103053,0.23633034126251007,1.1344547271728516,True,0.0,0.14972501969896257,0.0019531446741893888,58.021484375,-0.7210768461227417,0.3945935368537903,3.2983922958374023,0.6796241402626038,188,0.998046875
-0.0004883238580077887,512,0.7518166750669479,3.4101503044366837,True,0.7109787799417973,0.20433426833478735,0.9788223206996918,True,0.001953125,0.1616296567954123,0.0004883212386630476,57.8203125,-0.7523049116134644,0.36875951290130615,3.4101502895355225,0.7109788060188293,189,1.0
-0.004394578747451305,510,0.7251341258778291,3.0667992975197587,True,0.6884079916804445,0.2053860248066485,0.965533584356308,True,0.001953125,0.1576946664135903,0.004394574440084398,56.876953125,-0.7316536903381348,0.3769117593765259,3.0830414295196533,0.6903384923934937,190,0.99609375
-0.004394482355564833,510,0.6559275117574954,3.40993340623145,True,0.6150922307781144,0.201366438169498,0.9470993876457214,True,0.001953125,0.15104166069068015,0.004394477407913655,57.376953125,-0.6612768173217773,0.27271875739097595,3.402881622314453,0.6161314249038696,191,0.99609375
-0.002441339660435915,511,0.7515045945658375,3.7349868226657876,True,0.7067766602491914,0.2022391028571292,0.9644345641136169,True,0.001953125,0.13821708096656948,0.0024413359933532774,56.416015625,-0.7539619207382202,0.29751157760620117,3.734253406524658,0.7068014144897461,192,0.998046875
-3.952300176024437e-08,512,0.7367355078458786,3.3995291441679,True,0.6960248127579689,0.2004988516739104,0.9681515991687775,True,0.0,0.13736982480622828,4.048342816531658e-08,56.23046875,-0.7367355227470398,0.2810189723968506,3.399528980255127,0.6960248351097107,193,1.0
5.296897143125534e-08,512,0.7614020481705666,3.7838820070028305,True,0.716088593006134,0.1925371632212773,0.9270473718643188,True,0.0,0.1425548424012959,-5.337642505764961e-08,55.119140625,-0.7614020705223083,0.4139846861362457,3.7838821411132812,0.716088593006134,194,1.0
-0.00390639016404748,510,0.7969480713208514,3.8204601250442805,True,0.751196560906429,0.19400055130536203,0.9182334542274475,True,0.0,0.12894934555515647,0.003906393132638186,55.6015625,-0.8004903197288513,0.3939739167690277,3.817272901535034,0.7508707046508789,195,0.99609375
-0.0019532772712409496,511,0.7492689477487552,3.904384294368049,True,0.702512407022913,0.18890987875056453,0.89829221367836,True,0.0,0.1459631179459393,0.001953280021552928,54.056640625,-0.7514983415603638,0.29537510871887207,3.9032199382781982,0.7028025388717651,196,0.998046875
-0.0024414630606770515,511,0.7759547672159752,3.5195552864186688,True,0.7338067198686169,0.2035565169615438,0.9692434370517731,True,0.001953125,0.1453273114748299,0.002441463788272813,54.140625,-0.7780543565750122,0.35861343145370483,3.517578601837158,0.7334885597229004,197,0.998046875
-0.004882794804871082,510,0.7014370347939286,3.2367244159474096,True,0.6626759987251432,0.19335022806480995,0.9079006016254425,True,0.00390625,0.13774633291177452,0.00488279084675014,55.283203125,-0.7093988656997681,0.3444332480430603,3.2581045627593994,0.6654990315437317,198,0.99609375
-0.001953138504177332,511,0.7874716219370146,3.7340573406032846,True,0.7427548448866826,0.19697357781988106,0.941490113735199,True,0.0,0.13444826775230467,0.001953141632839106,54.77734375,-0.789447009563446,0.40751856565475464,3.7417960166931152,0.7426844239234924,199,0.998046875
-1.885928213596344e-08,512,0.7600928097963333,4.165731832385063,True,0.7102065440267324,0.2121974870125996,1.023571103811264,True,0.0,0.14966498059220612,1.714215613901615e-08,55.0546875,-0.7600928544998169,0.3527843952178955,4.165731906890869,0.7102065682411194,200,1.0
-0.003906287252902985,510,0.7466836438459507,3.9039813770967373,True,0.6999319193409939,0.20724485266546255,0.971887081861496,True,0.0,0.17922297539189458,0.003906287485733628,55.998046875,-0.7495599389076233,0.4303278625011444,3.899790048599243,0.6989521980285645,201,0.99609375
-0.004394585732370615,510,0.757618635074765,3.045612628787172,True,0.7211462327078276,0.19560312098474242,0.9136791527271271,True,0.001953125,0.16945407423190773,0.004394586605485529,56.115234375,-0.7634319067001343,0.38545241951942444,3.0579941272735596,0.7224166393280029,202,0.99609375
-0.0024414630606770515,511,0.7951636707479471,3.318823769601124,True,0.7554194467641602,0.20303894425160252,0.9561114013195038,True,0.001953125,0.18750395951792598,0.0024414656800217927,56.494140625,-0.7969597578048706,0.4648778438568115,3.3160979747772217,0.7548066973686218,203,0.998046875
-1.280568540096283e-08,512,0.7479185461997986,3.6556247249245644,True,0.7041410058736801,0.1997167308756616,0.9514031410217285,True,0.0,0.18872172641567886,1.6065314412117004e-08,55.984375,-0.7479185461997986,0.37287643551826477,3.6556248664855957,0.7041410207748413,204,1.0
2.9685907065868378e-08,512,0.7704837024211884,3.9538038074970245,True,0.7231353595852852,0.19313244499207943,0.9122334718704224,True,0.0,0.21371561964042485,-3.0617229640483856e-08,56.31640625,-0.7704837322235107,0.4900524914264679,3.953803777694702,0.7231353521347046,205,1.0
-0.004394568502902985,510,0.7311891670320547,3.1513983773250205,True,0.6934499331549102,0.19429840876255183,0.8959516286849976,True,0.001953125,0.21427033911459148,0.004394565999973565,56.86328125,-0.735052227973938,0.3237665295600891,3.150676727294922,0.6929271221160889,206,0.99609375
2.3166649043560028e-08,512,0.742191880941391,3.496245414018631,True,0.7003229688853025,0.21558811067079658,1.0247995853424072,True,0.0,0.21256433497183025,-2.3283064365386963e-08,55.8046875,-0.7421919107437134,0.3773409128189087,3.4962453842163086,0.7003229856491089,207,1.0
-0.002441363176330924,511,0.7378053389883321,3.734874418337051,True,0.693078756099111,0.20273927425732838,0.9442567229270935,True,0.001953125,0.22893133363686502,0.0024413628270849586,55.8671875,-0.7436156868934631,0.40563809871673584,3.743873119354248,0.6963399648666382,208,0.998046875
-0.0019531561993062496,511,0.7020189916084423,3.2739898957851583,True,0.6628116804326349,0.1937495606543962,0.900757908821106,True,0.0,0.23289650678634644,0.001953153347130865,56.783203125,-0.703628659248352,0.33315274119377136,3.2747316360473633,0.6624593138694763,209,0.998046875
-0.0019531724974513054,511,0.7911312062213098,3.262830441245361,True,0.7520575337913871,0.18441696068330204,0.8506783545017242,True,0.0,0.24656237941235304,0.001953170751221478,56.205078125,-0.7922369241714478,0.6169920563697815,3.258042812347412,0.7512674331665039,210,0.998046875
2.1420419216156006e-08,512,0.7546545378863811,3.561409056186676,True,0.7120052464306355,0.20202724726696036,0.9563672840595245,True,0.0,0.2150762053206563,-2.0023435354232788e-08,56.787109375,-0.7546545267105103,0.3208044469356537,3.5614089965820312,0.7120052576065063,211,1.0
2.1187588572502136e-08,512,0.7240832932293415,3.379335545003414,True,0.6836144216358662,0.203957230297965,0.9643890261650085,True,0.0,0.22158896271139383,-2.3195752874016762e-08,58.19921875,-0.7240833044052124,0.3115219175815582,3.379335403442383,0.6836144328117371,212,1.0
1.7462298274040222e-08,512,0.7763090543448925,3.8522494435310364,True,0.7301768474280834,0.19407705359335525,0.9161890745162964,True,0.0,0.21678504021838307,-1.359148882329464e-08,56.669921875,-0.776309072971344,0.43629980087280273,3.8522496223449707,0.7301768064498901,213,1.0
-0.00244143302552402,511,0.757505891024483,3.244380973323217,True,0.7186531779117546,0.1994934583635768,0.935356467962265,True,0.001953125,0.19961461750790477,0.002441433782223612,57.11328125,-0.7602705955505371,0.3913387358188629,3.247178077697754,0.7189428806304932,214,0.998046875
6.868503987789154e-09,512,0.7391039803624153,3.5771335661411285,True,0.6962663941085339,0.18243844246608207,0.8656434118747711,True,0.0,0.1861952687613666,-3.4924596548080444e-09,56.51953125,-0.7391039729118347,0.35702165961265564,3.5771336555480957,0.6962664127349854,215,1.0
8.265487849712372e-09,512,0.7238261736929417,3.6381569504737854,True,0.6802578084170818,0.18396921671519523,0.8704974353313446,True,0.0,0.1973947344813496,-7.246853783726692e-09,56.568359375,-0.7238261699676514,0.2715809643268585,3.6381568908691406,0.6802577972412109,216,1.0
-8.236384019255638e-09,512,0.7572621833533049,3.2772651314735413,True,0.7180156521499157,0.19967741339351053,0.9543336629867554,True,0.0,0.1762134360615164,8.789356797933578e-09,56.318359375,-0.7572622299194336,0.36994269490242004,3.2772650718688965,0.7180156707763672,217,1.0
-1.157168298959732e-07,512,0.6697963140904903,3.352402813732624,True,0.6296499818563461,0.22334608894598207,1.0721237659454346,True,0.0,0.17842442472465336,1.1437805369496346e-07,55.306640625,-0.669796347618103,0.294800728559494,3.352402925491333,0.6296499967575073,218,1.0
-0.006835983134806156,509,0.7784176479388315,3.8177983058224956,True,0.7326980193377945,0.1945996476250002,0.898152232170105,True,0.00390625,0.16266449238173664,0.00683597638271749,55.41796875,-0.7864189147949219,0.40049707889556885,3.8357365131378174,0.7336484789848328,219,0.994140625
6.542541086673737e-08,512,0.7633288688957691,3.442648008465767,True,0.7221017964184284,0.21005456456914545,1.0079293549060822,True,0.0,0.16937519307248294,-6.624031811952591e-08,55.94921875,-0.7633288502693176,0.3609524071216583,3.442647933959961,0.7221018075942993,220,1.0
-0.00439445860683918,510,0.6753299075014451,3.122157648497937,True,0.6379408448350197,0.2000600804865826,0.9381219148635864,True,0.001953125,0.16082477034069598,0.0043944589560851455,56.51171875,-0.6791156530380249,0.33646970987319946,3.1224355697631836,0.6373287439346313,221,0.99609375
-6.752088665962219e-09,512,0.7403773814439774,3.268992230296135,True,0.7012299187481403,0.18167650503019106,0.8693425059318542,True,0.0,0.15615994040854275,6.6356733441352844e-09,55.2734375,-0.7403774261474609,0.3617974519729614,3.2689924240112305,0.7012299299240112,222,1.0
-0.0019530312856659293,511,0.7431684856078863,3.9611936823962486,True,0.6957316271479582,0.20422250108385925,0.9734765291213989,True,0.0,0.1514832575339824,0.001953032100573182,55.083984375,-0.7447936534881592,0.3895197808742523,3.959392547607422,0.695425271987915,223,0.998046875
5.51808625459671e-08,512,0.6992262303829193,3.7525638788938522,True,0.6542878150939941,0.19579031379253137,0.9392421841621399,True,0.0,0.15883860876783729,-5.358015187084675e-08,54.94921875,-0.6992262601852417,0.35247519612312317,3.752563953399658,0.6542878150939941,224,1.0
1.2922100722789764e-08,512,0.707662008702755,3.2043715342879295,True,0.6692884117364883,0.2007054435351165,0.9630983471870422,True,0.0,0.1617156509310007,-8.614733815193176e-09,54.779296875,-0.7076619863510132,0.3344494104385376,3.204371452331543,0.6692883968353271,225,1.0
-1.3434328138828278e-07,512,0.7122279331088066,3.1391775608062744,True,0.6746350526809692,0.21557853670965416,1.035156011581421,True,0.0,0.1709439696278423,1.3579847291111946e-07,55.939453125,-0.7122279405593872,0.3391745388507843,3.1391775608062744,0.6746350526809692,226,1.0
-0.0019530968274921179,511,0.6887666744028752,3.836029850573455,True,0.6428287210063224,0.21429780363105239,1.0189948081970215,True,0.0,0.1709149933885783,0.0019530922872945666,56.373046875,-0.6906713843345642,0.3355158865451813,3.831594705581665,0.642833411693573,227,0.998046875
8.306233212351799e-08,512,0.7918671332299709,3.237564779818058,True,0.7530960291624069,0.1970864037924912,0.9408819377422333,True,0.0,0.17820198484696448,-8.312053978443146e-08,55.982421875,-0.7918671369552612,0.45304420590400696,3.2375645637512207,0.7530959844589233,228,1.0
-0.0024414747022092342,511,0.7124174771476864,3.2524656894855535,True,0.6734679358812695,0.2167976605851436,1.0275182127952576,True,0.001953125,0.17705082590691745,0.0024414765648543835,56.6015625,-0.7164188027381897,0.3360816538333893,3.2527916431427,0.6750239133834839,229,0.998046875
6.146728992462158e-08,512,0.9539774097502232,3.8348963856697083,True,0.9080530069768429,0.18368117103236728,0.874172180891037,True,0.0,0.1769360068719834,-6.56291376799345e-08,55.84375,-0.9539773464202881,1.5047962665557861,3.8348963260650635,0.9080529808998108,230,1.0
-0.003906230442225933,510,0.7808969600527895,3.672236966151816,True,0.7369204911531186,0.19132176548591817,0.8903860747814178,True,0.0,0.18676634225994349,0.0039062333235051483,55.29296875,-0.7841800451278687,0.38145267963409424,3.6645090579986572,0.7363898754119873,231,0.99609375
-1.1408701539039612e-08,512,0.7511662840843201,3.610755279660225,True,0.7079260610044003,0.18864114953612443,0.8965185284614563,True,0.0,0.18674864014610648,1.1728843674063683e-08,56.029296875,-0.7511662244796753,0.4108962416648865,3.610755205154419,0.7079260349273682,232,1.0
9.546056389808655e-09,512,0.7245904095470905,2.946110874414444,True,0.6893095895648003,0.19828230166167488,0.946514219045639,True,0.0,0.17958938307128847,-1.146690919995308e-08,55.453125,-0.7245904207229614,0.26325884461402893,2.946110963821411,0.6893095970153809,233,1.0
2.6659108698368073e-08,512,0.7880142740905285,3.495683006942272,True,0.7461521066725254,0.20835935990908183,0.9950290620326996,True,0.0,0.1870714807882905,-2.6775524020195007e-08,55.189453125,-0.78801429271698,0.40540987253189087,3.495682954788208,0.7461521029472351,234,1.0
-3.4924596548080444e-09,512,0.7264068126678467,3.5658493041992188,True,0.683704374358058,0.19578967872366776,0.9339759349822998,True,0.0,0.17988987849093974,-2.2846506908535957e-09,55.439453125,-0.7264068126678467,0.3193961977958679,3.5658493041992188,0.6837043762207031,235,1.0
-0.002441371325403452,511,0.7288799570497932,3.524682612335145,True,0.6866704948727631,0.20010140889207834,0.9413147568702698,True,0.001953125,0.18794168066233397,0.0024413732899120077,56.509765625,-0.7310655117034912,0.33812806010246277,3.5219717025756836,0.6864471435546875,236,0.998046875
-4.17931005358696e-08,512,0.7117929086089134,3.7936578914523125,True,0.6663623787462711,0.2047149062360404,0.9758931696414948,True,0.0,0.1907245717011392,4.359753802418709e-08,55.216796875,-0.7117929458618164,0.30940166115760803,3.7936577796936035,0.6663624048233032,237,1.0
-0.006347598508000374,509,0.6413251844276847,3.0821507553220497,True,0.6044152099163453,0.21437749041069765,0.9930816292762756,True,0.001953125,0.18827132135629654,0.0063475980423390865,55.7421875,-0.6496140956878662,0.26512953639030457,3.09544038772583,0.6061973571777344,238,0.994140625
-0.0024413231294602156,511,0.6513550904399027,2.9825273381287336,True,0.6156381599590502,0.18759053238027265,0.8746793270111084,True,0.001953125,0.20426682429388165,0.0024413257488049567,56.29296875,-0.6541539430618286,0.2851302921772003,2.990877628326416,0.6158956289291382,239,0.998046875
-0.0004882519715465605,512,0.6892115958034992,3.3620207384228706,True,0.6489500645548105,0.1992237380007282,0.94188192486763,True,0.001953125,0.2071819535922259,0.0004882552311755717,56.75,-0.6896998882293701,0.2950558364391327,3.362020969390869,0.6489500999450684,240,1.0
-0.0029296372085809708,511,0.7254290494433587,3.2985080492239875,True,0.6859281106237795,0.20034200511290692,0.9372371733188629,True,0.00390625,0.19929871545173228,0.0029296346474438906,56.375,-0.7284268140792847,0.3567812740802765,3.30126953125,0.6859631538391113,241,0.998046875
-1.2048985809087753e-08,512,0.6789669077843428,3.5588913559913635,True,0.6363477930426598,0.1834868335543433,0.8627014756202698,True,0.0,0.21893044793978333,1.5832483768463135e-08,55.787109375,-0.6789668798446655,0.29852908849716187,3.5588912963867188,0.636347770690918,242,1.0
-0.0024414248764514923,511,0.7397250500443864,3.28639498148879,True,0.7003691814650294,0.21487832996936052,1.0043970942497253,True,0.001953125,0.2311496885959059,0.0024414266808889806,56.201171875,-0.7416458129882812,0.3835514187812805,3.284851551055908,0.6998670101165771,243,0.998046875
5.948822945356369e-08,512,0.8194522969424725,3.673237882554531,True,0.775463804602623,0.19393918370769825,0.9168213605880737,True,0.0,0.21149937203153968,-5.7101715356111526e-08,56.15625,-0.8194522857666016,0.47695836424827576,3.6732378005981445,0.7754638195037842,244,1.0
-7.101334631443024e-08,512,0.7529465109109879,3.3039244189858437,True,0.7133807260543108,0.19533474717754873,0.925868570804596,True,0.0,0.2032191432081163,7.569906301796436e-08,55.28515625,-0.7529464960098267,0.41937270760536194,3.303924560546875,0.7133806943893433,245,1.0
-0.0019530439749360085,511,0.6839041354138323,3.434459508981723,True,0.6427751358474536,0.18497061615926214,0.8566248416900635,True,0.0,0.2338521140627563,0.0019530421704985201,56.302734375,-0.6876468658447266,0.2791062593460083,3.452244758605957,0.6443517804145813,246,0.998046875
6.705522537231445e-08,512,0.752259187400341,2.9965779036283493,True,0.7163739986717701,0.2049213674326893,0.9674587845802307,True,0.0,0.22859352361410856,-6.58910721540451e-08,55.638671875,-0.7522591948509216,0.3692902624607086,2.9965779781341553,0.7163739800453186,247,1.0
-0.0019531697034835815,511,0.6761677511284262,3.0393579477433352,True,0.639770235450767,0.1847465468919836,0.8610460758209229,True,0.0,0.21168323513120413,0.001953169732587412,55.52734375,-0.6783004999160767,0.30415311455726624,3.040318489074707,0.6399383544921875,248,0.998046875
-0.004394608549773693,510,0.761227300821566,3.5469928704056084,True,0.7187506575210422,0.1973079592717113,0.9104283154010773,True,0.001953125,0.2165537050459534,0.004394610848976299,55.509765625,-0.7648306488990784,0.3996852934360504,3.5403666496276855,0.71803879737854,249,0.99609375
7.438939064741135e-08,512,0.7081141620874405,3.2481490820646286,True,0.6692162901163101,0.1825276582298102,0.8584741950035095,True,0.0,0.21665792749263346,-7.727066986262798e-08,55.330078125,-0.7081141471862793,0.312175989151001,3.2481491565704346,0.6692163348197937,250,1.0
-9.080395102500916e-09,512,0.7670901417732239,3.7754614874720573,True,0.721877533942461,0.19538819543959107,0.922003984451294,True,0.0,0.21974781388416886,7.683411240577698e-09,55.185546875,-0.7670901417732239,0.4154587388038635,3.775461196899414,0.7218775749206543,251,1.0
-6.484333425760269e-08,512,0.8470792062580585,4.1749187707901,True,0.797082919627428,0.19608973005379088,0.9234820604324341,True,0.0,0.22786507429555058,6.405753083527088e-08,55.443359375,-0.8470791578292847,0.46842077374458313,4.1749186515808105,0.7970829010009766,252,1.0
-0.004394439980387688,510,0.7209978526713802,3.52261414714888,True,0.6788131767628239,0.20080391462252012,0.9235565066337585,True,0.001953125,0.23396346950903535,0.0043944395147264,54.853515625,-0.726069450378418,0.3483462929725647,3.5265088081359863,0.6794435381889343,253,0.99609375
-1.8742866814136505e-08,512,0.6645251400768757,3.0916644409298897,True,0.6275012455880642,0.22030951345514044,1.0400142073631287,True,0.0,0.2461331239901483,1.5541445463895798e-08,55.439453125,-0.6645251512527466,0.29826074838638306,3.0916643142700195,0.6275012493133545,254,1.0
-8.870847523212433e-08,512,0.7454022169113159,3.7239108085632324,True,0.7008069213479757,0.19200854024675212,0.8942044079303741,True,0.0,0.26335144927725196,8.60018189996481e-08,55.46875,-0.7454022169113159,0.3639022707939148,3.7239108085632324,0.7008068561553955,255,1.0
-0.0024413594510406256,511,0.7017156447916348,3.6984957346944185,True,0.6574246984871865,0.19416426012758164,0.8849357962608337,True,0.001953125,0.2947147758677602,0.0024413616920355707,56.15234375,-0.7041888236999512,0.2975166141986847,3.7058262825012207,0.6573687195777893,256,0.998046875
1.394655555486679e-07,512,0.7739307396113873,3.1959415450692177,True,0.7356580849736929,0.20483690722176107,0.9473265707492828,True,0.0,0.3074346478097141,-1.3956741895526648e-07,56.34765625,-0.7739307880401611,0.4203614592552185,3.19594144821167,0.7356581091880798,257,1.0
-0.0024415471125394106,511,0.8035142575691357,3.795009484263082,True,0.758067541742978,0.2265425671124831,1.0399296581745148,True,0.001953125,0.3223017109557986,0.002441549499053508,57.359375,-0.8053614497184753,0.4867003560066223,3.7998831272125244,0.7574148774147034,258,0.998046875
-3.7136487662792206e-08,512,0.7164794094860554,3.391053222119808,True,0.675870206207037,0.19740392903913745,0.9049848318099976,True,0.0,0.3281384985893965,3.748573362827301e-08,57.001953125,-0.7164794206619263,0.40317150950431824,3.3910531997680664,0.6758701801300049,259,1.0
-0.00048824166879057884,512,0.7012792155146599,3.7667393311858177,True,0.656171016395092,0.18016749229282142,0.8121337592601776,True,0.001953125,0.3450499279424548,0.0004882437933702022,58.078125,-0.7017674446105957,0.2850262522697449,3.7667391300201416,0.6561710834503174,260,1.0
-3.073364496231079e-08,512,0.6362314578145742,2.965016394853592,True,0.6007242277264595,0.2093882290297188,0.9693830013275146,True,0.0,0.31023201160132885,2.782326191663742e-08,57.38671875,-0.6362314224243164,0.27802133560180664,2.9650163650512695,0.6007242202758789,261,1.0
-0.0019531657453626394,511,0.6955992205035664,3.1283110209873746,True,0.6581364625120816,0.2072905012901174,0.9565138816833496,True,0.0,0.28069113241508603,0.001953168131876737,57.14453125,-0.6972784996032715,0.3582236170768738,3.1233971118927,0.6579214930534363,262,0.998046875
-0.005859293509274721,509,0.6885034418527644,3.404286954632442,True,0.6477357653831453,0.22840886175981723,1.0444724559783936,True,0.0,0.27310158777981997,0.0058592912391759455,56.84375,-0.6983759999275208,0.31191888451576233,3.462594509124756,0.6510506868362427,263,0.994140625
8.149072527885437e-10,512,0.7125088945031166,3.6935605853796005,True,0.6682770531624556,0.19114280837238767,0.8890325427055359,True,0.0,0.2667260505259037,-2.852175384759903e-09,56.685546875,-0.7125089168548584,0.3182205855846405,3.6935606002807617,0.6682770848274231,264,1.0
-0.00048824911937117577,512,0.7847798876464367,3.5963296964764595,True,0.741712424904108,0.1866580219939351,0.8684444427490234,True,0.001953125,0.249617672059685,0.0004882495559286326,57.197265625,-0.7852681875228882,0.4247118830680847,3.596329689025879,0.7417124509811401,265,1.0
-3.5564880818128586e-08,512,0.818555299192667,3.5100113674998283,True,0.7765215411782265,0.18808049217914233,0.8761998414993286,True,0.0,0.25680984696373343,3.1315721571445465e-08,55.703125,-0.8185552358627319,0.9377620816230774,3.5100111961364746,0.7765215635299683,266,1.0
-0.004394507966935635,510,0.6917402043062099,3.66997495913038,True,0.6477908188221501,0.20212181152310224,0.9327564537525177,True,0.001953125,0.22352028591558337,0.00439450639532879,55.361328125,-0.6959339380264282,0.299718976020813,3.6705639362335205,0.6475830078125,267,0.99609375
-2.3283064365386963e-10,512,0.6336191538721323,3.0758207514882088,True,0.5967849902808666,0.1994371458917158,0.9376726746559143,True,0.0,0.23805216094478965,2.735760062932968e-09,55.853515625,-0.6336191296577454,0.2804144322872162,3.0758209228515625,0.5967849493026733,268,1.0
-0.0024413818027824163,511,0.6678803899050225,2.760723147606896,True,0.6348196490870064,0.20000333570351359,0.9244349598884583,True,0.001953125,0.25349920033477247,0.0024413836072199047,55.142578125,-0.6700584888458252,0.2803771495819092,2.7649621963500977,0.634505569934845,269,0.998046875
-0.0048828525468707085,510,0.6839347752870297,3.190287348803352,True,0.6457298295170653,0.20875233957194722,0.9535234570503235,True,0.00390625,0.26329588890075684,0.0048828533035703,54.857421875,-0.6881023645401001,0.37544167041778564,3.1863512992858887,0.645061731338501,270,0.99609375
-0.0024414865765720606,511,0.7277295650101454,3.551507315290417,True,0.6851988636584195,0.210150747364969,0.9582631587982178,True,0.001953125,0.3211326019372791,0.0024414852960035205,56.12890625,-0.7294672131538391,0.38300302624702454,3.54535174369812,0.6845687627792358,271,0.998046875
-0.0019531964790076017,511,0.7036229891086511,3.140232991332411,True,0.6660174998051966,0.17969342152937318,0.8089160621166229,True,0.0,0.31914017861709,0.0019531998259481043,55.3671875,-0.7069320678710938,0.37175601720809937,3.151261329650879,0.6672413349151611,272,0.998046875
4.889443516731262e-09,512,0.737173106521368,3.4588101655244827,True,0.6957524716854095,0.23111138264648617,1.0706638395786285,True,0.0,0.33957225875929,1.4842953532934189e-09,55.646484375,-0.7371730804443359,0.3782435357570648,3.458810329437256,0.6957525014877319,273,1.0
-2.3981556296348572e-08,512,0.6833584140986204,3.2191921174526215,True,0.6448073387145996,0.21730277583119462,0.9892370998859406,True,0.0,0.38910667737945914,2.153683453798294e-08,56.28515625,-0.6833584308624268,0.4338497817516327,3.2191920280456543,0.6448073387145996,274,1.0
-0.004394513554871082,510,0.691435889636769,3.7115261498619527,True,0.6469889035411909,0.22496575546683745,1.0058872997760773,True,0.001953125,0.38787560909986496,0.00439451466081664,57.15625,-0.696230411529541,0.3093718886375427,3.7044951915740967,0.6474730372428894,275,0.99609375
-1.1525116860866547e-08,512,0.7074214108288288,2.98804472386837,True,0.6716384179890156,0.1937511821917724,0.8817349970340729,True,0.0,0.3480834001675248,1.2398231774568558e-08,56.5625,-0.7074214220046997,0.40363457798957825,2.9880447387695312,0.6716384291648865,276,1.0
-0.0004882479552179575,512,0.6724206265062094,3.27743598818779,True,0.6331720445305109,0.18730418650084174,0.8482014536857605,True,0.001953125,0.34351291973143816,0.0004882493813056499,57.595703125,-0.6729089021682739,0.324782133102417,3.2774362564086914,0.6331720352172852,277,1.0
-4.71482053399086e-09,512,0.7197192870080471,3.2650636211037636,True,0.6806188598275185,0.1912896404566709,0.8758882284164429,True,0.0,0.32223982480354607,3.14321368932724e-09,56.693359375,-0.7197192907333374,0.2941175103187561,3.265063762664795,0.6806188821792603,278,1.0
-2.6309862732887268e-08,512,0.6792331282049417,3.435671344399452,True,0.6380896158516407,0.2022414720413508,0.937381237745285,True,0.0,0.2953039947897196,2.4389009922742844e-08,58.330078125,-0.6792330741882324,0.28117242455482483,3.435671329498291,0.638089656829834,279,1.0
-0.004394506569951773,510,0.7332536704400007,3.6325169591342705,True,0.6897528550204108,0.2132823052990716,0.9727143347263336,True,0.001953125,0.28689868561923504,0.00439450383419171,57.56640625,-0.7375025749206543,0.3380616009235382,3.627347707748413,0.689669132232666,280,0.99609375
-0.00732427230104804,509,0.7512780104732698,3.7033724147819114,True,0.7069286548318469,0.22527604612405414,1.026209831237793,True,0.005859375,0.2541961711831391,0.007324271107790992,57.970703125,-0.7599014639854431,0.42749881744384766,3.7079617977142334,0.7081729173660278,281,0.994140625
-0.0019530972931534052,511,0.7259867505084744,3.3605201328337304,True,0.6857432212148393,0.22642506247502753,1.062570869922638,True,0.0,0.2391557777300477,0.001953099388629198,58.2421875,-0.7274183034896851,0.35326874256134033,3.3569588661193848,0.6852642297744751,282,0.998046875
-0.0024414979852735996,511,0.7407472411247147,3.031124038472334,True,0.7044483478055308,0.2042105119675398,0.9531165361404419,True,0.001953125,0.22291412763297558,0.0024414980434812605,57.140625,-0.7427146434783936,0.4444506764411926,3.0323562622070312,0.703959584236145,283,0.998046875
-8.614733815193176e-09,512,0.7332893125712872,3.5546568110585213,True,0.6907209046185017,0.20896546773728916,0.9865944981575012,True,0.0,0.23293110425584018,1.2747477740049362e-08,57.1796875,-0.7332893013954163,0.30936145782470703,3.554656744003296,0.6907209157943726,284,1.0
-0.0024413408245891333,511,0.6815317448104665,3.2226852423524206,True,0.6429388261821173,0.20574938950885552,0.9589902460575104,True,0.001953125,0.23019998148083687,0.002441341057419777,57.4609375,-0.6836330890655518,0.3304171562194824,3.2238335609436035,0.642585039138794,285,0.998046875
-4.959292709827423e-08,512,0.7090991586446762,2.625283621251583,True,0.6776603534817696,0.19923507630592213,0.9418160319328308,True,0.0,0.21743643307127059,4.810863174498081e-08,57.13671875,-0.7090991735458374,0.28392645716667175,2.6252834796905518,0.677660346031189,286,1.0
-0.003906315192580223,510,0.6698140300956428,3.272179490444706,True,0.6306283918081546,0.2201744899299229,1.0213996767997742,True,0.0,0.23976479843258858,0.003906314523192123,57.1953125,-0.6733768582344055,0.31951451301574707,3.269089460372925,0.6303219795227051,287,0.99609375
-0.0019531352445483208,511,0.7272530200430092,3.472001101872692,True,0.685674452851663,0.2014576964866137,0.9344750642776489,True,0.0,0.252190955914557,0.0019531355937942863,56.263671875,-0.728807270526886,0.38165590167045593,3.4761853218078613,0.6852254867553711,288,0.998046875
-0.0068359170109033585,509,0.7585339662134062,3.1345714773316744,True,0.7209962461224237,0.222618334525032,1.0152071416378021,True,0.00390625,0.25481976894661784,0.0068359176511876285,56.1015625,-0.7671185731887817,0.4161921739578247,3.146143674850464,0.7226063013076782,289,0.994140625
-2.8405338525772095e-08,512,0.7647815030068159,3.3772826939821243,True,0.7243372108787298,0.19061053328914568,0.8849984407424927,True,0.0,0.2722164187580347,2.3981556296348572e-08,56.40625,-0.7647814750671387,0.3725986182689667,3.3772826194763184,0.7243372201919556,290,1.0
-1.816079020500183e-08,512,0.7854819446802139,3.779733806848526,True,0.7402181476354599,0.20091586406051648,0.9330158531665802,True,0.0,0.2862535258755088,1.6938429325819016e-08,56.115234375,-0.7854819297790527,0.4369848370552063,3.779733657836914,0.7402181625366211,291,1.0
-0.002441425807774067,511,0.6235284902111657,3.0561841747298866,True,0.5869294915880474,0.19705758816271557,0.8889601826667786,True,0.001953125,0.3364825500175357,0.002441423843265511,56.216796875,-0.6278342604637146,0.28557291626930237,3.075308322906494,0.5885648727416992,292,0.998046875
-0.002441276330500841,511,0.7258541876789173,3.8252958878145753,True,0.6800447819050978,0.20856283576868012,0.9423123598098755,True,0.001953125,0.3531817691400647,0.00244127499172464,56.056640625,-0.7282847166061401,0.32757967710494995,3.835573673248291,0.6799108386039734,293,0.998046875
-0.001953116268850863,511,0.7261852968462293,2.908876973822159,True,0.6913503561234521,0.20145042763906532,0.9134084284305573,True,0.0,0.33631248073652387,0.0019531177240423858,57.234375,-0.7275967001914978,0.33876901865005493,2.9057540893554688,0.6908460259437561,294,0.998046875
3.725290298461914e-08,512,0.7177918814122677,3.5702089220285416,True,0.6750372499227524,0.19298570585087874,0.8725455701351166,True,0.0,0.36953261122107506,-3.905734047293663e-08,56.154296875,-0.7177919149398804,0.38998880982398987,3.57020902633667,0.6750372648239136,295,1.0
-0.0019529976416379213,511,0.6722469046391152,3.1941961773221035,True,0.6339951596148092,0.19150085802539252,0.8553507924079895,True,0.0,0.36955408612266183,0.0019529950222931802,56.76953125,-0.6735221147537231,0.27852997183799744,3.190678358078003,0.633359432220459,296,0.998046875
7.799826562404633e-09,512,0.7461689151823521,3.768421821296215,True,0.7010405696928501,0.22238002355152275,1.0030905902385712,True,0.0,0.43523823004215956,-6.28642737865448e-09,56.69921875,-0.7461689114570618,0.3858122229576111,3.7684216499328613,0.7010406255722046,297,1.0
9.96515154838562e-08,512,0.7942018546164036,3.3807461708784103,True,0.7537160739302635,0.2135763591795694,0.9561388194561005,True,0.0,0.44697390543296933,-1.0040821507573128e-07,57.666015625,-0.7942018508911133,0.4307008683681488,3.3807461261749268,0.7537161111831665,298,1.0
3.457535058259964e-08,512,0.6489614676684141,2.7678838297724724,True,0.6158149652183056,0.22449719233554788,1.0102897882461548,True,0.0,0.448785332031548,-3.236345946788788e-08,56.814453125,-0.6489614844322205,0.38919270038604736,2.767883777618408,0.6158149838447571,299,1.0
7.951166480779648e-08,512,0.7279168386012316,2.9401073679327965,True,0.6927078887820244,0.2228197790303966,1.0039493143558502,True,0.0,0.4405999407172203,-8.114147931337357e-08,56.486328125,-0.7279168367385864,0.5008310675621033,2.940107583999634,0.692707896232605,300,1.0
1.6763806343078613e-08,512,0.7011401690542698,3.1523490250110626,True,0.6633895486593246,0.2126743689470459,0.9365021288394928,True,0.0,0.5074791912920773,-1.6705598682165146e-08,57.90625,-0.7011401653289795,0.3941388428211212,3.1523489952087402,0.6633895635604858,301,1.0
7.450580596923828e-09,512,0.6429515369236469,2.71448615193367,True,0.6104445084929466,0.23210309377172963,1.0387080311775208,True,0.0,0.4872298901900649,-7.508788257837296e-09,57.86328125,-0.6429515480995178,0.29114723205566406,2.7144861221313477,0.6104444861412048,302,1.0
-0.0019530939171090722,511,0.7227588905980208,3.572848947314134,True,0.679972629957703,0.2203588854696136,0.9810747504234314,True,0.0,0.44381686486303806,0.0019530917634256184,57.9375,-0.724492609500885,0.3563319444656372,3.5720720291137695,0.679762601852417,303,0.998046875
-9.068753570318222e-08,512,0.7183604687452316,3.660699501633644,True,0.6745221503078938,0.21990264336927795,0.9978519976139069,True,0.0,0.4066430777311325,8.978531695902348e-08,57.361328125,-0.718360424041748,0.389323353767395,3.6606993675231934,0.6745221614837646,304,1.0
-0.0024414611980319023,511,0.6977147296683429,3.762484646590022,True,0.6526575177149763,0.2178015432378743,0.9859595000743866,True,0.001953125,0.36336362874135375,0.002441461372654885,56.84375,-0.7001240253448486,0.3321593105792999,3.760397434234619,0.6526503562927246,305,0.998046875
7.078051567077637e-08,512,0.6961089819669724,3.1658805310726166,True,0.6581963207572699,0.20807682636368555,0.9591681063175201,True,0.0,0.3248655190691352,-7.112976163625717e-08,56.916015625,-0.6961089372634888,0.324007511138916,3.1658804416656494,0.6581963300704956,306,1.0
-2.9569491744041443e-08,512,0.7436954509466887,3.2629827931523323,True,0.7046199515461922,0.23582052979909351,1.09910649061203,True,0.0,0.3199840523302555,2.8725480660796165e-08,56.931640625,-0.7436954379081726,0.48723748326301575,3.2629826068878174,0.7046199440956116,307,1.0
-1.1082738637924194e-07,512,0.6588004305958748,2.9210772961378098,True,0.623819388449192,0.2249977001512889,1.0446020066738129,True,0.0,0.32154368376359344,1.1437805369496346e-07,56.96875,-0.658800482749939,0.27089187502861023,2.921077251434326,0.6238193511962891,308,1.0
-0.002441525924950838,511,0.7406334817526159,3.566335920718318,True,0.6979251999677745,0.20105131662858183,0.9229868054389954,True,0.001953125,0.2802486524451524,0.0024415225198026747,57.0703125,-0.7422834634780884,0.49345165491104126,3.5624237060546875,0.6971806883811951,309,0.998046875
-0.0024414677172899246,511,0.7357170752116612,3.5519612889933727,True,0.6931809503038334,0.22131784132798205,1.0216504037380219,True,0.001953125,0.2909259218722582,0.00244146422483027,57.279296875,-0.7385004162788391,0.34417295455932617,3.552272081375122,0.693519115447998,310,0.998046875
-3.271270543336868e-08,512,0.691254410892725,3.2698036953806877,True,0.6520972400903702,0.21626345769909677,1.0103121995925903,True,0.0,0.2840198241174221,2.6368070393800735e-08,56.033203125,-0.6912544369697571,0.3622700870037079,3.269803762435913,0.652097225189209,311,1.0
-3.119930624961853e-08,512,0.6396028026938438,3.007544845342636,True,0.6035862732678652,0.20668124037620145,0.9656361639499664,True,0.0,0.2710795742459595,2.8667272999882698e-08,55.953125,-0.639602780342102,0.2970654368400574,3.007544755935669,0.6035863161087036,312,1.0
4.2957253754138947e-08,512,0.6237501241266727,3.217770777642727,True,0.5852160695940256,0.21432048803544607,0.9991091787815094,True,0.0,0.2899738969281316,-4.285539034754038e-08,56.83984375,-0.6237501502037048,0.2997356951236725,3.21777081489563,0.5852160453796387,313,1.0
-6.58910721540451e-08,512,0.751995362341404,3.5807032585144043,True,0.7091150358319283,0.20984306712925901,0.9760438799858093,True,0.0,0.2926845233887434,6.458139978349209e-08,57.111328125,-0.751995325088501,0.3559208810329437,3.5807032585144043,0.7091150283813477,314,1.0
1.8707942217588425e-07,512,0.830484427511692,3.754441775381565,True,0.7855235077440739,0.20822045878448991,0.9663481712341309,True,0.0,0.29902029782533646,-1.9060098566114902e-07,56.421875,-0.8304843902587891,0.5099666118621826,3.754441738128662,0.7855234742164612,315,1.0
2.1653249859809875e-08,512,0.689665962010622,2.963829629123211,True,0.6541729364544153,0.19650273259030657,0.9055140018463135,True,0.0,0.3079991168342531,-2.3865140974521637e-08,56.201171875,-0.6896659731864929,0.42635318636894226,2.963829517364502,0.654172956943512,316,1.0
-0.0024414099752902985,511,0.70307970898492,3.27699177745737,True,0.66383642786403,0.20676647886284627,0.9438395500183105,True,0.001953125,0.31114312261343,0.002441412361804396,57.677734375,-0.705161452293396,0.35074755549430847,3.2745158672332764,0.6635063886642456,317,0.998046875
-0.006347594317048788,509,0.6337174973459749,2.518709761220486,True,0.6035549741362776,0.21716253758932,0.9725616276264191,True,0.001953125,0.32605235697701573,0.0063475940260104835,57.482421875,-0.639909029006958,0.24685247242450714,2.52634334564209,0.6033074855804443,318,0.994140625
2.537854015827179e-08,512,0.7835900373756886,3.361975818872452,True,0.7433290667831898,0.2239992478687782,1.032558023929596,True,0.0,0.3497533034533262,-2.232263796031475e-08,58.4765625,-0.7835900783538818,0.42033281922340393,3.36197566986084,0.7433290481567383,319,1.0
-1.1862721294164658e-07,512,0.6337178181856871,2.9066270291805267,True,0.5989098306745291,0.18575235722819344,0.827713817358017,True,0.0,0.40418951073661447,1.178705133497715e-07,58.271484375,-0.6337178349494934,0.2745518982410431,2.9066269397735596,0.598909854888916,320,1.0
-0.0024415086954832077,511,0.6165686957756833,2.820084241505005,True,0.5827970773039965,0.2197619510639925,0.9820924997329712,True,0.001953125,0.41803884506225586,0.0024415083462372422,58.955078125,-0.6194459199905396,0.2789478302001953,2.8212320804595947,0.5832191705703735,321,0.998046875
-0.0039061852730810642,510,0.6604660637238448,2.837279488058651,True,0.6264885334407583,0.23530376631533728,1.0464695692062378,True,0.0,0.4420734317973256,0.003906180732883513,59.037109375,-0.6663671135902405,0.3178008794784546,2.839693069458008,0.6284544467926025,322,0.99609375
-0.0004881804343312979,512,0.6130049452185631,2.7241940274834633,True,0.5803816467523575,0.19993832749605644,0.8897082507610321,True,0.001953125,0.43016994604840875,0.000488179677631706,59.080078125,-0.6134932041168213,0.25282856822013855,2.724194049835205,0.5803816318511963,323,1.0
-0.004394549876451492,510,0.7003789228551528,3.1706484345828785,True,0.662409169066186,0.1990272187802475,0.8545205891132355,True,0.001953125,0.4745709877461195,0.004394551040604711,59.626953125,-0.7043903470039368,0.35912469029426575,3.169527292251587,0.6620395183563232,324,0.99609375
-0.0019531440921127796,511,0.6743207159807538,3.190755772264036,True,0.6361101714132349,0.2115599756303709,0.9290793836116791,True,0.0,0.475819141138345,0.0019531412981450558,58.01953125,-0.6769734621047974,0.3200688362121582,3.194887161254883,0.6367603540420532,325,0.998046875
3.9814040064811707e-08,512,0.6911950763314962,3.6410658806562424,True,0.6475918926298618,0.2220923825632781,0.9981522858142853,True,0.0,0.4492391743697226,-3.364402800798416e-08,58.357421875,-0.6911950707435608,0.3284743130207062,3.641065835952759,0.6475918889045715,326,1.0
1.6391277313232422e-07,512,0.7071798369288445,3.3818124383687973,True,0.6666812859475613,0.19634168037446217,0.8819567561149597,True,0.0,0.3990098424255848,-1.633452484384179e-07,56.98046875,-0.707179844379425,0.40398094058036804,3.381812572479248,0.6666812896728516,327,1.0
-0.00439460389316082,510,0.6537009239196777,3.150541100782507,True,0.6159719675194985,0.2007999925175682,0.8841962814331055,True,0.001953125,0.3913226420991123,0.004394603834953159,58.314453125,-0.6580495834350586,0.25205814838409424,3.143627405166626,0.6160088777542114,328,0.99609375
-0.002441310789436102,511,0.725493438906399,2.9959531735534064,True,0.6896157184225705,0.204466613807017,0.9117423892021179,True,0.001953125,0.39353652158752084,0.002441309596179053,58.20703125,-0.72757887840271,0.5607568621635437,2.9947309494018555,0.6892743110656738,329,0.998046875
-0.002441294025629759,511,0.7429656042278162,3.8708308074339026,True,0.6966108920056292,0.21275358379934917,0.9630222320556641,True,0.001953125,0.3541568205691874,0.002441296062897891,57.162109375,-0.7450853586196899,0.3800719976425171,3.8690361976623535,0.6963107585906982,330,0.998046875
-0.0024414830841124058,511,0.6639354487921159,2.969124509397085,True,0.6283790303536355,0.21867137217777782,0.9956722557544708,True,0.001953125,0.34190876176580787,0.002441482589347288,57.173828125,-0.6669514775276184,0.2962396442890167,2.9686222076416016,0.6289596557617188,331,0.998046875
-4.516914486885071e-08,512,0.7131921481341124,3.530657283961773,True,0.670911144465208,0.20144968462409452,0.9284038841724396,True,0.0,0.31537722144275904,4.644971340894699e-08,56.392578125,-0.7131921648979187,0.385466992855072,3.5306572914123535,0.6709110736846924,332,1.0
3.795139491558075e-08,512,0.6222221963107586,3.219557672739029,True,0.5836667250841856,0.19747355951694773,0.9043077230453491,True,0.0,0.33224105974659324,-3.835884854197502e-08,57.3046875,-0.6222221851348877,0.26123642921447754,3.219557762145996,0.5836666822433472,333,1.0
-0.004394493065774441,510,0.7010667861676684,3.484922678330366,True,0.6593334520564359,0.2163682141748723,0.9755435287952423,True,0.001953125,0.337300268933177,0.004394494637381285,57.111328125,-0.7059407234191895,0.2620762288570404,3.4849109649658203,0.6598129868507385,334,0.99609375
-0.0019531995058059692,511,0.6730483062346619,3.287160776365993,True,0.633683264605453,0.22572560673579573,1.0336928963661194,True,0.0,0.340676614549011,0.0019531965954229236,57.736328125,-0.6746926307678223,0.3214479386806488,3.2862653732299805,0.633385181427002,335,0.998046875
9.033828973770142e-08,512,0.6907896939665079,3.0227880254387856,True,0.6545906066894531,0.22395304570090957,1.0274922847747803,True,0.0,0.3690935093909502,-8.702045306563377e-08,57.2265625,-0.6907896995544434,0.42846599221229553,3.0227880477905273,0.6545906066894531,336,1.0
-0.0024412928614765406,511,0.6889745590738119,3.1145086041168693,True,0.6516770929273094,0.2054992821183987,0.9178876280784607,True,0.001953125,0.3896092129871249,0.0024412955390289426,57.625,-0.6938861608505249,0.37197259068489075,3.1186914443969727,0.6540971994400024,337,0.998046875
-7.462222129106522e-08,512,0.6422022506594658,2.749260298907757,True,0.6092787813395262,0.19722624053247273,0.8832521736621857,True,0.0,0.41151463612914085,7.369089871644974e-08,58.001953125,-0.6422022581100464,0.34900933504104614,2.749260425567627,0.6092787981033325,338,1.0
-0.0004882506327703595,512,0.6948045454919338,3.0005347803235054,True,0.6588719505816698,0.20346077485592107,0.9016503095626831,True,0.001953125,0.4528492698445916,0.00048824920668266714,58.01953125,-0.6952928304672241,0.32252752780914307,3.000535011291504,0.6588719487190247,339,1.0
-0.0024413419887423515,511,0.6548094341199692,3.267692494532367,True,0.615677528476995,0.2000069868634455,0.8703968822956085,True,0.001953125,0.4697252893820405,0.0024413455394096673,58.494140625,-0.657853901386261,0.2886040508747101,3.264798164367676,0.6163151860237122,340,0.998046875
-5.9371814131736755e-08,512,0.7802112121134996,2.975791059434414,True,0.7445749528706074,0.209797794779297,0.9276414215564728,True,0.0,0.4853890398517251,5.800393410027027e-08,58.00390625,-0.7802112102508545,0.9389245510101318,2.9757909774780273,0.744575023651123,341,1.0
-3.213062882423401e-08,512,0.6890934705734253,3.2721037045121193,True,0.6499087493866682,0.22032888226676733,0.9604973196983337,True,0.0,0.5645877160131931,3.2014213502407074e-08,58.826171875,-0.6890934705734253,0.293714702129364,3.272103786468506,0.649908721446991,342,1.0
-5.8906152844429016e-08,512,0.7995506413280964,3.192782446742058,True,0.7613158281892538,0.21963751304720064,0.9595688283443451,True,0.0,0.5544737437739968,5.960464477539063e-08,58.716796875,-0.7995506525039673,0.44989529252052307,3.192782402038574,0.7613158226013184,343,1.0
-4.959292709827423e-08,512,0.651592954993248,2.6174335554242134,True,0.6202481705695391,0.21785674270940944,0.9539134502410889,True,0.0,0.5414800234138966,5.1280949264764786e-08,57.2734375,-0.6515929698944092,0.38009434938430786,2.617433547973633,0.6202481389045715,344,1.0
-0.0019531394354999065,511,0.6557947069464831,2.96032016944512,True,0.620343702296688,0.22587279748404399,0.9729719161987305,True,0.0,0.5865054838359356,0.0019531394354999065,59.0625,-0.6573922634124756,0.27504202723503113,2.960846185684204,0.6199818253517151,345,0.998046875
-0.0024413939099758863,511,0.6823294862609087,2.899425962899762,True,0.6476077390743561,0.2206137111177668,0.9476038217544556,True,0.001953125,0.5730311051011086,0.0024413909413851798,58.279296875,-0.6845033168792725,0.3285030424594879,2.8957738876342773,0.6473839282989502,346,0.998046875
-0.001953211147338152,511,0.5993735359839497,3.263748428592944,True,0.5602888594401559,0.23299646220984868,1.0126985311508179,True,0.0,0.5700708972290158,0.0019532106816768646,57.486328125,-0.6010900735855103,0.2540540099143982,3.260495662689209,0.5600912570953369,347,0.998046875
-0.00244134827516973,511,0.7516378394078368,3.031965720443576,True,0.715328877336125,0.2242997484689113,0.973874568939209,True,0.001953125,0.541669612750411,0.0024413535138592124,57.896484375,-0.7545220255851746,0.819933295249939,3.0302541255950928,0.715792179107666,348,0.998046875
-7.05476850271225e-08,512,0.6780027002096176,3.581692084670067,True,0.6351105310022831,0.24118023790069854,1.0688178539276123,True,0.0,0.5483320062048733,6.638583727180958e-08,58.158203125,-0.6780027151107788,0.3242976665496826,3.5816922187805176,0.6351104974746704,349,1.0
5.587935447692871e-08,512,0.7073713056743145,3.5155616849660873,True,0.6652710773050785,0.2227096716698725,0.9841873347759247,True,0.0,0.5174452923238277,-6.007030606269836e-08,57.228515625,-0.7073712944984436,0.36786991357803345,3.515561580657959,0.6652710437774658,350,1.0
-5.8906152844429016e-08,512,0.7057529240846634,3.164900317788124,True,0.6678520105779171,0.2216074856230989,0.9775928556919098,True,0.0,0.5217770989984274,5.902256816625595e-08,57.638671875,-0.7057529091835022,0.38356930017471313,3.164900302886963,0.6678520441055298,351,1.0
-6.28642737865448e-08,512,0.657338198274374,3.403912015259266,True,0.6165750212967396,0.23966505457065068,1.0658955574035645,True,0.0,0.5297175636515021,6.449408829212189e-08,57.9921875,-0.6573382019996643,0.26215094327926636,3.40391206741333,0.6165750026702881,352,1.0
-0.0024415389634668827,511,0.6803066627853304,2.950216723514863,True,0.6449766659456688,0.2049058742893976,0.9025488197803497,True,0.001953125,0.4390914221294224,0.0024415387597400695,58.615234375,-0.6828393340110779,0.23233562707901,2.9485182762145996,0.645088255405426,353,0.998046875
-0.0019531967118382454,511,0.6890320347479878,3.2264562511630714,True,0.650393965892829,0.2254770066938363,0.99668949842453,True,0.0,0.4837182108312845,0.0019531962170731276,57.630859375,-0.6907380819320679,0.26425454020500183,3.2209596633911133,0.6502126455307007,354,0.998046875
-9.173527359962463e-08,512,0.7869560942053795,3.2015849500894547,True,0.7486158590763807,0.20506821048620621,0.9242621958255768,True,0.0,0.40431357035413384,9.260838851332664e-08,58.46875,-0.7869560718536377,0.42064911127090454,3.201585054397583,0.7486158609390259,355,1.0
-0.004882817156612873,510,0.674851601965287,3.545074661105286,True,0.6323979368396833,0.220039129111683,0.9692911803722382,True,0.00390625,0.4259614907205105,0.004882818029727787,58.630859375,-0.6792258024215698,0.31647515296936035,3.546295166015625,0.631874680519104,356,0.99609375
3.934837877750397e-08,512,0.6633475068956614,3.243153989315033,True,0.6245094686746597,0.21094813538365997,0.9452563524246216,True,0.0,0.4379380661994219,-3.882450982928276e-08,57.98828125,-0.6633474826812744,0.3114185631275177,3.2431540489196777,0.6245094537734985,357,1.0
-2.3981556296348572e-08,512,0.684740548953414,2.9412783309817314,True,0.6495175864547491,0.20513337677693927,0.9137382209300995,True,0.0,0.4477141168899834,2.6368070393800735e-08,58.26953125,-0.6847405433654785,0.3212617337703705,2.9412782192230225,0.6495175957679749,358,1.0
3.14321368932724e-09,512,0.6494745928794146,3.4606971740722656,True,0.6080313846468925,0.21989851681282746,0.9894917607307434,True,0.0,0.44000342581421137,-7.101334631443024e-09,58.39453125,-0.6494746208190918,0.2894579768180847,3.4606971740722656,0.6080313920974731,359,1.0
1.5599653124809265e-08,512,0.7000398505479097,3.0856551080942154,True,0.6630879286676645,0.20397945086006075,0.9214109182357788,True,0.0,0.39394558407366276,-1.2281816452741623e-08,57.88671875,-0.7000398635864258,0.33881208300590515,3.0856552124023438,0.6630879640579224,360,1.0
-0.0024413862265646458,511,0.7071644294051974,3.2349466848280097,True,0.6684246728098324,0.21321625265118202,0.9529597461223602,True,0.001953125,0.4036583695560694,0.002441384654957801,58.48828125,-0.7106533646583557,0.37358227372169495,3.238917350769043,0.6694246530532837,361,0.998046875
-1.1641532182693481e-08,512,0.7147642467170954,3.120702490210533,True,0.6773926056921482,0.1999650927144103,0.8995839357376099,True,0.0,0.4009658982977271,1.0302755981683731e-08,58.859375,-0.7147642374038696,0.323630690574646,3.1207025051116943,0.6773926019668579,362,1.0
-0.001953210448846221,511,0.7037672191683326,3.527038777644387,True,0.6615295526799391,0.1867302318685688,0.8146590888500214,True,0.0,0.43690410163253546,0.0019532087026163936,58.94140625,-0.7051534652709961,0.38328030705451965,3.521639823913574,0.6610273122787476,363,0.998046875
-0.0019532041624188423,511,0.682191167209013,2.7056046721986595,True,0.6497904969754749,0.2067230071173981,0.9021439850330353,True,0.0,0.48682007659226656,0.001953205792233348,58.53125,-0.6836493611335754,0.3229301869869232,2.707073926925659,0.649277925491333,364,0.998046875
-1.4435499906539917e-08,512,0.6573625653982162,2.773403078317642,True,0.624149976298213,0.2232639707508497,1.0004310309886932,True,0.0,0.46355496998876333,1.5745172277092934e-08,57.63671875,-0.6573625802993774,0.2933380901813507,2.7734031677246094,0.6241499781608582,365,1.0
-6.100162863731384e-08,512,0.7086249329149723,2.6903070881962776,True,0.6764074340462685,0.21100999454502017,0.9358548223972321,True,0.0,0.4767794511280954,5.7159923017024994e-08,57.845703125,-0.7086248993873596,0.3351016044616699,2.690307140350342,0.6764074563980103,366,1.0
5.005858838558197e-09,512,0.685795109719038,3.0980735570192337,True,0.6486944686621428,0.22659295182675127,0.9996494948863983,True,0.0,0.5332611156627536,-3.4051481634378433e-09,58.509765625,-0.6857950687408447,0.35678601264953613,3.0980734825134277,0.6486945152282715,367,1.0
-0.0024413662031292915,511,0.7200326604619185,3.1234060733518954,True,0.6826286587696484,0.20743769608670848,0.8835230469703674,True,0.001953125,0.5658344132825732,0.0024413655046373606,57.474609375,-0.7220720052719116,0.3374772369861603,3.1219048500061035,0.6822445392608643,368,0.998046875
-0.0019531650468707085,511,0.6551254240034143,3.581886496329261,True,0.6122309308929219,0.2134138450608589,0.914868950843811,True,0.0,0.5697377631440759,0.001953166240127757,57.87890625,-0.6576581001281738,0.3117693364620209,3.5783233642578125,0.6128531694412231,369,0.998046875
-9.720679372549057e-08,512,0.6813094727694988,3.371323876082897,True,0.6409365441650152,0.20888840724364854,0.906141996383667,True,0.0,0.5531981904059649,9.784707799553871e-08,58.09375,-0.6813094615936279,0.298052042722702,3.371323585510254,0.640936553478241,370,1.0
-3.14321368932724e-09,512,0.7380833141505718,3.3349534496665,True,0.6981459520757198,0.22696986082592047,1.0017428696155548,True,0.0,0.5324255032464862,1.1263182386755943e-08,57.251953125,-0.7380833625793457,0.43473193049430847,3.334953546524048,0.6981459856033325,371,1.0
-3.451714292168617e-08,512,0.6312984377145767,3.144927054643631,True,0.5936367232352495,0.19548142122803258,0.8587675988674164,True,0.0,0.47455722000449896,3.998866304755211e-08,56.322265625,-0.6312984228134155,0.2815301716327667,3.1449270248413086,0.5936367511749268,372,1.0
-0.0024413838982582092,511,0.6151995520069174,3.125687085485738,True,0.5777682173275435,0.21568187827360819,0.9503207802772522,True,0.001953125,0.4635267620906234,0.0024413833161816,57.439453125,-0.6175811290740967,0.2981095612049103,3.122379779815674,0.5777479410171509,373,0.998046875
-0.0024413797073066235,511,0.709622561115108,3.256771230417688,True,0.6706214354696107,0.2157250120129902,0.9651255309581757,True,0.001953125,0.4051705040037632,0.0024413802893832326,57.296875,-0.7118874788284302,0.3452651798725128,3.254880905151367,0.6704675555229187,374,0.998046875
-0.0024413298815488815,511,0.6998960193822528,3.3528210738866995,True,0.6597446621980685,0.20574782576877626,0.8958151638507843,True,0.001953125,0.48286923859268427,0.0024413307546637952,58.228515625,-0.7026808261871338,0.3897542953491211,3.365326404571533,0.6599383354187012,375,0.998046875
1.019798219203949e-07,512,0.7748316042125225,3.098578654229641,True,0.7377248965203762,0.21987913683988153,0.9742387533187866,True,0.0,0.5006298134103417,-1.048319973051548e-07,57.27734375,-0.7748315930366516,0.34122711420059204,3.098578691482544,0.7377249002456665,376,1.0
-0.004882734268903732,510,0.5736702767072941,2.4610487479789582,True,0.5441982577828801,0.22955005146795882,0.9764650762081146,True,0.00390625,0.5874859998002648,0.004882735956925899,58.34375,-0.5799717307090759,0.22042809426784515,2.4668617248535156,0.5455472469329834,377,0.99609375
-4.866160452365875e-08,512,0.6898078359663486,3.0413800179958344,True,0.6533861216157675,0.2402107031142805,1.0498489141464233,True,0.0,0.6048173801973462,5.069887265563011e-08,59.185546875,-0.6898078918457031,0.25215157866477966,3.041379928588867,0.653386116027832,378,1.0
-0.0019531106809154153,511,0.6221843967232451,2.8420903178810373,True,0.5881492531696176,0.23203775804722682,0.973171591758728,True,0.0,0.7090065493248403,0.0019531117577571422,58.908203125,-0.6256815791130066,0.30041083693504333,2.854374885559082,0.5895462036132812,379,0.998046875
-0.0024414181243628263,511,0.6601243120583535,2.9893256474847663,True,0.6243259703809735,0.23679018717957662,0.9701313674449921,True,0.001953125,0.806449918076396,0.002441416902001947,60.21484375,-0.6621091365814209,0.3007180988788605,2.987291097640991,0.6238937973976135,380,0.998046875
-2.2118911147117615e-08,512,0.6283047720789909,2.7669182494282722,True,0.5951698496937752,0.23165499168098908,0.9683384299278259,True,0.0,0.7597456695511937,2.112938091158867e-08,59.091796875,-0.6283047795295715,0.30097803473472595,2.766918182373047,0.5951699018478394,381,1.0
-0.0063477372750639915,509,0.6646153306797118,3.328400210453626,True,0.6247564382660834,0.2387138866004534,0.9643430411815643,True,0.001953125,0.7899508131667972,0.006347737100441009,60.0078125,-0.6699903011322021,0.28318682312965393,3.3179802894592285,0.6239085793495178,382,0.994140625
-0.0024415324442088604,511,0.6279352474119332,2.9993346162038304,True,0.5920170383444037,0.23827156689949336,0.9885841310024261,True,0.001953125,0.7622641893103719,0.002441530697979033,59.64453125,-0.6313574314117432,0.3023628890514374,3.015993118286133,0.5927983522415161,383,0.998046875
-9.266659617424011e-08,512,0.7181725651025772,3.790339544415474,True,0.6727817542850971,0.2419483757461421,1.0057027339935303,True,0.0,0.8161547416821122,9.124050848186016e-08,59.40234375,-0.718172550201416,0.3114032447338104,3.790339469909668,0.672781765460968,384,1.0
-0.0019531669095158577,511,0.6809939890225106,3.149945740597121,True,0.6432721586843294,0.21966973491362296,0.9113147854804993,True,0.0,0.7090721251443028,0.001953170751221478,59.072265625,-0.6821807622909546,0.30583620071411133,3.1454272270202637,0.6425598859786987,385,0.998046875
-0.004882877692580223,510,0.7224298900248958,2.7597190398795934,True,0.6893811641954909,0.22071946865180508,0.9041622877120972,True,0.00390625,0.700082722119987,0.0048828740837052464,59.16796875,-0.7284500002861023,0.3246617317199707,2.756833076477051,0.6905530095100403,386,0.99609375
1.6996636986732483e-08,512,0.6689347196370363,3.212822876870632,True,0.6304599139839411,0.2066685958299786,0.8709736764431,True,0.0,0.6494776327162981,-2.1565938368439674e-08,58.76171875,-0.66893470287323,0.3177010715007782,3.212822914123535,0.6304599046707153,387,1.0
-0.001953145721927285,511,0.6819301209104505,3.4749654818421005,True,0.6403160196694375,0.21142671689158304,0.8748080730438232,True,0.0,0.6902390234172344,0.001953150669578463,58.830078125,-0.6838679313659668,0.30080899596214294,3.478346347808838,0.6402602195739746,388,0.998046875
-0.004882839508354664,510,0.7101781646410624,2.9844948619019753,True,0.6744376763409259,0.2301313833333552,0.9650570750236511,True,0.00390625,0.644742607139051,0.004882837471086532,59.265625,-0.715699315071106,0.3686569035053253,2.9935898780822754,0.6749670505523682,389,0.99609375
-0.003906307741999626,510,0.6164321833965825,2.5261809610853008,True,0.5861801832329994,0.24269039091304878,1.033038169145584,True,0.0,0.6435289485380054,0.003906308731529862,60.0,-0.6192134618759155,0.3137848377227783,2.522454023361206,0.5850998163223267,390,0.99609375
-2.2817403078079224e-08,512,0.6332250535488129,3.0149213671684265,True,0.5971201937645674,0.23090530504705384,0.982781320810318,True,0.0,0.6869802176952362,2.9365764930844307e-08,60.80078125,-0.6332250833511353,0.27100035548210144,3.0149214267730713,0.5971201658248901,391,1.0
-4.936009645462036e-08,512,0.7337442263960838,3.985751152038574,True,0.6860132850706577,0.23334434509743007,0.9881040155887604,True,0.0,0.7144698984920979,4.650792106986046e-08,61.751953125,-0.7337442636489868,0.3340711295604706,3.985751152038574,0.6860133409500122,392,1.0
-0.0048827966675162315,510,0.7295335423712636,3.9119824091593425,True,0.6826859990755718,0.23658488155342638,0.9697598218917847,True,0.00390625,0.755002373829484,0.004882797598838806,61.767578125,-0.7338085174560547,0.3528062403202057,3.904684543609619,0.6821655035018921,393,0.99609375
7.275957614183426e-08,512,0.6592725515365601,3.660542346537113,True,0.6154361199587584,0.2256934897042811,0.9358896911144257,True,0.0,0.7703125262632966,-7.532071322202682e-08,61.998046875,-0.6592725515365601,0.347899466753006,3.6605422496795654,0.6154361367225647,394,1.0
-0.0019531617872416973,511,0.6719295816412177,3.0774583317295674,True,0.6350758367905178,0.22856507543474439,0.963062047958374,True,0.0,0.6799901346676052,0.001953158702235669,60.91015625,-0.6736748218536377,0.3735915720462799,3.072082757949829,0.634932279586792,395,0.998046875
-0.004394553601741791,510,0.6398396664974736,2.647602767570346,True,0.608133586247762,0.23212985466816466,0.9705354571342468,True,0.001953125,0.6725641367956996,0.004394555871840566,60.9765625,-0.6449254155158997,0.31935709714889526,2.6469767093658447,0.6088323593139648,396,0.99609375
2.2584572434425354e-08,512,0.6354511119425297,2.9609293341636658,True,0.5999928265810013,0.24014416784048082,1.028078556060791,True,0.0,0.6905695581808686,-2.208980731666088e-08,61.623046875,-0.635451078414917,0.2752320468425751,2.9609293937683105,0.5999928712844849,397,1.0
-0.0019531743600964546,511,0.6952635756677378,3.4590323437916553,True,0.6538402982887223,0.23163876105681996,0.9707415401935577,True,0.0,0.7107455818913877,0.0019531735742930323,60.380859375,-0.6976151466369629,0.3734734058380127,3.4580273628234863,0.6542507410049438,398,0.998046875
-9.19681042432785e-09,512,0.6536378245800734,3.0293594375252724,True,0.6173600740730762,0.220514835434733,0.9361496865749359,True,0.0,0.6656978232786059,6.2282197177410126e-09,59.935546875,-0.6536378264427185,0.34252238273620605,3.0293593406677246,0.6173601150512695,399,1.0
-0.0029296716675162315,511,0.727041530165887,3.4740483966125666,True,0.6854384303559529,0.23534459073562175,0.9820646047592163,True,0.00390625,0.7200398733839393,0.002929675334598869,60.49609375,-0.7295441627502441,0.3756486177444458,3.480060338973999,0.6849393844604492,400,0.998046875
-0.0024413568899035454,511,0.6476570872877909,2.851340107255253,True,0.6135111711263189,0.23423642665729857,0.987395316362381,True,0.001953125,0.6863201512023807,0.002441355085466057,60.619140625,-0.6521322131156921,0.3051187992095947,2.8634839057922363,0.6153994798660278,401,0.998046875
-0.0039062367286533117,510,0.6384494255570805,2.7543384056465294,True,0.6054651577098698,0.2261198178865016,0.9215080142021179,True,0.0,0.7582395318895578,0.0039062378054950386,60.142578125,-0.6415681838989258,0.3119824230670929,2.753112316131592,0.6046923398971558,402,0.99609375
1.3154931366443634e-08,512,0.6954149007797241,3.351563408970833,True,0.65527861751616,0.23255389289115558,0.9726266264915466,True,0.0,0.7605715710669756,-1.1816155165433884e-08,59.73828125,-0.6954149007797241,0.34100380539894104,3.3515634536743164,0.6552786231040955,403,1.0
-0.0019531534053385258,511,0.6481733337307163,2.898168887644131,True,0.6134666213783967,0.21017950004898014,0.8358149230480194,True,0.0,0.8212672788649797,0.00195315049495548,60.400390625,-0.6504754424095154,0.309598833322525,2.902001142501831,0.6137697100639343,404,0.998046875
-1.0663643479347229e-07,512,0.61781370267272,2.8538974970579147,True,0.5836371593177319,0.23084117268444973,0.9586499631404877,True,0.0,0.7822214849293232,1.0512303560972214e-07,59.6640625,-0.6178137063980103,0.3226396441459656,2.8538975715637207,0.5836371779441833,405,1.0
-0.003906337544322014,510,0.6692226660017874,3.2649056799271525,True,0.6301241467980778,0.23755476879887283,0.9716835618019104,True,0.0,0.786234375089407,0.003906337165972218,60.1640625,-0.6730860471725464,0.3409014642238617,3.258610248565674,0.6301567554473877,406,0.99609375
-0.0004882293287664652,512,0.6506566181778908,3.3004979863762856,True,0.6111318580806255,0.24253949791309426,1.0063779056072235,True,0.001953125,0.8155137076973915,0.00048823069664649665,59.515625,-0.6511449217796326,0.3782738447189331,3.3004980087280273,0.6111318469047546,407,1.0
-0.001953092752955854,511,0.6277404078765391,2.747670711836469,True,0.594835980822662,0.2425135255325586,1.0025334358215332,True,0.0,0.8010748811066151,0.00195309377158992,59.998046875,-0.6295067071914673,0.2669341564178467,2.747291088104248,0.5946537256240845,408,0.998046875
-0.00244141835719347,511,0.7297863661659674,3.4215950760589413,True,0.6888114323588033,0.22462441653478893,0.9120213687419891,True,0.001953125,0.7955745235085487,0.00244141579605639,59.7265625,-0.7325382828712463,0.401907354593277,3.4269521236419678,0.6890577673912048,409,0.998046875
-0.0029297545552253723,511,0.6526286858635173,2.981867966586596,True,0.616919646291117,0.24013406347949057,1.0079711079597473,True,0.00390625,0.712201563641429,0.00292976331547834,59.861328125,-0.6552150249481201,0.2991284728050232,2.9786972999572754,0.6166142821311951,410,0.998046875
-0.002441409742459655,511,0.6190094553561126,2.8428551250241276,True,0.5849651417853547,0.21804439806146547,0.8870075643062592,True,0.001953125,0.7640295866876841,0.0024414052022621036,60.373046875,-0.621261715888977,0.23919762670993805,2.8390798568725586,0.5848212838172913,411,0.998046875
-6.309710443019867e-08,512,0.6656935568898916,3.1588160693645477,True,0.6278655026108027,0.22796141445287504,0.9364273250102997,True,0.0,0.813517676666379,6.51925802230835e-08,61.55859375,-0.6656935811042786,0.33154693245887756,3.15881609916687,0.6278655529022217,412,1.0
-0.002441399497911334,511,0.6428073365860956,3.029906099789763,True,0.6065230258756886,0.2374637792352587,0.9684432446956635,True,0.001953125,0.8266745684668422,0.0024414011277258396,62.080078125,-0.6458715200424194,0.28118982911109924,3.039332389831543,0.6070328950881958,413,0.998046875
-0.004882758483290672,510,0.6439376393953958,2.944623876085468,True,0.6086746141022327,0.2643810455338098,1.0861101746559143,True,0.00390625,0.8455249834805727,0.004882760462351143,62.828125,-0.6483708620071411,0.4223499596118927,2.941375255584717,0.6082639694213867,414,0.99609375
-1.0489020496606827e-07,512,0.6377017050981522,2.919148951768875,True,0.6027437597513199,0.23540024933172393,0.9626616835594177,True,0.0,0.8573561031371355,1.0692747309803963e-07,61.7578125,-0.637701690196991,0.24898052215576172,2.9191489219665527,0.6027437448501587,415,1.0
-0.0024413831997662783,511,0.6996485715742913,3.4080585495599793,True,0.658835712244366,0.23528092050401028,0.9514160454273224,True,0.001953125,0.8511266191489995,0.0024413798237219453,61.634765625,-0.7026998996734619,0.35558584332466125,3.406235694885254,0.6594675183296204,416,0.998046875
-0.0004882859066128731,512,0.7948470953851938,3.9810018688440323,True,0.747173024341464,0.22354623546125368,0.9032142758369446,True,0.001953125,0.848301867954433,0.0004882861394435167,61.533203125,-0.7953354120254517,0.45547276735305786,3.981001853942871,0.747173011302948,417,1.0
-0.002441427670419216,511,0.7616892279710789,3.3401148379898817,True,0.7216900522928182,0.22753493333002553,0.9022820293903351,True,0.001953125,0.8927419446408749,0.0024414296785835177,62.05078125,-0.7635354399681091,0.415310263633728,3.33610200881958,0.7211428880691528,418,0.998046875
-0.004882832523435354,510,0.666391087513344,3.0379431294459924,True,0.6300105297097973,0.23686407479690386,0.9272425174713135,True,0.00390625,0.9306547306478024,0.004882833920419216,61.1015625,-0.6712386608123779,0.34094953536987305,3.036013603210449,0.6299983859062195,419,0.99609375
-0.0024413717910647392,511,0.6887954672955252,2.7824511840618746,True,0.6554745261916441,0.24488776803482326,0.9627787470817566,True,0.001953125,0.9978129360824823,0.0024413709179498255,61.453125,-0.6913682222366333,0.3782159388065338,2.7828328609466553,0.6556012630462646,420,0.998046875
-8.603092283010483e-08,512,0.702239541336894,3.2483713626861572,True,0.6633390262722969,0.2549327541026287,1.0005692541599274,True,0.0,1.0963763128966093,8.638016879558563e-08,61.609375,-0.7022395133972168,0.40662333369255066,3.2483713626861572,0.6633390188217163,421,1.0
-0.004882823675870895,510,0.6884796425408007,3.487048619401221,True,0.6467208682322036,0.27362334642093633,1.053627222776413,True,0.00390625,1.160301549360156,0.0048828232393134385,61.583984375,-0.693219006061554,0.36063164472579956,3.4783051013946533,0.64668208360672,422,0.99609375
-0.0019531575962901115,511,0.6312162741989538,3.084805569536765,True,0.5942745241400315,0.25602906707208606,0.9932410418987274,True,0.0,1.1085538882762194,0.0019531630096025765,61.080078125,-0.6349453926086426,0.280906617641449,3.0921249389648438,0.5959628820419312,423,0.998046875
-0.00390621623955667,510,0.7080823942726733,3.863863471910065,True,0.6618111082151824,0.25418487552087754,0.974324643611908,True,0.0,1.1082746107131243,0.0039062147843651474,61.375,-0.7111915946006775,0.36374619603157043,3.8522589206695557,0.6611530780792236,424,0.99609375
-0.0024413580540567636,511,0.7090155207014364,2.9835247470907964,True,0.6732866405974162,0.2702129508485086,1.0690127611160278,True,0.001953125,1.0793807096779346,0.0024413620121777058,60.05859375,-0.7112009525299072,0.27362334728240967,2.982306718826294,0.6730452179908752,425,0.998046875
-0.0024415282532572746,511,0.6885348166504951,3.573905520709759,True,0.6457358904314136,0.23390623946906997,0.902873158454895,True,0.001953125,1.0178015790879726,0.0024415283114649355,60.884765625,-0.6927653551101685,0.3302234709262848,3.574430465698242,0.6475187540054321,426,0.998046875
-0.0024414309300482273,511,0.6829881826725491,3.3412881816669913,True,0.6429749313165998,0.2375763160962379,0.9529764950275421,True,0.001953125,0.8907916503958404,0.0024414340732619166,60.017578125,-0.6850369572639465,0.30119067430496216,3.3377716541290283,0.6426243782043457,427,0.998046875
-0.004394527059048414,510,0.6627785046895345,3.190205457163792,True,0.6245745317608703,0.24490361860953275,0.9899674654006958,True,0.001953125,0.85031199734658,0.004394524832605384,59.927734375,-0.6667753458023071,0.2772991955280304,3.19439435005188,0.624126672744751,428,0.99609375
-0.004394526593387127,510,0.7413927211480981,3.744362681519751,True,0.6965525035764657,0.23839979283511642,0.9816743731498718,True,0.001953125,0.7534077521413565,0.004394529823912308,58.998046875,-0.7445101737976074,0.37812379002571106,3.7356913089752197,0.6953792572021484,429,0.99609375
-1.2456439435482025e-08,512,0.6888961009681225,3.0457635447382927,True,0.6524218861013651,0.22749992938479408,0.9614386558532715,True,0.0,0.7042437065392733,1.2470991350710392e-08,58.24609375,-0.6888960599899292,0.3232630491256714,3.0457634925842285,0.6524218916893005,430,1.0
-0.002441388089209795,511,0.6747408112667779,3.0504843437508367,True,0.6382100656774412,0.238507618958829,1.0129166841506958,True,0.001953125,0.669657894410193,0.0024413870414718986,58.701171875,-0.6767261028289795,0.3420979380607605,3.0479416847229004,0.6377843618392944,431,0.998046875
-9.499490261077881e-08,512,0.7250583805143833,3.5558416470885277,True,0.6824758052825928,0.2062509256997146,0.8419987261295319,True,0.0,0.7570217410102487,9.284121915698051e-08,59.0234375,-0.7250584363937378,0.3723118007183075,3.5558414459228516,0.6824758052825928,432,1.0
5.844049155712128e-08,512,0.7461804933845997,3.116487592458725,True,0.7088593225926161,0.22373723583295943,0.9167633354663849,True,0.0,0.8076925612986088,-6.007030606269836e-08,58.248046875,-0.746180534362793,0.49185439944267273,3.116487503051758,0.7088593244552612,433,1.0
-0.006347687914967537,509,0.5795131639553661,2.5274666896737625,True,0.5492457570636201,0.23598399170441553,0.9316191077232361,True,0.001953125,0.8662495967000723,0.006347689602989703,58.724609375,-0.5855560898780823,0.27103570103645325,2.528655529022217,0.548926830291748,434,0.994140625
-0.0068358974531292915,509,0.639597090264903,2.882844894948783,True,0.6050738986208304,0.2511616500210948,0.9886911809444427,True,0.00390625,0.931750301271677,0.0068358981516212225,59.802734375,-0.6459110975265503,0.3634489178657532,2.8779001235961914,0.6046112179756165,435,0.994140625
6.658956408500671e-08,512,0.6700072884559631,3.3351505398750305,True,0.6300675515085459,0.23591083106584848,0.8831769824028015,True,0.0,1.1855099257081747,-6.283516995608807e-08,60.3125,-0.6700073480606079,0.3704434633255005,3.335150718688965,0.6300675868988037,436,1.0
-0.003906265366822481,510,0.6519170468928767,3.0762659970451804,True,0.6150775603219574,0.2401518549770117,0.8836146295070648,True,0.0,1.1904532499611378,0.003906265366822481,60.671875,-0.6556228399276733,0.25912144780158997,3.0723838806152344,0.6149235367774963,437,0.99609375
-0.002441288437694311,511,0.6725081430489304,3.1741942659516154,True,0.6344959072170892,0.2565078502870165,0.9835812151432037,True,0.001953125,1.1470064539462328,0.0024412834318354726,61.126953125,-0.674330472946167,0.28328853845596313,3.170869827270508,0.6339166760444641,438,0.998046875
-1.0593794286251068e-08,512,0.6718192473053932,3.139898218214512,True,0.6342177297919989,0.25470083655091,0.9993214905261993,True,0.0,1.0967305353842676,1.0564690455794334e-08,60.771484375,-0.6718192100524902,0.3575279712677002,3.1398983001708984,0.6342177391052246,439,1.0
-0.005859398283064365,509,0.6858186043784286,2.9788199440669443,True,0.6501460729975598,0.24976567457197235,0.9356462061405182,True,0.0,1.1355406884104013,0.005859398341272026,60.634765625,-0.6912553906440735,0.32021090388298035,2.9797210693359375,0.6497126817703247,440,0.994140625
-0.0019531697034835815,511,0.7105678175293536,2.7575490129437235,True,0.6775450790464994,0.2376835484581534,0.9027596712112427,True,0.0,1.1035689497366548,0.0019531662110239267,61.796875,-0.7125585079193115,0.4979882538318634,2.755929470062256,0.6776020526885986,441,0.998046875
-0.0004882743814960122,512,0.6570905074477196,3.2519169971346855,True,0.6181475184857845,0.23559797293273732,0.9347662329673767,True,0.001953125,0.9631290007382631,0.00048827548744156957,61.431640625,-0.6575788259506226,0.26871445775032043,3.2519168853759766,0.6181474924087524,442,1.0
-0.0019531340803951025,511,0.6021409574786744,2.558537325047234,True,0.5715014667427003,0.2440427644876763,0.9463637471199036,True,0.0,1.0563376657664776,0.001953131111804396,60.34375,-0.603851318359375,0.25352346897125244,2.553684711456299,0.5713168382644653,443,0.998046875
-0.0019531011348590255,511,0.6496313607389446,3.0050148651324604,True,0.6136451451045892,0.26678501107962804,1.0915650129318237,True,0.0,0.9303780356422067,0.0019531056168489158,59.591796875,-0.6513208150863647,0.3244188725948334,3.0040442943573,0.6133931279182434,444,0.998046875
-0.0068359579890966415,509,0.6301103847317236,3.0005419839810292,True,0.5941777283175755,0.22798088984563947,0.8632774651050568,True,0.00390625,0.9697887245565653,0.006835960084572434,60.5859375,-0.6396142840385437,0.3514067828655243,3.007417917251587,0.5967633724212646,445,0.994140625
-0.00048821582458913326,512,0.6655983030796051,2.7930729165673256,True,0.6321501526981592,0.2089962560494314,0.8273288607597351,True,0.001953125,0.8608453343622386,0.0004882164066657424,58.39453125,-0.6660865545272827,0.3372231423854828,2.7930729389190674,0.6321501731872559,446,1.0
5.774199962615967e-08,512,0.6555936429649591,3.108361527323723,True,0.6183697916567326,0.2189297598670237,0.873638391494751,True,0.0,0.8840428413823247,-6.117625162005424e-08,58.958984375,-0.6555936336517334,0.31346023082733154,3.1083614826202393,0.6183698177337646,447,1.0
2.3748725652694702e-08,512,0.8470829129219055,3.7734720408916473,True,0.8018941096961498,0.22745582463685426,0.9050126671791077,True,0.0,0.9290662603452802,-2.2817403078079224e-08,60.158203125,-0.8470829129219055,0.6733742356300354,3.7734720706939697,0.8018940687179565,448,1.0
-8.917413651943207e-08,512,0.6073094755411148,2.7786985374987125,True,0.5740334689617157,0.2332712706178427,0.9559000730514526,True,0.0,0.8418233338743448,8.87666828930378e-08,59.158203125,-0.6073094606399536,0.2965295612812042,2.778698444366455,0.5740334987640381,449,1.0
-0.00048822432290762663,512,0.6852812990546227,3.195084899663925,True,0.6470189113169909,0.23473974647931756,0.9514605104923248,True,0.001953125,0.8791884183883667,0.00048822253302205354,59.548828125,-0.6857695579528809,0.3230644464492798,3.195084810256958,0.6470189094543457,450,1.0
-0.0019530897261574864,511,0.6254867089004666,2.9299696924168535,True,0.5903991638097744,0.23575685956748205,0.9446987211704254,True,0.0,0.8972804583609104,0.001953091676114127,59.587890625,-0.6274445056915283,0.341378778219223,2.928922414779663,0.590416431427002,451,0.998046875
-0.0039062381256371737,510,0.7150121153569688,3.1933570908565136,True,0.6767703970273335,0.24001796088414268,0.9526280164718628,True,0.0,0.9117224207147956,0.0039062360883690417,60.251953125,-0.7182660102844238,0.412617027759552,3.1886544227600098,0.6761743426322937,452,0.99609375
-3.5390257835388184e-08,512,0.6642139218747616,2.796553000807762,True,0.6307241227477789,0.23747708078008145,0.9707380831241608,True,0.0,0.866588681936264,2.9569491744041443e-08,60.2109375,-0.6642139554023743,0.3475731909275055,2.796552896499634,0.6307240724563599,453,1.0
-0.0043944790959358215,510,0.7117750562873542,3.249973637449975,True,0.6728553267086252,0.23051940426230433,0.9267066121101379,True,0.001953125,0.8156719822436571,0.004394481948111206,60.08203125,-0.7157381772994995,0.397158145904541,3.2452499866485596,0.6724804639816284,454,0.99609375
-0.005859438329935074,509,0.5994759776971663,3.180307129745633,True,0.5613905436163567,0.2346383778029122,0.9384926557540894,True,0.0,0.8216081466525793,0.005859438766492531,60.3046875,-0.6042803525924683,0.25808486342430115,3.1737060546875,0.5604145526885986,455,0.994140625
-1.862645149230957e-09,512,0.6059795375913382,2.8961785435676575,True,0.5712966807186604,0.2192788000800647,0.9047227501869202,True,0.0,0.7666849475353956,1.979060471057892e-09,59.44921875,-0.6059795618057251,0.2531181871891022,2.896178722381592,0.5712966918945312,456,1.0
-0.001953160623088479,511,0.6181644422900654,2.5069553789094003,True,0.5881426610825347,0.23395246641011908,0.9777029752731323,True,0.0,0.7291742898523808,0.0019531564321368933,58.666015625,-0.6195240020751953,0.25387880206108093,2.5030338764190674,0.58759605884552,457,0.998046875
8.521601557731628e-08,512,0.631500905379653,2.73310250043869,True,0.5987709239125252,0.23545500398613514,1.0123004913330078,True,0.0,0.6598997861146927,-8.42846930027008e-08,58.150390625,-0.6315008997917175,0.3237203061580658,2.733102321624756,0.5987709760665894,458,1.0
-0.0019530761055648327,511,0.6608346028803846,3.217232091552823,True,0.6223069937961674,0.22290922428364868,0.9504507184028625,True,0.0,0.6173199764452875,0.0019530811405275017,57.916015625,-0.662493884563446,0.36522576212882996,3.2162623405456543,0.6220247745513916,459,0.998046875
-0.001953135710209608,511,0.6219255302516915,2.8467899927187807,True,0.5878341202633254,0.2283887645811774,0.9568907022476196,True,0.0,0.7011498305946589,0.0019531320431269705,58.04296875,-0.6233202815055847,0.2510718107223511,2.8430023193359375,0.5873211622238159,460,0.998046875
-0.004394530318677425,510,0.6477236966292063,3.0298307063532817,True,0.6114402804888931,0.229183721751906,0.9639834463596344,True,0.001953125,0.6398500353097916,0.004394530085846782,57.966796875,-0.651523232460022,0.30759045481681824,3.0288267135620117,0.6108573079109192,461,0.99609375
-0.001953061786480248,511,0.711564074582083,3.483352490367255,True,0.6698495670424048,0.23391440942650663,0.966167539358139,True,0.0,0.77455666474998,0.001953067781869322,58.515625,-0.7133957147598267,0.320512980222702,3.480466842651367,0.6697626113891602,462,0.998046875
-0.0039061959832906723,510,0.6608725113027236,3.2197322887532853,True,0.6223149540377597,0.24297665050253275,0.9802951216697693,True,0.0,0.8602284798398614,0.0039062012801878154,59.546875,-0.6661054491996765,0.28380024433135986,3.2280402183532715,0.6235421895980835,463,0.99609375
7.241033017635345e-08,512,0.6346342749893665,3.2855368852615356,True,0.5952886827290058,0.2694550159620121,1.0826497673988342,True,0.0,1.0585027132183313,-7.421476766467094e-08,61.37890625,-0.634634256362915,0.2668338418006897,3.285537004470825,0.5952886939048767,464,1.0
-0.006347642280161381,509,0.6885309406722692,3.117338163679381,True,0.6511995978580242,0.23593552114907654,0.8594583868980408,True,0.001953125,1.1539240181446075,0.006347642280161381,62.25390625,-0.6947133541107178,0.43569132685661316,3.132481813430786,0.6508530378341675,465,0.994140625
-0.0073242951184511185,509,0.6544573307037352,3.2368643597675915,True,0.6156946134941985,0.2649100659182295,0.9332425892353058,True,0.005859375,1.4187450967729092,0.007324291247641668,64.603515625,-0.6606415510177612,0.30808642506599426,3.226377487182617,0.6146801710128784,466,0.994140625
-0.006835996638983488,509,0.6747645150818852,2.9150474731954934,True,0.6398556607762582,0.25807146246079354,0.9037982821464539,True,0.00390625,1.4095160476863384,0.006836002867203206,63.763671875,-0.6800717115402222,0.37663817405700684,2.9173169136047363,0.638299822807312,467,0.994140625
-0.006347644608467817,509,0.6114928895691757,2.5989220015894925,True,0.5803697938300773,0.30018897242844106,1.08480966091156,True,0.001953125,1.5375878475606441,0.006347646296489984,64.30078125,-0.6167395710945129,0.2654492259025574,2.611934185028076,0.5791129469871521,468,0.994140625
-0.004882709588855505,510,0.7454438882715562,3.2024690282111075,True,0.7070930677301742,0.26776240090839565,0.9507302939891815,True,0.00390625,1.4546726513653994,0.004882708104560152,63.1015625,-0.749566912651062,0.3933502435684204,3.1967861652374268,0.7064013481140137,469,0.99609375
-0.006835937034338713,509,0.6816673419330349,2.865140066165586,True,0.6473561763060819,0.2554464233806357,0.9083680212497711,True,0.00390625,1.3387376256287098,0.006835937208961695,63.216796875,-0.6871033906936646,0.3361380994319916,2.855963706970215,0.6460661888122559,470,0.994140625
-0.004394412972033024,510,0.6097641839700587,2.9276686369204055,True,0.5747042162745607,0.2666568344691769,0.9813431799411774,True,0.001953125,1.3198756948113441,0.004394412477267906,62.623046875,-0.6139397621154785,0.3084370791912079,2.9224061965942383,0.5745482444763184,471,0.99609375
-0.004394452087581158,510,0.6501920057278054,3.1162109066458314,True,0.612874148639978,0.2565900063375011,0.987684041261673,True,0.001953125,1.0931748282164335,0.004394455172587186,62.294921875,-0.6551442742347717,0.2881321310997009,3.122258424758911,0.6133594512939453,472,0.99609375
-0.002441393444314599,511,0.7268390752331384,3.0641326880968247,True,0.6901448731786353,0.2345097715849988,0.9194933772087097,True,0.001953125,0.9633940299972892,0.0024413939681835473,60.826171875,-0.7297269701957703,0.4470204710960388,3.060061454772949,0.6906401515007019,473,0.998046875
8.149072527885437e-09,512,0.6205039080232382,2.6721169278025627,True,0.5885042529553175,0.25999185009277426,1.078571379184723,True,0.0,0.8855516267940402,-7.62520357966423e-09,59.61328125,-0.6205039024353027,0.28906649351119995,2.672116994857788,0.5885042548179626,474,1.0
-5.698530003428459e-08,512,0.6571275349706411,2.9988433867692947,True,0.6212152112275362,0.21237833097693512,0.8626949191093445,True,0.0,0.7967857206240296,6.056507118046284e-08,58.84375,-0.6571275591850281,0.3341025114059448,2.9988434314727783,0.6212152242660522,475,1.0
-0.0004882561042904854,512,0.6177372820675373,2.6767959147691727,True,0.5856816042214632,0.2304301720112562,0.9533419609069824,True,0.001953125,0.7854704158380628,0.00048825854901224375,58.69140625,-0.6182255744934082,0.27280184626579285,2.6767959594726562,0.5856816172599792,476,1.0
-8.917413651943207e-08,512,0.6523731984198093,3.13489331305027,True,0.6148316357284784,0.22297936115646735,0.9362693428993225,True,0.0,0.7145080510526896,8.91159288585186e-08,57.896484375,-0.652373194694519,0.39480581879615784,3.1348934173583984,0.6148316264152527,477,1.0
-3.090826794505119e-08,512,0.6863623391836882,3.2723770067095757,True,0.6471743416041136,0.23987643861328256,1.0280805230140686,True,0.0,0.6852061217650771,2.7299392968416214e-08,57.703125,-0.6863623857498169,0.33455368876457214,3.2723770141601562,0.6471743583679199,478,1.0
2.991873770952225e-08,512,0.6667811963707209,3.3864564299583435,True,0.626227056607604,0.23111159350955857,0.9871544241905212,True,0.0,0.6736146062612534,-2.2293534129858017e-08,57.640625,-0.6667811870574951,0.4101606607437134,3.3864564895629883,0.6262270212173462,479,1.0
-7.380731403827667e-08,512,0.7468965239822865,3.280566059052944,True,0.7076104562729597,0.23692167137051,0.9993906319141388,True,0.0,0.7408693442121148,7.721246220171452e-08,58.236328125,-0.746896505355835,0.3849412798881531,3.2805659770965576,0.7076104879379272,480,1.0
-2.2118911147117615e-08,512,0.7704041935503483,3.314064472913742,True,0.730716984719038,0.2248025218548719,0.9354186952114105,True,0.0,0.7543750908225775,2.7532223612070084e-08,59.13671875,-0.7704042196273804,0.46256545186042786,3.3140645027160645,0.7307169437408447,481,1.0
-0.0019530601566657424,511,0.6107299821250827,2.7474086779204363,True,0.5778286719508834,0.25479835880105384,1.0157892107963562,True,0.0,0.9937490914016962,0.0019530614954419434,61.109375,-0.6121381521224976,0.26933589577674866,2.743656635284424,0.5773286819458008,482,0.998046875
-0.006835915148258209,509,0.6647862914971612,2.9742652632164344,True,0.6291682953216238,0.2530195250874385,0.9521809220314026,True,0.00390625,1.1149484682828188,0.006835916035925038,61.93359375,-0.671392560005188,0.3873843550682068,2.9693918228149414,0.6289969682693481,483,0.994140625
-0.0004883052897639573,512,0.6146459579467773,3.2921941950917244,True,0.5752206295728683,0.24486326007754544,0.9335638284683228,True,0.001953125,1.1532436832785606,0.0004883090441580862,62.271484375,-0.6151342391967773,0.24691706895828247,3.292194366455078,0.5752206444740295,484,1.0
-6.880145519971848e-08,512,0.6331978067755699,3.1181887090206146,True,0.5958562772721052,0.256969723419752,0.9689286053180695,True,0.0,1.2636787053197622,6.59783836454153e-08,63.044921875,-0.6331977844238281,0.27856045961380005,3.1181888580322266,0.5958563089370728,485,1.0
-0.005859528202563524,509,0.6921169139547292,3.3299492187724833,True,0.6522394784072996,0.2657660033321008,0.9466323852539062,True,0.0,1.4115999918431044,0.00585952507390175,64.546875,-0.6966491937637329,0.3680962920188904,3.3268845081329346,0.6509491205215454,486,0.994140625
-0.0073242345824837685,509,0.6618434364060288,2.8197714020086413,True,0.6280755514246072,0.2687181971035898,0.9496932923793793,True,0.005859375,1.4291061572730541,0.007324229518417269,65.75,-0.6687089204788208,0.3769845962524414,2.8175973892211914,0.6276428699493408,487,0.994140625
-0.01074213907122612,507,0.6304859186300393,2.873248088524422,True,0.5960776449660578,0.2698227030225098,0.9410636723041534,True,0.00390625,1.417356625199318,0.010742136393673718,64.890625,-0.6398695707321167,0.31484317779541016,2.862902879714966,0.5948429703712463,488,0.990234375
-0.001953194849193096,511,0.6494400131492466,2.9914219384090774,True,0.6136165627528076,0.2531726119574159,0.9257959127426147,True,0.0,1.3212046306580305,0.001953196944668889,64.13671875,-0.6511285305023193,0.3145238757133484,2.9913768768310547,0.6133525371551514,489,0.998046875
-0.01611316204071045,504,0.673199733098348,3.231617662641737,True,0.6344998450506301,0.26497390556614847,0.9347706139087677,True,0.001953125,1.238132519647479,0.01611315633635968,65.11328125,-0.6896834373474121,0.37889358401298523,3.221890926361084,0.6349868178367615,490,0.984375
-0.0019530795980244875,511,0.6095777857326947,3.223440408706665,True,0.5709758130888183,0.2387394755263813,0.9115476608276367,True,0.0,1.0895372368395329,0.0019530804129317403,62.591796875,-0.611199140548706,0.2286858707666397,3.2187843322753906,0.5706998109817505,491,0.998046875
-0.004394614137709141,510,0.6875740701077031,3.2299883711571784,True,0.648893696420333,0.23765407389728355,0.9227847754955292,True,0.001953125,0.9740499947220087,0.0043946179212071,62.208984375,-0.6917891502380371,0.3625842332839966,3.2340774536132812,0.6486653089523315,492,0.99609375
-0.0039062718860805035,510,0.689537338182038,2.9957332087498085,True,0.6536622556985594,0.23475786062190307,0.9164983332157135,True,0.0,0.9510383447632194,0.003906276077032089,60.90234375,-0.6966104507446289,0.4000265598297119,2.9973204135894775,0.6568101048469543,493,0.99609375
-0.002441441174596548,511,0.625770373587039,2.6197337875627493,True,0.59439803849461,0.22709840742172677,0.9178602993488312,True,0.001953125,0.8216980937868357,0.0024414422223344445,59.322265625,-0.6279301643371582,0.28833821415901184,2.6207008361816406,0.5941048860549927,494,0.998046875
-0.0039062316063791513,510,0.5878493043721891,2.682882733438529,True,0.5557207274670695,0.25751746641471984,1.0456296503543854,True,0.0,0.8897060211747885,0.0039062341675162315,60.17578125,-0.5921590328216553,0.2961800992488861,2.6827430725097656,0.5561258792877197,495,0.99609375
-0.003906268626451492,510,0.723058742167903,3.105294817569209,True,0.6858716376856261,0.22546949893003332,0.8875088095664978,True,0.0,0.881229349412024,0.003906268626451492,60.84765625,-0.7255163192749023,0.45414501428604126,3.098576784133911,0.684503436088562,496,0.99609375
-0.0019530864665284753,511,0.6762469539203756,2.868582815106834,True,0.6418945372921147,0.23579790246440097,0.9551897048950195,True,0.0,0.8561373464763165,0.0019530935096554458,60.248046875,-0.6801458597183228,0.3144665062427521,2.874992609024048,0.643763542175293,497,0.998046875
-1.6298145055770874e-08,512,0.9120242167264223,3.987258218228817,True,0.8642752356827259,0.24178043976426125,0.9836057126522064,True,0.0,0.9011854957789183,2.1595042198896408e-08,60.419921875,-0.9120242595672607,1.589416265487671,3.987258195877075,0.8642752170562744,498,1.0
-0.0024413359351456165,511,0.7083197229062507,2.9813488570211453,True,0.6726168981970173,0.2559579090913758,1.0184112787246704,True,0.001953125,0.9966864176094532,0.002441331627778709,61.447265625,-0.7116113901138306,0.33485352993011475,2.9813308715820312,0.6734673976898193,499,0.998046875
-0.0019531091675162315,511,0.6842248380300817,2.9244555643160046,True,0.6492033422343184,0.27060792166157627,1.0410230457782745,True,0.0,1.2090040813200176,0.0019531073630787432,62.4140625,-0.6862037181854248,0.3376481831073761,2.92354154586792,0.6492400169372559,500,0.998046875
-0.001953176688402891,511,0.6740348685510937,3.0186894915108575,True,0.6378848866473905,0.2543839530786499,0.9527334868907928,True,0.0,1.2376815574243665,0.001953176863025874,63.2109375,-0.6759963035583496,0.2963748574256897,3.016634464263916,0.6379178762435913,501,0.998046875
-0.014648434706032276,506,0.5984305336541337,2.7471643888903228,True,0.5655321596639429,0.27471183196175847,0.9581539332866669,True,0.01171875,1.3686522133648396,0.014648433774709702,64.44921875,-0.6113594770431519,0.3158889710903168,2.737017869949341,0.5639340877532959,502,0.98828125
-0.004882821813225746,510,0.6654942040349924,2.796630753722845,True,0.6320034768067153,0.25015717330388726,0.8856636881828308,True,0.00390625,1.362832123413682,0.0048828276339918375,64.541015625,-0.6703251004219055,0.33405858278274536,2.792222261428833,0.6320043802261353,503,0.99609375
-0.010253822430968285,507,0.640854873835923,2.835986038166625,True,0.6068928375752015,0.2772350716404617,0.9903392195701599,True,0.001953125,1.3782679997384548,0.01025382592342794,64.265625,-0.6511713862419128,0.26549196243286133,2.8424594402313232,0.6068779230117798,504,0.990234375
-0.00878902804106474,508,0.6649077675473971,2.873790712807122,True,0.6304929936964682,0.28102455276530236,1.0231958329677582,True,0.00390625,1.3519270848482847,0.00878902996191755,65.232421875,-0.6740200519561768,0.4247080683708191,2.883190870285034,0.6307036876678467,505,0.9921875
-0.0048828269354999065,510,0.6682335135983486,2.99628013676288,True,0.6323518778763565,0.25554692792939027,0.9570858776569366,True,0.00390625,1.1849384848028421,0.004882826877292246,63.802734375,-0.6717616319656372,0.4332222640514374,2.9873719215393066,0.6311039328575134,506,0.99609375
-0.008789099752902985,508,0.6804284195261676,3.1009684134656057,True,0.643293102895181,0.23891951391415206,0.9005047976970673,True,0.00390625,1.0005891737528145,0.008789094572421163,62.7265625,-0.6880213022232056,0.3490860164165497,3.098257541656494,0.6421294212341309,507,0.9921875
-0.008789082989096642,508,0.6275277273861443,2.8752484396686704,True,0.5930954884356401,0.24015269163064662,0.8834629058837891,True,0.00390625,1.0934205558151007,0.008789082348812371,62.75390625,-0.6364974975585938,0.2709121108055115,2.882093667984009,0.5931942462921143,508,0.9921875
-0.005371089559048414,510,0.6319887799375197,2.7127045388315247,True,0.5995030821538438,0.24821192426607014,0.9670080840587616,True,0.005859375,0.9887843206524849,0.005371090432163328,62.9921875,-0.6367600560188293,0.31260842084884644,2.7043230533599854,0.5990036725997925,509,0.99609375
-0.0019531557336449623,511,0.6458962144450433,2.9131196473675924,True,0.6110104583714105,0.22663978582713754,0.8968629240989685,True,0.0,0.9062808630988002,0.0019531572761479765,62.044921875,-0.6480905413627625,0.25225695967674255,2.9211976528167725,0.6111549139022827,510,0.998046875
8.638016879558563e-08,512,0.5898411199450493,2.5055865570902824,True,0.5598357375711203,0.23625023865606637,0.93856281042099,True,0.0,0.9707552827894688,-8.824281394481659e-08,61.873046875,-0.5898411273956299,0.2539999485015869,2.505586624145508,0.55983567237854,511,1.0
-0.0019530773861333728,511,0.6253662231850297,2.6121358600847873,True,0.5940848721916661,0.2629055837634951,1.0668889284133911,True,0.0,0.9514944031834602,0.0019530769204720855,62.00390625,-0.6269832849502563,0.2981680631637573,2.6121864318847656,0.5937482118606567,512,0.998046875
-0.0029297589790076017,511,0.6043607398371873,2.703971203059366,True,0.5719796185857395,0.25139070122968404,1.0165695250034332,True,0.00390625,0.9029407557100058,0.002929757669335231,61.796875,-0.6070189476013184,0.26419419050216675,2.7029976844787598,0.571719765663147,513,0.998046875
6.239861249923706e-08,512,0.6224740408360958,2.66732706874609,True,0.5905317589640617,0.25403980441624296,0.997489869594574,True,0.0,1.0908378567546606,-6.30388967692852e-08,62.44921875,-0.6224740147590637,0.33699360489845276,2.6673269271850586,0.5905317068099976,514,1.0
-0.0019531711004674435,511,0.607605830097385,2.789411968447691,True,0.5742015369717622,0.26005810395581647,1.0154550671577454,True,0.0,1.1002783309668303,0.00195317278848961,61.8359375,-0.6093005537986755,0.24969953298568726,2.789743423461914,0.5739391446113586,515,0.998046875
-0.0019530521240085363,511,0.6758641450139175,2.9899023031768497,True,0.640058877416786,0.25303341706749055,0.9793180525302887,True,0.0,1.104335069656372,0.0019530526478774846,62.17578125,-0.6782480478286743,0.38307222723960876,2.991755723953247,0.6404675245285034,516,0.998046875
-5.390029400587082e-08,512,0.6612672377377748,2.805431365966797,True,0.6276711039245129,0.26799221332184975,1.025918960571289,True,0.0,1.2561672814190388,5.570473149418831e-08,62.98828125,-0.6612672209739685,0.3245815634727478,2.805431365966797,0.6276711225509644,517,1.0
5.9138983488082886e-08,512,0.6947086006402969,3.2806457355618477,True,0.6554215792566538,0.2740398819325492,1.0483447313308716,True,0.0,1.2874198593199253,-5.861511453986168e-08,63.482421875,-0.6947085857391357,0.3675137460231781,3.2806458473205566,0.6554215550422668,518,1.0
-0.004882760811597109,510,0.6197042530658199,2.8087591937944,True,0.5860682707206876,0.2547804715693928,0.9099113345146179,True,0.00390625,1.3583089523017406,0.004882756271399558,64.5625,-0.6239559650421143,0.2449827790260315,2.808051109313965,0.5854455828666687,519,0.99609375
-0.01611333154141903,505,0.650326401644414,2.942267566624255,True,0.615091596853615,0.2806277854833752,0.9513857960700989,True,0.009765625,1.4847458004951477,0.016113335150294006,66.294921875,-0.6656818389892578,0.317781925201416,2.9533514976501465,0.614201009273529,520,0.986328125
-0.007324297446757555,509,0.6745014362812979,3.119965819806622,True,0.6371386309972211,0.2869589519686997,1.0668733716011047,True,0.005859375,1.3251996040344238,0.007324295700527728,65.97265625,-0.6812218427658081,0.40574127435684204,3.1195297241210938,0.6365400552749634,521,0.994140625
-0.008789065293967724,508,0.6527079010572959,2.7286694904012005,True,0.6200310118555084,0.2861770916730165,1.0717146396636963,True,0.00390625,1.2609020415693521,0.008789060666458681,66.01171875,-0.6613008975982666,0.29742977023124695,2.733846664428711,0.6197729110717773,522,0.9921875
-0.0009765569120645523,512,0.5574429165571928,2.6011273860931396,True,0.5262934006750584,0.23654066801536827,0.8757206201553345,True,0.00390625,1.2083997186273336,0.0009765569702722132,65.994140625,-0.5584194660186768,0.22007118165493011,2.6011273860931396,0.5262933969497681,523,1.0
-0.004882839508354664,510,0.6678517617431341,2.5482401338278073,True,0.6373356237131007,0.242123163031647,0.9428775906562805,True,0.00390625,0.9732961189001799,0.004882838518824428,62.7734375,-0.6717878580093384,0.3535163402557373,2.5440893173217773,0.6364385485649109,524,0.99609375
-0.006347624585032463,509,0.6583686954614455,3.0027010244095953,True,0.6224101759595814,0.2670930813532323,1.0539562702178955,True,0.001953125,0.9990841094404459,0.006347620801534504,62.552734375,-0.6637765765190125,0.3963499069213867,3.0029757022857666,0.6214670538902283,525,0.994140625
-0.004882756154984236,510,0.6448802293515672,3.2088626001395424,True,0.6064528544743855,0.2330112937837839,0.9076893031597137,True,0.00390625,0.931813508272171,0.004882756242295727,62.470703125,-0.6490789651870728,0.32066842913627625,3.201744556427002,0.6058539748191833,526,0.99609375
-0.0019530542194843292,511,0.6650897979503043,3.1065625906457175,True,0.6278874968595933,0.2441891410329845,0.985237330198288,True,0.0,0.9037723685614765,0.0019530555873643607,61.908203125,-0.6664844751358032,0.32395365834236145,3.101968765258789,0.6273840665817261,527,0.998046875
-0.001953137805685401,511,0.6913508242123747,3.3083105577181455,True,0.6517325061174755,0.23241432670038195,0.9326967000961304,True,0.0,0.8784370329231024,0.001953134429641068,61.26953125,-0.6927267909049988,0.3352464437484741,3.307676315307617,0.6511629223823547,528,0.998046875
-0.00097659882158041,512,0.6958418097347021,3.1971936896443367,True,0.657554155215621,0.2559185416204855,1.0479844212532043,True,0.00390625,0.9069011956453323,0.0009765965660335496,61.830078125,-0.6968183517456055,0.37352561950683594,3.1971938610076904,0.6575541496276855,529,1.0
-0.00390624045394361,510,0.6549016795906366,2.7586245176838897,True,0.6218660633937987,0.23662813793634996,0.962938517332077,True,0.0,0.8026838647201657,0.0039062408031895757,59.93359375,-0.6597456932067871,0.26271823048591614,2.756639003753662,0.6228275895118713,530,0.99609375
-0.0019530629506334662,511,0.6824507687656379,2.878241434489211,True,0.6479826907822296,0.22416356611938681,0.8773750066757202,True,0.0,0.9347100364975631,0.0019530622521415353,61.119140625,-0.6852132081985474,0.3182329535484314,2.8860650062561035,0.6486983299255371,531,0.998046875
-0.004882692359387875,510,0.7014615912063449,3.5862964050442567,True,0.6585142598432652,0.25625668864231554,0.9845927655696869,True,0.00390625,1.0891088396310806,0.004882692301180214,62.720703125,-0.7071643471717834,0.3318900763988495,3.585780620574951,0.6593403816223145,532,0.99609375
-5.587935447692871e-08,512,0.663598071783781,3.007847934961319,True,0.6275778971612453,0.26257941328221934,1.0171882510185242,True,0.0,1.1828341409564018,5.585025064647198e-08,61.75390625,-0.6635980606079102,0.30192112922668457,3.007848024368286,0.6275779008865356,533,1.0
-0.004882805980741978,510,0.63991157096975,2.7357238545137292,True,0.6071502136249167,0.27680638805031776,0.9815198183059692,True,0.00390625,1.5123923607170582,0.004882805340457708,63.326171875,-0.6445050239562988,0.35480475425720215,2.7342705726623535,0.6068782210350037,534,0.99609375
-0.004394577816128731,510,0.6578559873150844,3.0669858516431328,True,0.62112763746112,0.27636048272252084,0.9538706243038177,True,0.001953125,1.6238355189561844,0.0043945796496700495,65.537109375,-0.6638591289520264,0.3424229621887207,3.074634075164795,0.6226446032524109,535,0.99609375
-0.007324161008000374,509,0.6572494722302629,2.9852152292292806,True,0.6215003291492612,0.2939348921179772,1.0401468873023987,True,0.005859375,1.5716271214187145,0.00732415757374838,64.396484375,-0.6639100909233093,0.2923332452774048,2.979213237762451,0.6209086179733276,536,0.994140625
-0.012207086198031902,507,0.6102172954548041,2.9742496982363793,True,0.5745994776075878,0.2744646420818754,0.9118531346321106,True,0.009765625,1.5977385342121124,0.012207087012939155,65.79296875,-0.6223796010017395,0.30911490321159363,2.9731853008270264,0.5745675563812256,537,0.990234375
-0.0024414192885160446,511,0.7162679327677374,2.8939532237510157,True,0.6816117024001778,0.25398871998186223,0.863068699836731,True,0.001953125,1.578671183437109,0.0024414186482317746,65.990234375,-0.7180308103561401,0.4120386838912964,2.892904281616211,0.6809457540512085,538,0.998046875
-0.004882812965661287,510,0.7325169407853893,3.0145831556881175,True,0.6964161393689173,0.2684779930859804,0.9390150010585785,True,0.00390625,1.5158436335623264,0.004882810026174411,65.86328125,-0.7369748950004578,0.770087480545044,3.0155389308929443,0.6959798336029053,539,0.99609375
-3.64379957318306e-08,512,0.6567335091531277,2.8004967123270035,True,0.6231964528560638,0.27907810390461235,1.0419368147850037,True,0.0,1.4138140194118023,3.876630216836929e-08,64.83203125,-0.656733512878418,0.3653419017791748,2.800496816635132,0.6231964826583862,540,1.0
-0.004882811568677425,510,0.6936922779270246,2.717558087554633,True,0.661148459069869,0.2702221214422025,0.9987884759902954,True,0.00390625,1.311632325872779,0.004882809240370989,65.13671875,-0.6980124711990356,0.40086033940315247,2.7128138542175293,0.6606426239013672,541,0.99609375
-0.0024414185900241137,511,0.6402412820935481,2.6916211341925096,True,0.6080080681351065,0.2543506068206625,0.9347312748432159,True,0.001953125,1.299258719664067,0.002441414399072528,64.3125,-0.6431434154510498,0.3052712678909302,2.688551902770996,0.6085054874420166,542,0.998046875
-0.0029297589790076017,511,0.7054896568132241,3.023202444475924,True,0.6692856314014316,0.24412020351737737,0.9165686070919037,True,0.00390625,1.1575344279408455,0.0029297592700459063,63.6640625,-0.7079612612724304,0.4654545485973358,3.020960807800293,0.6688543558120728,543,0.998046875
-0.006347724236547947,509,0.5998530017837794,3.2778338430438385,True,0.5605996575477314,0.2784942369558848,1.08797687292099,True,0.001953125,1.091022677719593,0.006347727321553975,64.578125,-0.6069229245185852,0.29040512442588806,3.289661169052124,0.5611802339553833,544,0.994140625
-0.0024413573555648327,511,0.6071751458304268,3.366969902688043,True,0.5668543591191391,0.24944455230725,1.004686564207077,True,0.001953125,0.9213175717741251,0.0024413603241555393,63.09375,-0.6101545095443726,0.291106253862381,3.3676228523254395,0.5673844814300537,545,0.998046875
-0.004882806912064552,510,0.6503816709798925,2.8701901678945507,True,0.6160100315131395,0.24428198930108921,0.9701451063156128,True,0.00390625,0.9074031608179212,0.004882809764239937,63.751953125,-0.6547254920005798,0.3088390827178955,2.874319553375244,0.6154215335845947,546,0.99609375
-0.007324278354644775,509,0.7257668740154483,2.961933843279166,True,0.6902965507479218,0.2519100045668893,0.9901731908321381,True,0.005859375,0.9310218235477805,0.007324275327846408,64.583984375,-0.7343330383300781,0.41915276646614075,2.9655280113220215,0.6914955377578735,547,0.994140625
1.8510036170482635e-08,512,0.5543870851397514,2.792732961475849,True,0.520943021401763,0.24804459876613694,1.0070933103561401,True,0.0,0.932519106194377,-1.9528670236468315e-08,63.427734375,-0.554387092590332,0.21047422289848328,2.7927329540252686,0.5209430456161499,548,1.0
1.932494342327118e-08,512,0.6500086486339569,3.0274306908249855,True,0.6137539781630039,0.2449944869033061,0.994986355304718,True,0.0,0.9199446057900786,-1.5425030142068863e-08,63.8671875,-0.6500086784362793,0.42983701825141907,3.027430534362793,0.6137539148330688,549,1.0
-0.004882819019258022,510,0.7158208078029109,3.593901490230187,True,0.6727824192421109,0.23148273660335691,0.9118179380893707,True,0.00390625,0.8847265494987369,0.004882820590864867,62.462890625,-0.7202326059341431,0.443310022354126,3.5886566638946533,0.6723742485046387,550,0.99609375
-0.0024413184728473425,511,0.6586470543288437,2.6716833632519563,True,0.6266526019969797,0.24847318619722503,0.9782953262329102,True,0.001953125,1.0074560139328241,0.0024413195787929,62.62890625,-0.6604650020599365,0.31823620200157166,2.668260335922241,0.6260701417922974,551,0.998046875
-0.002441301941871643,511,0.6543868168926051,2.565947711817672,True,0.6236585991023337,0.23725343234837054,0.9111587107181549,True,0.001953125,1.0516077866777778,0.0024413001374341547,61.76171875,-0.6563673615455627,0.35142287611961365,2.5641908645629883,0.6232187747955322,552,0.998046875
3.5390257835388184e-08,512,0.672621289268136,2.916581504046917,True,0.6376940868794918,0.2408407344482839,0.9354665875434875,True,0.0,1.0749490577727556,-3.6729034036397934e-08,61.1796875,-0.6726212501525879,0.34403666853904724,2.916581630706787,0.6376941204071045,553,1.0
-5.727633833885193e-08,512,0.6791119370609522,2.8417884334921837,True,0.6450804155319929,0.2532809626078233,0.9646892845630646,True,0.0,1.2068607453256845,6.661866791546345e-08,60.755859375,-0.6791119575500488,0.36359116435050964,2.8417882919311523,0.6450804471969604,554,1.0
-4.586763679981232e-08,512,0.6364733427762985,2.5224530771374702,True,0.6062659844756126,0.25663069000002,0.9612294137477875,True,0.0,1.287695212289691,4.540197551250458e-08,61.28125,-0.6364732980728149,0.3336651623249054,2.5224530696868896,0.6062660217285156,555,1.0
1.6298145055770874e-09,512,0.620918907225132,2.842219978570938,True,0.5868822019547224,0.2562879913020879,0.9780144691467285,True,0.0,1.213701955974102,-1.8044374883174896e-09,61.021484375,-0.620918869972229,0.23256815969944,2.8422200679779053,0.5868821740150452,556,1.0
-0.0024414355866611004,511,0.6281170144006464,2.774331523014375,True,0.594893301886355,0.2511646490107523,0.9154621064662933,True,0.001953125,1.3126157755032182,0.002441437653033063,61.751953125,-0.6302921772003174,0.33768582344055176,2.773045778274536,0.5946424603462219,557,0.998046875
-0.0019531069556251168,511,0.723374112011635,3.2275396802420717,True,0.6847230615914451,0.2565368158859201,0.9224835634231567,True,0.0,1.4017398618161678,0.0019531086145434529,61.501953125,-0.7254530191421509,0.42062094807624817,3.2228891849517822,0.6849045753479004,558,0.998046875
-0.004882839508354664,510,0.6776328395394718,3.081642242506439,True,0.6407289479293075,0.27138420161791144,0.9636698961257935,True,0.00390625,1.4753475822508335,0.004882842360530049,63.603515625,-0.6826318502426147,0.3846685290336609,3.0855045318603516,0.6407989263534546,559,0.99609375
-0.00244139670394361,511,0.6276501600289763,2.862437771257822,True,0.5933713385736872,0.25327157268184236,0.9103050231933594,True,0.001953125,1.3753833444789052,0.0024413991486653686,62.80078125,-0.6296311616897583,0.3350410759449005,2.8584086894989014,0.5929592251777649,560,0.998046875
-0.002441482851281762,511,0.7001727243225635,2.9954123902927408,True,0.6643014858146935,0.2601804196077865,0.9357258379459381,True,0.001953125,1.4118753299117088,0.0024414843937847763,63.287109375,-0.7024508714675903,0.5013274550437927,2.99643611907959,0.664125919342041,561,0.998046875
-0.0048828041180968285,510,0.5769449853429607,2.8763094621546124,True,0.5425000445515502,0.26979050068184735,0.9897249042987823,True,0.00390625,1.3392542991787195,0.004882803463260643,63.693359375,-0.580885648727417,0.2852059006690979,2.868887424468994,0.5416467189788818,562,0.99609375
-0.002441487740725279,511,0.697292975366932,3.2979343744640013,True,0.6577989191924988,0.2548659478779882,0.9367503225803375,True,0.001953125,1.3014877997338772,0.002441492135403678,63.865234375,-0.6997525691986084,0.38072165846824646,3.2949423789978027,0.6578528881072998,563,0.998046875
-6.728805601596832e-08,512,0.6588972210884094,3.170233376324177,True,0.6209324412047863,0.2536354268318973,0.9772302508354187,True,0.0,1.1637861784547567,6.717164069414139e-08,62.9921875,-0.6588972806930542,0.3590962588787079,3.1702332496643066,0.6209324598312378,564,1.0
-0.002441400894895196,511,0.6686050840553238,2.856481826002117,True,0.634397598861948,0.23895507557317613,0.9135195016860962,True,0.001953125,1.0761954449117184,0.0024414020590484142,62.916015625,-0.6706750988960266,0.39259403944015503,2.8547091484069824,0.6340475082397461,565,0.998046875
-0.0039062483701854944,510,0.6944659298541499,2.8909001415851066,True,0.659846267045713,0.260966958233621,1.011390745639801,True,0.0,1.0956512372940779,0.0039062463911250234,63.123046875,-0.7027689218521118,0.41914424300193787,2.9131736755371094,0.66397625207901,566,0.99609375
8.463393896818161e-08,512,0.632969593629241,2.7493235394358635,True,0.6000453568994999,0.24011236611986533,0.9489243030548096,True,0.0,1.0065518412739038,-8.702045306563377e-08,62.5078125,-0.6329696178436279,0.3005358874797821,2.749323606491089,0.6000453233718872,567,1.0
-3.562308847904205e-08,512,0.5855238363146782,2.610989421606064,True,0.554256210103631,0.24564806002890693,0.9675447344779968,True,0.0,1.0427815802395344,3.3352989703416824e-08,61.990234375,-0.5855238437652588,0.23722635209560394,2.610989570617676,0.5542562007904053,568,1.0
-1.237494871020317e-07,512,0.6651957798749208,2.929154723882675,True,0.6301180180162191,0.26289679955225437,1.021820992231369,True,0.0,1.1706494837999344,1.255539245903492e-07,62.84375,-0.6651958227157593,0.2742345631122589,2.929154872894287,0.6301180124282837,569,1.0
-0.0019530607387423515,511,0.6512632336168607,3.1760961332899713,True,0.6132282260112799,0.27109664420131596,1.0285402536392212,True,0.0,1.268710682168603,0.0019530589343048632,61.25390625,-0.6535245776176453,0.3354800045490265,3.178579807281494,0.6135067343711853,570,0.998046875
-7.898779585957527e-08,512,0.5992026831954718,2.6419505774974823,True,0.5675642937421799,0.2684839045745321,1.0736368298530579,True,0.0,1.075129154138267,7.968628779053688e-08,61.4296875,-0.5992027521133423,0.2595718801021576,2.6419506072998047,0.5675643086433411,571,1.0
4.755565896630287e-08,512,0.6475203726440668,2.9673116728663445,True,0.6119856517761946,0.26818278054706757,1.0247402787208557,True,0.0,1.2646953761577606,-4.484900273382664e-08,63.5859375,-0.6475204229354858,0.3082243502140045,2.9673116207122803,0.6119856834411621,572,1.0
-5.506444722414017e-08,512,0.6916105598211288,3.2724041417241096,True,0.6524222493171692,0.2575297857169062,0.9757075905799866,True,0.0,1.2477642260491848,5.532638169825077e-08,63.09375,-0.69161057472229,0.4112645983695984,3.272404193878174,0.652422308921814,573,1.0
-0.0039063249714672565,510,0.7023025980182723,3.3181057051116345,True,0.6625670031005261,0.25263568402733655,0.943787008523941,True,0.0,1.1994391456246376,0.0039063236908987164,63.673828125,-0.7052301168441772,0.34577828645706177,3.3188467025756836,0.6615793704986572,574,0.99609375
-0.000488205230794847,512,0.7145490199327469,3.0595541819930077,True,0.6779096592217684,0.2628938001347706,1.016905128955841,True,0.001953125,1.1804913822561502,0.0004882036300841719,63.095703125,-0.7150373458862305,0.4546051323413849,3.0595543384552,0.6779096722602844,575,1.0
9.39471647143364e-08,512,0.6987331043928862,3.116280384361744,True,0.6614144258201122,0.2579770308919251,0.962595134973526,True,0.0,1.3091618325561285,-8.969800546765327e-08,64.671875,-0.6987330913543701,0.37946099042892456,3.1162805557250977,0.6614144444465637,576,1.0
9.487848728895187e-09,512,0.6013088505715132,2.437854640185833,True,0.5721145812422037,0.26154858991503716,0.9873521327972412,True,0.0,1.2815634496510029,-1.0506482794880867e-08,63.66796875,-0.6013088226318359,0.28272438049316406,2.437854528427124,0.5721145868301392,577,1.0
-3.702007234096527e-08,512,0.6386161893606186,3.0103087797760963,True,0.602566571906209,0.25366722443141043,0.9501127898693085,True,0.0,1.272892639040947,3.294553607702255e-08,64.291015625,-0.6386162042617798,0.279641717672348,3.0103087425231934,0.6025665402412415,578,1.0
-0.0024413494393229485,511,0.594186865770187,2.7783634345358825,True,0.5609148562304427,0.25029500919627024,0.929004579782486,True,0.001953125,1.241054892539978,0.0024413478386122733,63.412109375,-0.5961383581161499,0.2921178936958313,2.7765989303588867,0.5604461431503296,579,0.998046875
4.7497451305389404e-08,512,0.6183283627033234,2.3887515738606453,True,0.5897221174091101,0.2459075472317636,0.9366691708564758,True,0.0,1.171475162729621,-4.5969500206410885e-08,63.29296875,-0.618328332901001,0.23903129994869232,2.38875150680542,0.5897221565246582,580,1.0
-0.0024414320942014456,511,0.626679201765303,2.506582867842598,True,0.596661895571856,0.24934092614566908,0.9038089513778687,True,0.001953125,1.3227540366351604,0.002441433578496799,63.87890625,-0.6290267705917358,0.27454403042793274,2.5096383094787598,0.5965314507484436,581,0.998046875
-0.0029296288266777992,511,0.6360718016521805,3.2496891497632516,True,0.5971554902668335,0.2506785766570829,0.8968549370765686,True,0.00390625,1.367559190839529,0.002929628302808851,63.63671875,-0.6388490200042725,0.32457107305526733,3.2484002113342285,0.5970184803009033,582,0.998046875
-0.0024414497893303633,511,0.6213791512696477,3.1389683627335754,True,0.583788773493291,0.2426716608926654,0.8869508504867554,True,0.001953125,1.2568006664514542,0.0024414565414190292,63.47265625,-0.6234983205795288,0.2518555223941803,3.1395063400268555,0.5834600925445557,583,0.998046875
-0.002441336400806904,511,0.670869787728483,3.3273558672626886,True,0.6310233941516763,0.2573944253905211,0.9374626278877258,True,0.001953125,1.349211229942739,0.0024413368082605302,63.302734375,-0.6727672815322876,0.40508341789245605,3.32269024848938,0.6305353045463562,584,0.998046875
3.050081431865692e-08,512,0.5573682487010956,2.6248458959162235,True,0.5259346887469292,0.25371286682784555,0.9346230626106262,True,0.0,1.33576569147408,-3.1257513910532e-08,62.822265625,-0.557368278503418,0.22111493349075317,2.6248457431793213,0.5259346961975098,585,1.0
-0.0004883654182776809,512,0.6211116053164005,2.5184738487005234,True,0.5909518804401159,0.263709107437171,0.9827071726322174,True,0.001953125,1.3335861340165138,0.00048836536007002,62.703125,-0.6215999126434326,0.3167121112346649,2.5184738636016846,0.5909519195556641,586,1.0
-1.157168298959732e-07,512,0.6260486803948879,2.693571411073208,True,0.593792112544179,0.27039382414659485,1.0128755867481232,True,0.0,1.3563717622309923,1.1717202141880989e-07,61.66015625,-0.6260486841201782,0.2921096682548523,2.6935713291168213,0.5937920808792114,587,1.0
-0.0019531098660081625,511,0.6301019477517638,3.1271198313763464,True,0.5926534728294716,0.26498085310158787,1.0020481646060944,True,0.0,1.2523621474392712,0.0019531113211996853,60.939453125,-0.6328692436218262,0.27818429470062256,3.1263718605041504,0.5934765934944153,588,0.998046875
-4.237517714500427e-08,512,0.6139962002635002,2.852966144680977,True,0.57983080111444,0.2596769792377018,0.9838520288467407,True,0.0,1.258130595088005,4.260800778865814e-08,62.107421875,-0.613996148109436,0.2990882098674774,2.85296630859375,0.5798307657241821,589,1.0
-6.600748747587204e-08,512,0.6242920272052288,2.4457791335880756,True,0.5950028635561466,0.2602691004984081,0.9854132831096649,True,0.0,1.2637275531888008,6.58910721540451e-08,63.173828125,-0.6242920160293579,0.3318369686603546,2.445779323577881,0.5950028896331787,590,1.0
-6.868503987789154e-08,512,0.630196699872613,3.2574658021330833,True,0.5911872647702694,0.25409194990061224,0.9696120023727417,True,0.0,1.2033896055072546,6.810296326875687e-08,63.169921875,-0.6301966905593872,0.3460958003997803,3.2574658393859863,0.5911872386932373,591,1.0
-0.0004883321234956384,512,0.604651216417551,2.7749642357230186,True,0.5714199338108301,0.25574319979641585,0.9852487742900848,True,0.001953125,1.1641021855175495,0.0004883345973212272,62.009765625,-0.6051394939422607,0.24674977362155914,2.7749640941619873,0.5714199542999268,592,1.0
-0.0029296858701854944,511,0.610711193947876,3.0029892193594554,True,0.5747492110425945,0.2651968506514095,1.0214727520942688,True,0.00390625,1.1594522818922997,0.002929686103016138,63.234375,-0.6132475137710571,0.2619846761226654,3.0010857582092285,0.5743786096572876,593,0.998046875
-0.0024413811042904854,511,0.7139862374550209,2.9905540023997808,True,0.678173167481581,0.26795696292538196,1.023990511894226,True,0.001953125,1.2143496051430702,0.002441379241645336,63.642578125,-0.7162216305732727,0.3780120313167572,2.992147445678711,0.6779480576515198,594,0.998046875
1.0756775736808777e-07,512,0.6253036595880985,2.8136127069592476,True,0.5916095413267612,0.25468881919514386,0.9567763209342957,True,0.0,1.2666731402277946,-1.0355142876505852e-07,64.798828125,-0.6253036260604858,0.24972236156463623,2.813612699508667,0.591609537601471,595,1.0
-0.002441312652081251,511,0.662226051617042,2.406948174982388,True,0.6334019051372655,0.2634289266745327,0.9958944320678711,True,0.001953125,1.2361745834350586,0.0024413097416982055,66.005859375,-0.6645931005477905,0.39746713638305664,2.405515193939209,0.6333447694778442,596,0.998046875
-0.0043945470824837685,510,0.7096550840957493,2.861955650179994,True,0.6753820206604751,0.25870393656659874,0.9357203245162964,True,0.001953125,1.3433064389973879,0.004394548799609765,66.693359375,-0.7128759622573853,0.8360534310340881,2.857771158218384,0.6742585301399231,597,0.99609375
-0.004882850684225559,510,0.6354066902515935,2.5119216909595568,True,0.6053254489805185,0.27433588447747753,1.0254011154174805,True,0.00390625,1.2874561958014965,0.004882850422291085,67.029296875,-0.6409938335418701,0.28772038221359253,2.5193121433258057,0.6059412956237793,598,0.99609375
-0.007812523283064365,509,0.6869501694012251,3.231505500778468,True,0.6482516133714986,0.2846084417309612,1.0142545104026794,True,0.0078125,1.4789003171026707,0.007812522235326469,67.728515625,-0.6940119862556458,0.3713088035583496,3.226616382598877,0.6475595235824585,599,0.994140625
-0.016113221645355225,505,0.5972453559979355,2.8935394532609693,True,0.5625940929545034,0.2806515442440286,0.9172863066196442,True,0.009765625,1.6216213088482618,0.016113215475343168,69.060546875,-0.6117461323738098,0.2900036573410034,2.9157800674438477,0.5607151985168457,600,0.986328125
-0.0058593242429196835,510,0.6316288492258856,2.97179300364326,True,0.5960404620451086,0.28568743397481744,0.9989056885242462,True,0.0078125,1.6009394209831953,0.005859323457116261,67.685546875,-0.6381584405899048,0.33581817150115967,2.9890286922454834,0.596504271030426,601,0.99609375
-0.019531210884451866,504,0.6776789663329956,3.083000841594878,True,0.640758804858677,0.3041129335295409,1.0590981841087341,True,0.015625,1.455241722986102,0.01953120858524926,68.541015625,-0.6951125860214233,0.35522255301475525,3.0793395042419434,0.6387050747871399,602,0.984375
-0.01708986423909664,505,0.6232526451644331,2.984943789774828,True,0.5875067732121684,0.3004925331333652,1.0036765038967133,True,0.013671875,1.6533473078161478,0.01708986604353413,68.44921875,-0.6392912864685059,0.31887999176979065,2.971285343170166,0.5866191387176514,603,0.986328125
-0.012695327401161194,507,0.567949250487416,2.229243971657236,True,0.5412531938308325,0.2711848990758881,0.8843066394329071,True,0.01171875,1.6325647737830877,0.012695331810391508,67.955078125,-0.580673098564148,0.265010803937912,2.2355196475982666,0.5412065982818604,604,0.990234375
-0.007324288133531809,509,0.648259806258271,2.896637159621083,True,0.6135714433516406,0.28445294888224454,0.9694618582725525,True,0.005859375,1.6647257804870605,0.007324287493247539,68.015625,-0.6541241407394409,0.40418437123298645,2.887193441390991,0.6122246384620667,605,0.994140625
-0.0029296509455889463,511,0.6534638708118357,2.8520152881420753,True,0.6193098755965261,0.2658685618371237,0.9327089786529541,True,0.00390625,1.527942250482738,0.002929651935119182,66.48828125,-0.6560197472572327,0.38885119557380676,2.8541321754455566,0.6189106702804565,606,0.998046875
-0.007324193604290485,509,0.5894010356226698,2.2398335619853382,True,0.5625781637043756,0.2826907423324883,0.992142915725708,True,0.005859375,1.5387592315673828,0.007324195699766278,65.14453125,-0.5974213480949402,0.3218281865119934,2.242760181427002,0.5632391571998596,607,0.994140625
-0.005371096543967724,510,0.641543096187068,2.741838813295552,True,0.6087085043682772,0.2601910101948306,0.9285910427570343,True,0.005859375,1.3820340344682336,0.005371098523028195,64.060546875,-0.6463897228240967,0.3473251760005951,2.739551544189453,0.6082113981246948,608,0.99609375
-0.0004883646033704281,512,0.661032922565937,2.4584691748023033,True,0.6315917931497097,0.26682922058971603,0.9925302267074585,True,0.001953125,1.3566961865872145,0.0004883645451627672,64.20703125,-0.6615211963653564,0.3864223062992096,2.4584693908691406,0.631591796875,609,1.0
-9.604264050722122e-08,512,0.6183402519673109,2.854988105595112,True,0.5841506645083427,0.24660499023739252,0.9304134845733643,True,0.0,1.210443887859583,9.837094694375992e-08,63.349609375,-0.618340253829956,0.33248788118362427,2.8549880981445312,0.5841506123542786,610,1.0
-5.820766091346741e-11,512,0.632124587893486,2.5623730197548866,True,0.6014391630887985,0.2649420530768112,1.0189864933490753,True,0.0,1.2228950150310993,2.5902409106492996e-09,62.953125,-0.6321246027946472,0.2589014172554016,2.562373161315918,0.6014391183853149,611,1.0
6.891787052154541e-08,512,0.7146750297397375,3.149596020579338,True,0.6769573651254177,0.2572180024755653,1.0288443267345428,True,0.0,1.0289839981123805,-6.370828486979008e-08,59.9921875,-0.7146750092506409,0.429865300655365,3.1495957374572754,0.676957368850708,612,1.0
-0.0019531151046976447,511,0.5962334323069354,2.8004573501952708,True,0.5626968545456454,0.23131799605907874,0.9027869403362274,True,0.0,0.9761498318985105,0.0019531156431185082,60.4453125,-0.5984902381896973,0.2500900328159332,2.798792600631714,0.5630205273628235,613,0.998046875
-3.3207470551133156e-08,512,0.6987449377775192,2.6541247069835663,True,0.6669607535004616,0.24194409607443962,0.9720216989517212,True,0.0,0.9507945030927658,3.064633347094059e-08,59.970703125,-0.6987449526786804,0.3837449252605438,2.6541247367858887,0.6669607162475586,614,1.0
-2.8172507882118225e-08,512,0.677967282012105,3.0531419962644577,True,0.6414046790450811,0.2698978341999464,1.0609019994735718,True,0.0,1.1543481862172484,2.421438694000244e-08,62.876953125,-0.6779673099517822,0.3953600823879242,3.0531418323516846,0.6414047479629517,615,1.0
-0.002441351767629385,511,0.6292687473698371,3.0998936529962053,True,0.592146292941211,0.24487211242085324,0.9188959896564484,True,0.001953125,1.1730312276631594,0.002441351825837046,63.06640625,-0.6313475370407104,0.2944585680961609,3.100350856781006,0.5917782783508301,616,0.998046875
-3.026798367500305e-09,512,0.6346248704940081,3.1181385070085526,True,0.5972839370369911,0.24830906457500534,0.9169749617576599,True,0.0,1.2982813771814108,2.3283064365386963e-09,63.890625,-0.6346248388290405,0.3120620548725128,3.118138551712036,0.5972839593887329,617,1.0
-0.0029297529254108667,511,0.6833899403738182,3.1712383748033974,True,0.645413126730872,0.2587425787118264,0.9536704123020172,True,0.00390625,1.30157486256212,0.002929752052295953,64.826171875,-0.6859942674636841,0.3797438144683838,3.1680121421813965,0.6451264023780823,618,0.998046875
-0.00244143302552402,511,0.630158860039571,3.0940838471317478,True,0.5931059782285746,0.27224176574964076,0.9690378606319427,True,0.001953125,1.519855199381709,0.002441431686747819,67.369140625,-0.6323146224021912,0.2832484841346741,3.0925374031066895,0.5928388833999634,619,0.998046875
-0.004882799927145243,510,0.6067528523650824,2.591519258536545,True,0.5757183808906406,0.28174237651983275,1.0111288130283356,True,0.00390625,1.4926762338727713,0.004882801091298461,67.126953125,-0.6110849976539612,0.28492337465286255,2.5987672805786133,0.5750808715820312,620,0.99609375
-0.0024414854124188423,511,0.5990656103406634,2.8206525875397626,True,0.565287191107315,0.2725040450517554,0.9829874038696289,True,0.001953125,1.469301539938897,0.002441486227326095,67.2265625,-0.6022124290466309,0.33345451951026917,2.829174041748047,0.5658905506134033,621,0.998046875
-0.0068358671851456165,509,0.6277802757523617,2.750984310869618,True,0.5948361570568121,0.27754713415633886,0.9936567544937134,True,0.00390625,1.4395982921123505,0.006835866719484329,66.6484375,-0.6366251111030579,0.3514546751976013,2.7475368976593018,0.596886396408081,622,0.994140625
-0.00292970915324986,511,0.6400500859066465,2.971541279682675,True,0.6044647190902098,0.2565792819252238,0.9315664172172546,True,0.00390625,1.3467257358133793,0.002929710259195417,66.69921875,-0.6428154706954956,0.3414630889892578,2.9702847003936768,0.604315459728241,623,0.998046875
-0.004882821347564459,510,0.6876316734388763,3.127801035899742,True,0.6501750198065065,0.2693082018056885,0.9876599311828613,True,0.00390625,1.3378678988665342,0.004882819193881005,65.576171875,-0.6920778155326843,0.40520304441452026,3.12311053276062,0.6497944593429565,624,0.99609375
-6.600748747587204e-08,512,0.6388828847557306,3.4466813430190086,True,0.597607534378767,0.26746520549058916,1.0160217881202698,True,0.0,1.2852156665176153,6.314076017588377e-08,64.8828125,-0.6388828754425049,0.3435656726360321,3.446681499481201,0.5976074934005737,625,1.0
-0.0004883150104433298,512,0.7124604228883982,3.0807340145111084,True,0.6755674425512552,0.2613258778816089,0.9963462054729462,True,0.001953125,1.231366453692317,0.0004883129440713674,64.3046875,-0.7129486799240112,0.37101659178733826,3.0807340145111084,0.6755673885345459,626,1.0
-0.006835957057774067,509,0.6019874901340612,2.349659673357291,True,0.573849400509083,0.27284547961317007,0.9942569732666016,True,0.00390625,1.3431626111268997,0.0068359532742761075,64.330078125,-0.6089362502098083,0.26903465390205383,2.3474912643432617,0.5739881992340088,627,0.994140625
9.755603969097137e-08,512,0.5946507304906845,2.2471379563212395,True,0.5677403770387173,0.25564018450677395,0.92489093542099,True,0.0,1.4132418278604746,-9.45583451539278e-08,63.265625,-0.5946507453918457,0.32536807656288147,2.247138023376465,0.5677403807640076,628,1.0
-0.0048828101716935635,510,0.6243882709858466,3.0541985853045595,True,0.5878130536453396,0.27860286538489165,0.9611005783081055,True,0.00390625,1.6299987323582172,0.00488281185971573,65.68359375,-0.6286108493804932,0.31826311349868774,3.0498576164245605,0.5872048139572144,629,0.99609375
-2.5029294192790985e-08,512,0.6689989119768143,2.9210624247789383,True,0.6340180430561304,0.2706743253627792,0.9631922245025635,True,0.0,1.5607171542942524,2.0605511963367462e-08,65.41796875,-0.6689988970756531,0.39293593168258667,2.921062469482422,0.6340180039405823,630,1.0
-0.007324137259274721,509,0.6983365490300716,3.1716086166546704,True,0.6603552888793418,0.2910463357227855,0.9968870282173157,True,0.005859375,1.6868957877159119,0.007324139500269666,65.33203125,-0.7064716219902039,0.35520312190055847,3.176823616027832,0.6611036658287048,631,0.994140625
-0.002441379241645336,511,0.6457554413381155,3.281696044768839,True,0.6064558500413091,0.2759912535082549,0.9245293736457825,True,0.001953125,1.7728798780590296,0.0024413838400505483,65.53515625,-0.6476264595985413,0.3003879487514496,3.276158571243286,0.6059517860412598,632,0.998046875
-0.0068359533324837685,509,0.6623115250310166,2.450081900201284,True,0.6329708407342083,0.27080093608237804,0.9546529352664948,True,0.00390625,1.4606879074126482,0.006835952226538211,63.25,-0.6685515642166138,0.34321364760398865,2.4597558975219727,0.6322590708732605,633,0.994140625
-0.0024414299987256527,511,0.618149687632656,2.7991241013700483,True,0.5846290806501578,0.2388077184557915,0.8139363825321198,True,0.001953125,1.4715802762657404,0.0024414268700638786,63.783203125,-0.6202818155288696,0.33815157413482666,2.797868490219116,0.5843348503112793,634,0.998046875
2.6775524020195007e-09,512,0.7483791932463646,2.6365503519773483,True,0.7168054711073637,0.2833671319065616,1.088044285774231,True,0.0,1.3151655327528715,-3.1723175197839737e-09,63.119140625,-0.7483792304992676,0.8644142150878906,2.6365504264831543,0.7168054580688477,635,1.0
-0.0024413990322500467,511,0.5934230675902619,2.506510685567986,True,0.5634066223398346,0.26601298196474094,1.002503514289856,True,0.001953125,1.2614175602793694,0.002441400138195604,62.63671875,-0.5957704782485962,0.273600310087204,2.5059049129486084,0.5633199214935303,636,0.998046875
-0.0048828693106770515,510,0.6662226298276116,2.849039418089624,True,0.6321042654561062,0.2536958877462894,0.945947915315628,True,0.00390625,1.1924687419086695,0.0048828659928403795,62.521484375,-0.6716389060020447,0.3509874939918518,2.8465023040771484,0.6326680779457092,637,0.99609375
-0.002441412303596735,511,0.669927939626802,3.385808392280235,True,0.6293815579666315,0.24515021280385554,0.9476866126060486,True,0.001953125,1.0634294990450144,0.0024414145154878497,62.84375,-0.6725327372550964,0.3560914695262909,3.3852286338806152,0.629551887512207,638,0.998046875
-3.5099219530820847e-08,512,0.596033213660121,2.3829730227589607,True,0.5674961917102337,0.24553130390122532,0.9872808754444122,True,0.0,0.9615019224584103,3.1781382858753204e-08,61.99609375,-0.5960332155227661,0.3034464418888092,2.3829731941223145,0.5674961805343628,639,1.0
-0.0004882640205323696,512,0.6205682214349508,3.1165949255228043,True,0.5832457840442657,0.24725910777924587,1.0001567900180817,True,0.001953125,0.934789665043354,0.00048826588317751884,62.099609375,-0.6210564970970154,0.2286875993013382,3.1165947914123535,0.5832457542419434,640,1.0
-0.0019530955469235778,511,0.713280317368106,2.7121548130087656,True,0.680801208588475,0.25670570235233753,1.0746204257011414,True,0.0,0.7965704053640366,0.001953096012584865,61.3359375,-0.715224027633667,0.4207535684108734,2.712667465209961,0.6807856559753418,641,0.998046875
-9.546056389808655e-09,512,0.6167642548680305,2.761418506503105,True,0.5836951956152916,0.22617194106569513,0.9046478271484375,True,0.0,0.9048472689464688,1.1583324521780014e-08,62.421875,-0.6167643070220947,0.24542640149593353,2.761418342590332,0.5836951732635498,642,1.0
-0.002929682144895196,511,0.6326302770532507,3.1281806326192414,True,0.5951690783472676,0.2533500454155728,1.0254430770874023,True,0.00390625,0.906635008752346,0.002929678710643202,62.748046875,-0.6362550258636475,0.26061537861824036,3.1259729862213135,0.5958905220031738,643,0.998046875
8.475035429000854e-08,512,0.6170258559286594,3.1877128928899765,True,0.5788517482578754,0.24351489719701935,0.9638217985630035,True,0.0,1.0150122679769993,-7.62520357966423e-08,64.04296875,-0.6170258522033691,0.2663077116012573,3.1877129077911377,0.5788517594337463,644,1.0
-0.0024414421059191227,511,0.6307130015059692,3.226164218730889,True,0.5920784159649142,0.23455640230095015,0.9029023945331573,True,0.001953125,1.0306895785033703,0.002441443793941289,63.5078125,-0.6346554756164551,0.32192832231521606,3.226480007171631,0.5935757160186768,645,0.998046875
-0.002441396936774254,511,0.6114440449529899,2.872466785800434,True,0.5770451315695059,0.24637357322499157,0.9462864995002747,True,0.001953125,1.0934975231066346,0.0024413965293206275,64.4296875,-0.6164723634719849,0.31302863359451294,2.88875150680542,0.5794370174407959,646,0.998046875
-0.004882761277258396,510,0.6131269036554823,2.61362723088732,True,0.5818276947619867,0.26306646182201804,0.9941524863243103,True,0.00390625,1.1870639976114035,0.004882763751083985,64.611328125,-0.6177231073379517,0.3407321274280548,2.612913131713867,0.5815496444702148,647,0.99609375
-0.004882841370999813,510,0.621967332503375,2.635989284515381,True,0.5904003253170088,0.2623643917730078,0.9647577404975891,True,0.00390625,1.2905999515205622,0.004882844514213502,65.1796875,-0.6269247531890869,0.2952801287174225,2.6305596828460693,0.5905399322509766,648,0.99609375
-0.0024413883220404387,511,0.5881721506846627,2.4136505486214,True,0.5592677370442802,0.2547055525239557,0.8952575027942657,True,0.001953125,1.4642533790320158,0.0024413816863670945,65.783203125,-0.5903916358947754,0.27151650190353394,2.4123964309692383,0.55906081199646,649,0.998046875
-0.0029296274296939373,511,0.6508470158987548,2.6611434736830377,True,0.6189787863751913,0.2649883063975722,0.9387838244438171,True,0.00390625,1.4860382862389088,0.0029296259745024145,64.88671875,-0.6532285213470459,0.3122091293334961,2.657163619995117,0.6184782981872559,650,0.998046875
-0.008789027109742165,508,0.7056659516387097,3.327148891809419,True,0.6658220455402465,0.3151740391040221,1.0821533203125,True,0.00390625,1.7990869246423244,0.008789026760496199,66.7578125,-0.7148997783660889,0.3811006247997284,3.3308615684509277,0.666222333908081,651,0.9921875
-0.007812555879354477,509,0.6756569171701292,2.7646776608727532,True,0.6425488116933227,0.2929278638213873,0.9884676933288574,True,0.0078125,1.7484352700412273,0.007812560303136706,66.71875,-0.6836750507354736,0.40928953886032104,2.7699615955352783,0.6426911950111389,652,0.994140625
-0.007324326783418655,509,0.6026320409446895,2.9491736963830433,True,0.5673145185753498,0.3060739001026377,1.045058250427246,True,0.005859375,1.794758504256606,0.007324323654756881,67.208984375,-0.6110149621963501,0.3162411153316498,2.960193157196045,0.5682412385940552,653,0.994140625
-0.011718807741999626,507,0.6530459139944298,3.3661747364367725,True,0.6127346504839685,0.29507252576295284,0.985699325799942,True,0.0078125,1.7242771051824093,0.011718805122654885,66.904296875,-0.6646252274513245,0.30859577655792236,3.3618783950805664,0.6126466989517212,654,0.990234375
-0.005371171981096268,510,0.6832929590169122,2.597660775278129,True,0.6521849622913436,0.2829360588308191,0.9792173206806183,True,0.005859375,1.6344284554943442,0.00537117151543498,65.255859375,-0.6876233816146851,0.5031678676605225,2.591827869415283,0.6512141227722168,655,0.99609375
-0.004394440911710262,510,0.6850497395384545,3.1545622947169285,True,0.6472726052882626,0.26252373626921327,0.8911777138710022,True,0.001953125,1.5978750344365835,0.0043944407952949405,65.53515625,-0.6897358894348145,0.4093124568462372,3.155083179473877,0.6475579738616943,656,0.99609375
-0.0019532020669430494,511,0.56742361415389,2.6289945889825685,True,0.5359403609996206,0.2750426172395237,0.9687606394290924,True,0.0,1.5867456905543804,0.001953203958692029,64.90625,-0.5690916776657104,0.3068787753582001,2.633848190307617,0.5355972647666931,657,0.998046875
-0.0019531738944351673,511,0.698200950650553,2.947223125371914,True,0.6629068032636101,0.2681723461020738,1.0055216252803802,True,0.0,1.302296917885542,0.0019531736616045237,63.462890625,-0.70046067237854,0.44207945466041565,2.95633602142334,0.663104236125946,658,0.998046875
3.050081431865692e-08,512,0.5807485040277243,2.7764744013547897,True,0.5474991276860237,0.26366718355566265,0.9973844587802887,True,0.0,1.2838064096868038,-2.9569491744041443e-08,63.578125,-0.5807485580444336,0.2633676826953888,2.7764744758605957,0.5474991202354431,659,1.0
-0.0019530145218595862,511,0.6734063902946368,2.9568454617390194,True,0.6379970151150997,0.2638085199054331,1.034704715013504,True,0.0,1.0982913002371788,0.0019530109711922705,62.35546875,-0.6769406795501709,0.40201255679130554,2.9673590660095215,0.6394522190093994,660,0.998046875
-7.404014468193054e-08,512,0.6465632058680058,3.029285877943039,True,0.6102863252162933,0.24195240911794827,0.9627755284309387,True,0.0,0.987944632768631,7.130438461899757e-08,61.548828125,-0.6465631723403931,0.3111836910247803,3.0292859077453613,0.6102863550186157,661,1.0
-3.189779818058014e-08,512,0.6881352849304676,2.863653279840946,True,0.653841907158494,0.25844101144466547,1.0303844809532166,True,0.0,1.047281626611948,3.3032847568392754e-08,61.86328125,-0.6881352663040161,0.40104642510414124,2.8636531829833984,0.6538419127464294,662,1.0
-0.0019531885627657175,511,0.6302930514406552,2.69217787680094,True,0.5980531656112222,0.2756752638611943,1.1084293127059937,True,0.0,1.0407242644578218,0.0019531872821971774,60.90625,-0.633080244064331,0.37599167227745056,2.6932754516601562,0.5988740921020508,663,0.998046875
3.7136487662792206e-08,512,0.5864614192396402,2.346575692296028,True,0.5583602581173182,0.24064777449239044,0.9187538325786591,True,0.0,1.1379408556967974,-3.568129613995552e-08,61.564453125,-0.5864614248275757,0.22452007234096527,2.3465757369995117,0.55836021900177,664,1.0
-0.0024414067156612873,511,0.6747032209151876,2.661086833407034,True,0.6428356703713449,0.24859812540235,0.9481096863746643,True,0.001953125,1.1306956484913826,0.0024414044164586812,62.12890625,-0.6767178773880005,0.36258000135421753,2.65852689743042,0.6424395442008972,665,0.998046875
-0.0024414362851530313,511,0.610632319389724,2.6171009146304045,True,0.579291514104593,0.2557935301214457,0.9652441442012787,True,0.001953125,1.206065323203802,0.002441434422507882,62.51953125,-0.6128216981887817,0.29177483916282654,2.616448402404785,0.5790472626686096,666,0.998046875
-0.009277272038161755,508,0.7171437421182948,3.0970604823330254,True,0.6800552367225406,0.2733721622847952,1.016929566860199,True,0.005859375,1.2141795214265585,0.009277272270992398,62.4140625,-0.7306822538375854,0.439654141664505,3.14996075630188,0.683682918548584,667,0.9921875
-0.0024413662031292915,511,0.6077642011549141,3.0493018883781655,True,0.5712476208251984,0.25886682274285705,0.977433830499649,True,0.001953125,1.2187738120555878,0.0024413652281509712,62.501953125,-0.6102173328399658,0.3248949646949768,3.0474658012390137,0.571281373500824,668,0.998046875
-0.000488298712298274,512,0.6251861806958914,2.5996748208999634,True,0.5940540563315153,0.25807593840872867,0.9607583582401276,True,0.001953125,1.3087193761020899,0.0004882969515165314,63.5078125,-0.6256744861602783,0.3288104236125946,2.599674701690674,0.594054102897644,669,1.0
-0.006347612012177706,509,0.6423480568091385,3.033537467008489,True,0.606020259482453,0.28058622283861046,1.009630799293518,True,0.001953125,1.4462490528821945,0.006347609538352117,64.16796875,-0.6484519839286804,0.38382384181022644,3.0452632904052734,0.6056361198425293,670,0.994140625
-0.001953165978193283,511,0.604085215617066,2.5895450423141746,True,0.5730744089399065,0.26744605978019537,0.983418732881546,True,0.0,1.3761828616261482,0.0019531691796146333,63.783203125,-0.6054108142852783,0.3103038966655731,2.585594654083252,0.5724941492080688,671,0.998046875
-8.149072527885437e-08,512,0.6171037461608648,2.9264992028474808,True,0.5820577703416348,0.2629127217689529,0.9330988526344299,True,0.0,1.5258574318140745,7.796916179358959e-08,65.15625,-0.6171036958694458,0.26644593477249146,2.926499128341675,0.582057774066925,672,1.0
-0.006835878361016512,509,0.6860428295575799,3.318671171229574,True,0.6463004293282515,0.2827158047119156,0.9900216162204742,True,0.00390625,1.5575119946151972,0.006835880863945931,65.806640625,-0.6934062242507935,0.3767566978931427,3.312744617462158,0.6468988656997681,673,0.994140625
-5.2619725465774536e-08,512,0.5562055911868811,2.5584953352808952,True,0.5255666114389896,0.2798943425063044,1.0137171745300293,True,0.0,1.543017229065299,4.5271008275449276e-08,65.486328125,-0.5562056303024292,0.24186044931411743,2.55849552154541,0.5255666375160217,674,1.0
-0.007812552154064178,509,0.6743067203195718,2.958002739664614,True,0.6388834723086629,0.27747815623879435,0.9678153395652771,True,0.0078125,1.5220506452023983,0.007812554875272326,65.638671875,-0.6816937327384949,0.38389596343040466,2.9490766525268555,0.6385648250579834,675,0.994140625
-0.00048824911937117577,512,0.5901125650852919,2.6266139149665833,True,0.5586578268557787,0.27930545618291946,1.0317511558532715,True,0.001953125,1.4493394810706377,0.0004882492939941585,66.265625,-0.5906009078025818,0.2661464214324951,2.6266140937805176,0.5586578845977783,676,1.0
-0.0048828450962901115,510,0.6478891332944234,2.8427166302998863,True,0.613846495104771,0.2774226439651102,1.0351558029651642,True,0.00390625,1.3101727440953255,0.004882845561951399,65.517578125,-0.6525511145591736,0.37272217869758606,2.855323314666748,0.6134747266769409,677,0.99609375
-0.0073243072256445885,509,0.6294587629248913,2.686590349744486,True,0.597285781838805,0.2939271407201886,1.0810866355895996,True,0.005859375,1.4077101424336433,0.007324305130168796,66.03515625,-0.6387871503829956,0.33999425172805786,2.688199281692505,0.5992707014083862,678,0.994140625
-0.010253895074129105,508,0.595959787293682,2.7028865832982105,True,0.5635916712715869,0.2705871389945969,0.9609404802322388,True,0.009765625,1.3629030138254166,0.010253891116008162,66.16015625,-0.6053271293640137,0.28410977125167847,2.69421648979187,0.5628089308738708,679,0.9921875
-0.00244131195358932,511,0.6372690584561597,3.077124038554451,True,0.6004192815134902,0.2638822123175487,0.9711880683898926,True,0.001953125,1.3440656941384077,0.002441312768496573,64.9375,-0.6395675539970398,0.30982011556625366,3.0762877464294434,0.6002864241600037,680,0.998046875
-2.2118911147117615e-09,512,0.6909593474119902,3.091590628027916,True,0.653936356306076,0.26653631691588087,1.0088001489639282,True,0.0,1.2955256970599294,1.0477378964424133e-09,64.52734375,-0.6909593343734741,0.4987172484397888,3.091590642929077,0.6539363861083984,681,1.0
-0.00488273985683918,510,0.6138920024329542,2.840259234110514,True,0.5798787780836516,0.27018312059808525,0.9901618659496307,True,0.00390625,1.3453602064400911,0.004882737062871456,63.779296875,-0.6192485094070435,0.35216766595840454,2.837040662765503,0.5803910493850708,682,0.99609375
-0.013183603063225746,506,0.5880854864836682,3.060114836033154,True,0.5514394077858905,0.2741628090501763,0.951152116060257,True,0.005859375,1.4149755919352174,0.013183604722144082,65.166015625,-0.6100766658782959,0.3383308947086334,3.082259178161621,0.5599818229675293,683,0.98828125
-0.0024414462968707085,511,0.6596385910086436,2.7134209239086293,True,0.6271443094059446,0.2714699738426134,0.9751969575881958,True,0.001953125,1.47978269867599,0.0024414456565864384,64.21875,-0.6628040075302124,0.36333975195884705,2.7109880447387695,0.6278974413871765,684,0.998046875
-0.006835931446403265,509,0.635707176211775,2.8279309640464705,True,0.6018415918401743,0.27668164145434276,0.9754855036735535,True,0.00390625,1.4949720576405525,0.006835937034338713,64.1015625,-0.6430269479751587,0.39664503931999207,2.8365073204040527,0.602222740650177,685,0.994140625
-0.004394372459501028,510,0.6064273128322527,2.772002926994773,True,0.5732315063476562,0.26339413842651993,0.9077857434749603,True,0.001953125,1.5488523170351982,0.0043943728087469935,63.474609375,-0.6111243963241577,0.31687676906585693,2.7753052711486816,0.5734944343566895,686,0.99609375
1.7695128917694092e-08,512,0.6865323409438133,3.3458316028118134,True,0.6464647110551596,0.2643722617300227,0.9652503132820129,True,0.0,1.4264443796128035,-2.1827872842550278e-08,62.7578125,-0.6865323185920715,0.3627457916736603,3.3458316326141357,0.6464647054672241,687,1.0
1.0943040251731873e-08,512,0.5898243021219969,3.055634059011936,True,0.5532318893820047,0.27215759973041714,0.9700725078582764,True,0.0,1.5628621391952038,-1.0186340659856796e-08,63.685546875,-0.5898243188858032,0.230973482131958,3.055634021759033,0.5532318353652954,688,1.0
-4.7497451305389404e-08,512,0.7140194438397884,3.48334963619709,True,0.6723049785941839,0.2643719238694757,0.9613597393035889,True,0.0,1.441998589783907,4.470348358154297e-08,62.39453125,-0.7140194773674011,0.4347462058067322,3.4833498001098633,0.6723049879074097,689,1.0
-0.002441378077492118,511,0.6435375647535528,2.5627435578758706,True,0.6128476930457785,0.2687593727372587,0.9328329265117645,True,0.001953125,1.595028156414628,0.002441378135699779,63.94140625,-0.6474776268005371,0.42615339159965515,2.5714755058288574,0.6142417788505554,690,0.998046875
-0.003906335216015577,510,0.6118581280988806,2.377198384789859,True,0.5833902461856019,0.2847934153105598,0.9807237982749939,True,0.0,1.6948464247398078,0.00390633218921721,63.76171875,-0.6167986989021301,0.3526393473148346,2.3791215419769287,0.584401547908783,691,0.99609375
1.0535586625337601e-07,512,0.6601568814367056,2.879348948597908,True,0.6256755385547876,0.2845248323865235,1.0172870755195618,True,0.0,1.6213504113256931,-1.0401709005236626e-07,64.044921875,-0.6601568460464478,0.33553650975227356,2.8793492317199707,0.6256755590438843,692,1.0
1.234002411365509e-08,512,0.6299828998744488,2.8887847885489464,True,0.5953885763883591,0.2683297180803493,0.921870231628418,True,0.0,1.6791136525571346,-1.2631062418222427e-08,64.736328125,-0.6299829483032227,0.330253928899765,2.888784885406494,0.5953885912895203,693,1.0
-0.002441508462652564,511,0.7271661970713368,3.507148422140431,True,0.6851667283565797,0.28853450817987325,1.0568098425865173,True,0.001953125,1.4946205653250217,0.002441510499920696,65.087890625,-0.7297519445419312,0.39964544773101807,3.5056591033935547,0.6853289008140564,694,0.998046875
2.9569491744041443e-08,512,0.5549075584858656,2.5162625908851624,True,0.5247743204236031,0.2690220412565395,0.9776826500892639,True,0.0,1.469710810109973,-3.073364496231079e-08,64.4765625,-0.5549075603485107,0.23929721117019653,2.5162625312805176,0.5247743129730225,695,1.0
-0.005371110048145056,510,0.6842563336970761,3.2495400316575,True,0.6453418000071656,0.2780787963187322,1.0182507038116455,True,0.005859375,1.381150972098112,0.005371106439270079,64.73828125,-0.6914874911308289,0.3814074397087097,3.253188133239746,0.6471582651138306,696,0.99609375
-5.698530003428459e-08,512,0.6176055110991001,3.111000567674637,True,0.5803500581532717,0.27386403186246755,1.0286573767662048,True,0.0,1.36265005543828,5.3318217396736145e-08,65.46875,-0.6176055073738098,0.29651743173599243,3.1110005378723145,0.5803500413894653,697,1.0
-0.0004883437650278211,512,0.6360310483723879,2.901239588856697,True,0.6012875717133284,0.2443868525326252,0.8775738477706909,True,0.001953125,1.3676747847348452,0.0004883420770056546,65.17578125,-0.6365193128585815,0.418781042098999,2.9012396335601807,0.6012875437736511,698,1.0
-0.0024412956554442644,511,0.616030369836057,2.8347241946162542,True,0.5820834395236931,0.27959598100278527,1.0629773139953613,True,0.001953125,1.2911844737827778,0.0024412936181761324,63.6796875,-0.6209496259689331,0.3769688904285431,2.835963487625122,0.5845464468002319,699,0.998046875
-0.006347720976918936,509,0.6140374353920312,2.73914114899626,True,0.5812351495203194,0.30192003960255537,1.1166622042655945,True,0.001953125,1.4447975885123014,0.006347717921016738,66.615234375,-0.6214417219161987,0.3312106132507324,2.7487220764160156,0.5821770429611206,700,0.994140625
-0.009765625,508,0.5993399648215826,2.465911176261001,True,0.5698097038456773,0.27110635277349504,0.9931716024875641,True,0.0078125,1.2541280910372734,0.009765626513399184,65.779296875,-0.6116735935211182,0.3100902736186981,2.486384868621826,0.5721325874328613,701,0.9921875
-0.006347615271806717,509,0.6098577702209382,2.7038101512931414,True,0.5774785822407436,0.2833411275409162,1.02358278632164,True,0.001953125,1.4455391075462103,0.006347613001707941,66.595703125,-0.6157785654067993,0.29294097423553467,2.6997079849243164,0.5771008133888245,702,0.994140625
-0.0039062113501131535,510,0.5430432228481069,2.3335009495417274,True,0.5150986206297781,0.2592491088435054,0.9386005997657776,True,0.0,1.3524556066840887,0.003906208206899464,66.693359375,-0.5464839339256287,0.273658812046051,2.331242561340332,0.514660120010376,703,0.99609375
-0.009277287870645523,508,0.6305908039798888,2.9290897451986475,True,0.5955137868565837,0.26546214953996244,0.9099386930465698,True,0.005859375,1.4839423634111881,0.009277292469050735,67.4296875,-0.6406079530715942,0.3753112554550171,2.954556465148926,0.5959486961364746,704,0.9921875
-0.003906254190951586,510,0.568600867542566,2.799917760549807,True,0.535070746085223,0.25623267602641137,0.9252018332481384,True,0.0,1.3457210697233677,0.003906254161847755,66.66796875,-0.5730807185173035,0.25145578384399414,2.7958436012268066,0.5356931686401367,705,0.99609375
-0.004882806912064552,510,0.5927712936027377,2.571331933900422,True,0.5619785956307953,0.2607854969566688,0.9228101968765259,True,0.00390625,1.426812943071127,0.0048828081344254315,67.189453125,-0.5966167449951172,0.3030494749546051,2.571136951446533,0.5609435439109802,706,0.99609375
-0.004882885608822107,510,0.6272924098314023,2.824566890679154,True,0.5934671257056442,0.2726429730188102,0.9627948999404907,True,0.00390625,1.5040220990777016,0.004882887413259596,67.83203125,-0.631823718547821,0.3642835021018982,2.8229589462280273,0.5931348204612732,707,0.99609375
-0.006835925858467817,509,0.6025388715075134,2.8284339965677914,True,0.5686672781914296,0.27038450164254757,0.974950760602951,True,0.00390625,1.371168365702033,0.006835930253146216,66.42578125,-0.6117722988128662,0.2914409935474396,2.8274238109588623,0.5710768103599548,708,0.994140625
-0.0019531039288267493,511,0.5827277320238475,2.642233047000116,True,0.5510859492940212,0.26776222288608553,0.9729014039039612,True,0.0,1.4245767295360565,0.0019531046273186803,66.19921875,-0.5851065516471863,0.2917245030403137,2.644094944000244,0.5514893531799316,709,0.998046875
-0.0024413224309682846,511,0.6189845333827216,3.328737729682847,True,0.5791215936265113,0.27206804418237884,0.9932501018047333,True,0.001953125,1.4195339465513825,0.0024413252831436694,65.73046875,-0.6211599111557007,0.28274455666542053,3.3292043209075928,0.5788500308990479,710,0.998046875
-0.0004882323555648327,512,0.6476670671254396,3.33063393086195,True,0.6077814102172852,0.25006608027033506,0.9091639816761017,True,0.001953125,1.3549009915441275,0.00048823305405676365,65.490234375,-0.6481553316116333,0.3317587077617645,3.330634117126465,0.6077814102172852,711,1.0
-0.0039062288124114275,510,0.5973070698625901,2.8736472069048413,True,0.5628940092582329,0.26983350617811086,0.9991544187068939,True,0.0,1.3219278790056705,0.0039062273572199047,64.080078125,-0.6010124683380127,0.28278058767318726,2.8709683418273926,0.562725305557251,712,0.99609375
-0.0019530331483110785,511,0.5970602178993524,2.626062166900784,True,0.5656120830785971,0.27388992568012327,1.0234177112579346,True,0.0,1.3450670642778277,0.0019530293648131192,63.5234375,-0.5990211367607117,0.28928130865097046,2.624631404876709,0.5656369924545288,713,0.998046875
-0.009765668772161007,508,0.6724464325454291,3.2609317021107107,True,0.6333954909185726,0.2852435091161169,1.0177075266838074,True,0.0078125,1.4387266654521227,0.009765669878106564,64.283203125,-0.6850931644439697,0.4543451964855194,3.2767832279205322,0.6360867619514465,714,0.9921875
1.6542617231607437e-07,512,0.6085943300276995,2.7911275774240494,True,0.5751694831997156,0.2887031101156026,1.038745403289795,True,0.0,1.6190838478505611,-1.6411649994552135e-07,65.65234375,-0.6085942983627319,0.2535834014415741,2.7911276817321777,0.5751694440841675,715,1.0
-0.004882908891886473,510,0.5924540526726667,2.4109848050510188,True,0.5635815777030646,0.2804161397507414,0.9387032687664032,True,0.00390625,1.7558514326810837,0.004882913490291685,66.36328125,-0.5971267223358154,0.24672852456569672,2.413672924041748,0.5633391737937927,716,0.99609375
-0.005371131934225559,510,0.5961731667612113,2.762977418712541,True,0.5630854439501668,0.27043484156019987,0.9070703983306885,True,0.005859375,1.6729925349354744,0.005371133447624743,66.056640625,-0.6014590263366699,0.3169853687286377,2.7629055976867676,0.5630010366439819,717,0.99609375
-0.003418042091652751,511,0.6375887325131963,2.72919094282587,True,0.6049056012336522,0.2747305064694956,0.9541358053684235,True,0.005859375,1.6097059603780508,0.003418045525904745,66.484375,-0.6405397653579712,0.3321884274482727,2.727073907852173,0.6044639945030212,718,0.998046875
-0.0024413473438471556,511,0.5890639413826153,2.751025208288443,True,0.5561193406231948,0.29541053441353143,1.0090950727462769,True,0.001953125,1.8230034038424492,0.002441347751300782,66.326171875,-0.5910742282867432,0.2235487699508667,2.7479357719421387,0.5557252168655396,719,0.998046875
-0.004394517280161381,510,0.6956361691157024,2.868857914793724,True,0.6612804733070673,0.2804649547790177,0.9687017500400543,True,0.001953125,1.6466017365455627,0.004394516174215823,65.818359375,-0.6992387771606445,0.4395052492618561,2.86482572555542,0.6605368256568909,720,0.99609375
-0.004882680252194405,510,0.6607492330027561,2.772781031739478,True,0.6275440917295567,0.28079812945798044,0.9524392485618591,True,0.00390625,1.7085520196706057,0.004882677865680307,65.55078125,-0.6650981903076172,0.376889705657959,2.773524284362793,0.6270014047622681,721,0.99609375
-0.0048828208819031715,510,0.5990568506951427,2.7724928444507073,True,0.5658551683612898,0.2621521546971053,0.9020845592021942,True,0.00390625,1.537048453465104,0.004882819077465683,65.724609375,-0.6032347679138184,0.3053583800792694,2.7693777084350586,0.5651876330375671,722,0.99609375
9.452924132347107e-08,512,0.6088456586003304,2.9702058881521225,True,0.5732762664556503,0.28892544829286637,1.056556224822998,True,0.0,1.5522859040647745,-9.281211532652378e-08,64.857421875,-0.6088456511497498,0.31149163842201233,2.970205783843994,0.5732762813568115,723,1.0
4.44706529378891e-08,512,0.6394814699888229,3.4397366046905518,True,0.5982892774045467,0.28363071409985424,1.0753119587898254,True,0.0,1.37136722356081,-4.0512531995773315e-08,64.625,-0.6394814252853394,0.3147066831588745,3.4397366046905518,0.5982892513275146,724,1.0
-0.0019532460719347,511,0.6203258014238512,2.7678907584770776,True,0.5871792226854836,0.2671172220725566,1.0130590200424194,True,0.0,1.251043463125825,0.001953243452589959,63.783203125,-0.6223422288894653,0.344230055809021,2.764986515045166,0.587277352809906,725,0.998046875
-0.0024413219653069973,511,0.6666264489672188,2.67233326010508,True,0.6346241999745602,0.24811434113653377,0.9318422079086304,True,0.001953125,1.1860915068536997,0.002441322634695098,62.400390625,-0.6710594296455383,0.39544913172721863,2.6712207794189453,0.6366291046142578,726,0.998046875
6.705522537231445e-08,512,0.5683514662086964,2.3371728360652924,True,0.5403628963977098,0.2535146197769791,0.9831719100475311,True,0.0,1.137606093659997,-6.845220923423767e-08,62.84765625,-0.5683514475822449,0.30035078525543213,2.337172746658325,0.5403628945350647,727,1.0
-0.0029296439606696367,511,0.6562534650011306,2.6876863952718835,True,0.624067363207121,0.24800542899174619,0.93942791223526,True,0.00390625,1.1438039550557733,0.002929647802375257,62.744140625,-0.6598168611526489,0.33675652742385864,2.6878180503845215,0.6246995329856873,728,0.998046875
-0.0024414584040641785,511,0.6724412748025123,3.0291708108263706,True,0.6361657681997043,0.24123879792168734,0.8985106945037842,True,0.001953125,1.181904001161456,0.0024414576473645866,62.220703125,-0.6761401891708374,0.4423328638076782,3.023888349533081,0.6374865770339966,729,0.998046875
-0.0024413401260972023,511,0.63172947019047,2.510124390605844,True,0.6016697468939592,0.25464924036059533,0.9589872658252716,True,0.001953125,1.2082090191543102,0.0024413353530690074,62.078125,-0.6336627006530762,0.4100781977176666,2.5076379776000977,0.6011912822723389,730,0.998046875
-0.0019531315192580223,511,0.6058548719215765,2.7883648802389605,True,0.572463106035953,0.26521293906844223,0.9822898805141449,True,0.0,1.336036540567875,0.001953134487848729,63.216796875,-0.6076035499572754,0.2898330092430115,2.788105010986328,0.5722618103027344,731,0.998046875
1.0081566870212555e-07,512,0.6016896944493055,2.9923522248864174,True,0.5658550821244717,0.27557624906767164,1.0369498431682587,True,0.0,1.3637275137007236,-9.580980986356735e-08,63.654296875,-0.6016896367073059,0.36331796646118164,2.99235200881958,0.565855085849762,732,1.0
3.2247044146060944e-08,512,0.6819687001407146,2.8333381339907646,True,0.6480383686721325,0.2815977192483842,1.05733060836792,True,0.0,1.4026325847953558,-3.317836672067642e-08,63.66015625,-0.6819686889648438,0.41297703981399536,2.8333382606506348,0.648038387298584,733,1.0
-1.2398231774568558e-08,512,0.566251590847969,2.8653949722647667,True,0.5319373719394207,0.28334372797980906,1.0312396883964539,True,0.0,1.5419155601412058,1.076841726899147e-08,65.166015625,-0.5662515759468079,0.2821232080459595,2.8653950691223145,0.5319373607635498,734,1.0
-0.0029296833090484142,511,0.6892372087489836,2.609335052057255,True,0.6579893994238045,0.2685657319845632,0.9251793324947357,True,0.00390625,1.6120037026703358,0.002929678827058524,66.2421875,-0.6919553875923157,0.38707512617111206,2.6088356971740723,0.6577838659286499,735,0.998046875
-0.005371103063225746,510,0.5805517804388906,2.402972765529857,True,0.5517752434693131,0.27627647924236953,0.9558331966400146,True,0.005859375,1.5947746522724628,0.005371105391532183,66.06640625,-0.5860297679901123,0.288914293050766,2.399416446685791,0.5519247651100159,736,0.99609375
-0.002441324293613434,511,0.6285256793587641,3.067503651060937,True,0.5917911193025556,0.2943383974721655,1.0292189121246338,True,0.001953125,1.7210657261312008,0.0024413272039964795,66.646484375,-0.6312389969825745,0.34080228209495544,3.068108081817627,0.5920557975769043,737,0.998046875
-0.002441421616822481,511,0.6539825306596587,3.0721315385777426,True,0.6171925503563741,0.26216346425935627,0.9063101410865784,True,0.001953125,1.5692002391442657,0.0024414228391833603,65.15234375,-0.6561278104782104,0.3727283477783203,3.0714354515075684,0.6169047951698303,738,0.998046875
-0.004882835317403078,510,0.6775356542830374,2.8230654772590182,True,0.6437283349972145,0.3146970009431243,1.0951558351516724,True,0.00390625,1.8156598452478647,0.004882840497884899,67.287109375,-0.682817280292511,0.40835386514663696,2.824995994567871,0.64410400390625,739,0.99609375
-0.002441419754177332,511,0.6125382609563331,3.0376256450048396,True,0.5761614935272127,0.3011868675821461,1.0799077153205872,True,0.001953125,1.6552781369537115,0.0024414167855866253,65.3046875,-0.6148312091827393,0.35435178875923157,3.0342984199523926,0.5760529041290283,740,0.998046875
5.145557224750519e-08,512,0.6074554845690727,2.647456780076027,True,0.575751144438982,0.28418048021849246,1.0154685974121094,True,0.0,1.6217362117022276,-5.1106326282024384e-08,65.431640625,-0.6074554920196533,0.2764783501625061,2.647456645965576,0.5757511854171753,741,1.0
-0.002441388089209795,511,0.6157158467401029,2.6410337273621978,True,0.5840884163654946,0.29166816237848253,1.0069013237953186,True,0.001953125,1.7569302506744862,0.0024413838400505483,65.998046875,-0.6184884309768677,0.2999459505081177,2.6396536827087402,0.5844361782073975,742,0.998046875
-0.002441482851281762,511,0.5799816400104305,2.9688950004876236,True,0.5444279670598688,0.2996506469557062,1.0461456775665283,True,0.001953125,1.7596004791557789,0.0024414858780801296,67.328125,-0.5829371809959412,0.2618671953678131,2.9740309715270996,0.5448805689811707,743,0.998046875
-0.006835999898612499,509,0.6151524439073498,2.8122385583364182,True,0.5814747941517406,0.2740254694130272,0.9242345094680786,True,0.00390625,1.6468512825667858,0.0068360003642737865,65.6640625,-0.6221727728843689,0.3344220221042633,2.8132381439208984,0.5816472172737122,744,0.994140625
-4.773028194904327e-09,512,0.7216415423899889,3.0545302852988243,True,0.6850623264908791,0.28281022092560304,1.0017443001270294,True,0.0,1.6492271730676293,-5.820766091346741e-11,65.05859375,-0.7216415405273438,0.4462048411369324,3.054530143737793,0.6850622892379761,745,1.0
-0.004882864188402891,510,0.6737971934617732,3.3903969278522563,True,0.6331958681929346,0.2621670382563025,0.90360027551651,True,0.00390625,1.5312822638079524,0.00488286855397746,65.830078125,-0.6798747777938843,0.3664228022098541,3.3859572410583496,0.6344437599182129,746,0.99609375
-0.004882762674242258,510,0.6715695738792419,2.7573168202942497,True,0.6385496197962294,0.2729832844110206,0.965236246585846,True,0.00390625,1.5010653417557478,0.004882766435912345,65.65234375,-0.6766102910041809,0.34648922085762024,2.7647316455841064,0.6386187076568604,747,0.99609375
-0.0024414074141532183,511,0.6182023059365334,2.5882455901390418,True,0.5872070572380916,0.2588053269078955,0.9665717482566833,True,0.001953125,1.260991295799613,0.002441411023028195,63.02734375,-0.6205892562866211,0.3203217685222626,2.5878453254699707,0.5871573686599731,748,0.998046875
-0.0019530949648469687,511,0.6575755599426896,2.8705307961443394,True,0.6231998362653175,0.23846126509597526,0.9139022827148438,True,0.0,1.0745542794466019,0.0019530935096554458,62.171875,-0.6587139368057251,0.3988957405090332,2.866258382797241,0.6224362254142761,749,0.998046875
-0.001953145954757929,511,0.6138473095375965,2.781501110752501,True,0.5805377434727731,0.24645621350500735,0.9340202510356903,True,0.0,1.153980329632759,0.001953145081643015,63.072265625,-0.6157404184341431,0.22407054901123047,2.783277988433838,0.5804564356803894,750,0.998046875
-0.0024413657374680042,511,0.6067571402062641,2.190464173744336,True,0.5805254625247649,0.25259291257243605,0.962860643863678,True,0.001953125,1.151588274165988,0.0024413695209659636,62.703125,-0.6103371381759644,0.3495192527770996,2.1944572925567627,0.5816162824630737,751,0.998046875
-0.001953194849193096,511,0.6299833861815719,2.920708688504542,True,0.5950067511043436,0.23207242826465518,0.8679858446121216,True,0.0,1.1304412875324488,0.001953194325324148,61.767578125,-0.6317325830459595,0.36175277829170227,2.9195303916931152,0.5948169827461243,752,0.998046875
-2.7008354663848877e-08,512,0.6923748664557934,3.1466470509767532,True,0.6546925324946642,0.25026589701883495,0.9723393619060516,True,0.0,1.1159598622471094,3.0529918149113655e-08,61.875,-0.6923748254776001,0.43716809153556824,3.1466469764709473,0.654692530632019,753,1.0
-0.002441289834678173,511,0.7167131677998955,2.971310459237742,True,0.6811305654258877,0.2596313929301687,1.002428948879242,True,0.001953125,1.1340862549841404,0.002441290591377765,62.673828125,-0.7187200784683228,0.42012616991996765,2.9679737091064453,0.6807360649108887,754,0.998046875
-0.002441396936774254,511,0.6848889176392975,3.104692640603172,True,0.6477089836872719,0.26137773871887476,0.9885563552379608,True,0.001953125,1.224501360207796,0.002441398100927472,61.490234375,-0.6869027614593506,0.6144077181816101,3.1026368141174316,0.6473060846328735,755,0.998046875
-0.0024413985665887594,511,0.6478698213972923,2.9854631358630033,True,0.6121177123950652,0.24039929194841533,0.8818781077861786,True,0.001953125,1.2316453624516726,0.0024414011859335005,63.005859375,-0.6524192094802856,0.35521093010902405,2.999994993209839,0.6140516996383667,756,0.998046875
-0.001953124301508069,511,0.6061869474773072,3.003205158472528,True,0.5702223749776643,0.24077236850280315,0.8593036234378815,True,0.0,1.3391702771186829,0.0019531288417056203,64.26953125,-0.6082008481025696,0.313445508480072,3.003803253173828,0.5702760219573975,757,0.998046875
-5.48316165804863e-08,512,0.6557238213717937,2.7000153437256813,True,0.6233900785446167,0.2528909722575918,0.931377649307251,True,0.0,1.3323077238164842,5.494803190231323e-08,63.115234375,-0.6557238101959229,0.45412424206733704,2.7000153064727783,0.6233900785446167,758,1.0
-0.002441472141072154,511,0.6175952311131352,2.7567717408480705,True,0.5845818170829296,0.24964823327027263,0.8684368133544922,True,0.001953125,1.4703879803419113,0.0024414698127657175,63.970703125,-0.6199793219566345,0.2783586382865906,2.757112979888916,0.5845204591751099,759,0.998046875
6.670597940683365e-08,512,0.5559514537453651,2.2469653636217117,True,0.5290431715548038,0.24901941909920425,0.867097407579422,True,0.0,1.512000061571598,-6.653135642409325e-08,64.6015625,-0.5559514760971069,0.24540098011493683,2.2469654083251953,0.5290431976318359,760,1.0
-0.0024414113722741604,511,0.6099294704000543,2.6761326062002757,True,0.5778817436466478,0.2586793571012095,0.8909204304218292,True,0.001953125,1.5610772613435984,0.0024414077633991838,65.470703125,-0.6121560335159302,0.27906736731529236,2.676415205001831,0.5776635408401489,761,0.998046875
-0.008789027109742165,508,0.6462999277227506,2.9402759713450757,True,0.611088975912004,0.27145754829980434,0.8982717096805573,True,0.00390625,1.6602836139500141,0.008789023879216984,65.54296875,-0.6551785469055176,0.35603606700897217,2.9364113807678223,0.6112248301506042,762,0.9921875
-0.004394549410790205,510,0.5722860002050212,2.8844496203403853,True,0.5377435929634992,0.2854075749637559,1.0199558734893799,True,0.001953125,1.5404370240867138,0.004394547606352717,64.537109375,-0.5762418508529663,0.2953610122203827,2.878419876098633,0.537377119064331,763,0.99609375
-0.0019531992729753256,511,0.6375631099811038,3.0827146472296367,True,0.600646396439136,0.26155458830762657,0.8932737708091736,True,0.0,1.6189326830208302,0.0019531986326910555,64.212890625,-0.639339029788971,0.29187992215156555,3.0817508697509766,0.6004807353019714,764,0.998046875
-0.002441367134451866,511,0.6331103287797617,2.7503222649344723,True,0.6001741258598822,0.27125729392282666,0.9491524696350098,True,0.001953125,1.5797086209058762,0.0024413668434135616,65.041015625,-0.6351766586303711,0.29132962226867676,2.7478342056274414,0.5998288989067078,765,0.998046875
-0.00244138203561306,511,0.5894769451156288,2.890580641080255,True,0.5548611022021671,0.269465086737182,0.9346791207790375,True,0.001953125,1.601757537573576,0.002441384771373123,63.71484375,-0.5915706157684326,0.3027227818965912,2.886971950531006,0.5545566082000732,766,0.998046875
-0.0024415133520960808,511,0.5523628223898825,2.4079734042665963,True,0.5235263984030707,0.28222335828468204,0.9845966100692749,True,0.001953125,1.657250477001071,0.0024415110237896442,65.30859375,-0.5551638603210449,0.20417717099189758,2.411349296569824,0.5238455533981323,767,0.998046875
-0.004882876295596361,510,0.6296659904367783,2.6494639172273526,True,0.5979376124400719,0.28723095746245236,0.9985626339912415,True,0.00390625,1.652710948139429,0.0048828814760781825,65.87109375,-0.6339414715766907,0.37215718626976013,2.647003650665283,0.5973597168922424,768,0.99609375
-0.006347707938402891,509,0.5899431870587917,2.5214185143266534,True,0.5597482076562458,0.26140784062445166,0.9041128754615784,True,0.001953125,1.4847511071711779,0.006347709626425058,65.375,-0.5984019041061401,0.30411776900291443,2.5193262100219727,0.561884343624115,769,0.994140625
4.866160452365875e-08,512,0.6250395271927118,2.9288100600242615,True,0.5899658761918545,0.27072857101447884,0.9437315464019775,True,0.0,1.6396460607647896,-4.353933036327362e-08,67.099609375,-0.6250395774841309,0.33560463786125183,2.9288101196289062,0.5899658799171448,770,1.0
-0.002441463991999626,511,0.5594707518641028,2.619332096581356,True,0.5281032304591162,0.27476597495842725,0.957740992307663,True,0.001953125,1.6155263148248196,0.002441458957036957,66.736328125,-0.5614877939224243,0.23583002388477325,2.616701126098633,0.5277103781700134,771,0.998046875
-0.006835988722741604,509,0.616407671588343,2.4713383973932923,True,0.5868124121064522,0.28057993296533823,1.0209408402442932,True,0.00390625,1.391115564852953,0.0068359855795279145,66.71875,-0.6248992681503296,0.3141455352306366,2.4701385498046875,0.5884824991226196,772,0.994140625
-0.003906168742105365,510,0.6341394597408818,3.090852074997098,True,0.5971252834095674,0.2644234455190599,0.9647984206676483,True,0.0,1.3511517625302076,0.0039061716524884105,66.404296875,-0.6384499669075012,0.3228398859500885,3.1034018993377686,0.5973792672157288,773,0.99609375
-2.0954757928848267e-08,512,0.5933677218854427,2.5105746686458588,True,0.5633026175200939,0.26007558684796095,0.9693768620491028,True,0.0,1.3240038584917784,2.0372681319713593e-08,66.33984375,-0.5933677554130554,0.3410571813583374,2.5105748176574707,0.5633026361465454,774,1.0
-0.0039063310250639915,510,0.5979058915493535,2.533616435294058,True,0.5675648509287368,0.24694344797171652,0.9037664532661438,True,0.0,1.2456765696406364,0.0039063280273694545,65.5703125,-0.6007949113845825,0.29168087244033813,2.5265116691589355,0.5666327476501465,775,0.99609375
-1.203734427690506e-07,512,0.6354718934744596,3.0678048208355904,True,0.5987337417900562,0.2535290151135996,0.9829221665859222,True,0.0,1.1388892475515604,1.1801603250205517e-07,64.619140625,-0.6354719400405884,0.43103933334350586,3.0678048133850098,0.5987337231636047,776,1.0
-0.011230451054871082,507,0.6435196471402398,2.6605715323717165,True,0.6116582478527017,0.25965968606760725,0.9567265212535858,True,0.005859375,1.1416785940527916,0.011230451113078743,65.5078125,-0.6541256904602051,0.4499184191226959,2.6601145267486572,0.6110392808914185,777,0.990234375
-0.0019530672580003738,511,0.6503088083519161,2.9177132352690864,True,0.6153680284429204,0.2616572049446404,1.0013356804847717,True,0.0,1.1887399107217789,0.0019530719437170774,66.560546875,-0.6519607901573181,0.36680522561073303,2.9156124591827393,0.6150920987129211,778,0.998046875
-0.001953042228706181,511,0.689599336010136,2.848170097326813,True,0.6554913815920135,0.2548475549556315,0.9942175447940826,True,0.0,1.0810200981795788,0.0019530399003997445,65.943359375,-0.6909133195877075,0.42105990648269653,2.8477489948272705,0.6548572778701782,779,0.998046875
-0.004882771521806717,510,0.6753115100019117,3.7257627580680093,True,0.6306940393120634,0.24315513467881827,0.9347500801086426,True,0.00390625,1.0264469739049673,0.004882769426330924,65.09765625,-0.6795005202293396,0.33922165632247925,3.716449022293091,0.630111813545227,780,0.99609375
-0.0073242587968707085,509,0.7158297740640247,3.1219754851403074,True,0.6784429026727357,0.2510014317929745,0.9568479061126709,True,0.005859375,1.046151788905263,0.0073242601356469095,65.720703125,-0.7241535782814026,0.387897789478302,3.130817413330078,0.6793365478515625,781,0.994140625
-0.0019530681893229485,511,0.6004577108791895,3.005469535661537,True,0.5644660312135626,0.2614361717714928,1.0266703367233276,True,0.0,1.0829806625843048,0.0019530703575583175,64.3359375,-0.6023568511009216,0.3447099030017853,3.005605697631836,0.5644104480743408,782,0.998046875
-0.004394531715661287,510,0.6401513899073882,2.8969509293051323,True,0.6054592614080392,0.25687093305168673,0.9856869280338287,True,0.001953125,1.1067803911864758,0.004394526651594788,66.24609375,-0.6444393396377563,0.3690543472766876,2.9165196418762207,0.6051182746887207,783,0.99609375
-0.0039061722345650196,510,0.5681408190259747,2.6378905941458304,True,0.5365510262695014,0.26966558601707225,1.0194487273693085,True,0.0,1.2373932786285877,0.003906175115844235,66.513671875,-0.5733424425125122,0.2596283555030823,2.6389992237091064,0.5378330945968628,784,0.99609375
-0.0024414239451289177,511,0.577480200043863,2.729383897874687,True,0.5447947640125065,0.2673648473690264,1.015993893146515,True,0.001953125,1.2344928458333015,0.0024414251383859664,66.453125,-0.5801858901977539,0.2585773468017578,2.7262845039367676,0.5450961589813232,785,0.998046875
-0.004882785025984049,510,0.6439165192491868,2.9486330022998883,True,0.6086054776229111,0.2486018927069381,0.8993214070796967,True,0.00390625,1.2770965248346329,0.004882783687207848,66.2109375,-0.6499814987182617,0.41461676359176636,2.9495863914489746,0.6097762584686279,786,0.99609375
-0.0009766323491930962,512,0.6400977149605751,3.1802291199564934,True,0.6020132340490818,0.26425085318041963,0.9526589810848236,True,0.00390625,1.4548484031111002,0.0009766351722646505,67.5859375,-0.6410742998123169,0.3613337278366089,3.1802291870117188,0.6020132303237915,787,1.0
-0.0024414293002337217,511,0.619639339337377,3.080933838674467,True,0.5827439414545048,0.28241496896371243,1.0070458352565765,True,0.001953125,1.571287427097559,0.0024414289509877563,67.7265625,-0.6218730211257935,0.26778334379196167,3.0809595584869385,0.5825358629226685,788,0.998046875
-0.004882848355919123,510,0.7123604774475097,2.792435021493949,True,0.6789199880525177,0.27408165046945215,0.9370795488357544,True,0.00390625,1.635657887905836,0.004882844892563298,67.40625,-0.7167530655860901,0.3305695056915283,2.7901453971862793,0.6784571409225464,789,0.99609375
-0.011718714609742165,507,0.6252814921636789,2.4359884911034944,True,0.596109588823375,0.2989260821137577,1.010028898715973,True,0.0078125,1.704031690955162,0.011718717054463923,66.162109375,-0.6377557516098022,0.3159117102622986,2.4378390312194824,0.596842885017395,790,0.990234375
-0.004394523333758116,510,0.6695084859343136,2.9995294888814286,True,0.6335879405339561,0.2800282722106203,0.9317842423915863,True,0.001953125,1.7855379991233349,0.0043945217912551016,65.982421875,-0.6730386018753052,0.42718079686164856,2.994464874267578,0.6327841877937317,791,0.99609375
-0.009765583090484142,508,0.6144176531495072,2.719789817577272,True,0.5818471061432454,0.3075679934816435,0.9826719164848328,True,0.0078125,2.0253604240715504,0.009765586233697832,67.5703125,-0.6234097480773926,0.3747000992298126,2.724673271179199,0.5810151100158691,792,0.9921875
-0.01171879842877388,507,0.6037185230904077,2.670941421501265,True,0.5717329496932922,0.30564547633985056,0.9706276059150696,True,0.0078125,1.996023179963231,0.011718795460183173,67.037109375,-0.6141998767852783,0.3396293818950653,2.6691203117370605,0.5705174207687378,793,0.990234375
-0.007324205711483955,509,0.6697258916491374,3.0502599985988286,True,0.633197830913109,0.30344852595590055,0.9860630333423615,True,0.005859375,1.9782342985272408,0.0073242025973740965,66.267578125,-0.6783815622329712,0.35925379395484924,3.056154251098633,0.6344586610794067,794,0.994140625
-0.0034179938957095146,511,0.6004636838244831,2.8313339815680996,True,0.5665573447417839,0.294853095151484,0.9583305716514587,True,0.005859375,1.9953797422349453,0.0034179910726379603,66.318359375,-0.6035482883453369,0.3119924068450928,2.827010154724121,0.5662757754325867,795,0.998046875
-0.002929618116468191,511,0.6296332221908345,3.033269358707734,True,0.593308635653815,0.29391403836198154,0.9998910427093506,True,0.00390625,1.820124227553606,0.0029296172433532774,66.189453125,-0.6334124803543091,0.3749443292617798,3.0363194942474365,0.5941216349601746,796,0.998046875
5.098991096019745e-08,512,0.6442085932940245,2.8651343137025833,True,0.6098974738270044,0.2877108642598614,1.019024908542633,True,0.0,1.678118685260415,-5.2998075261712074e-08,65.298828125,-0.644208550453186,0.3279228210449219,2.8651344776153564,0.6098974943161011,797,1.0
4.109460860490799e-08,512,0.668053824454546,2.7483365684747696,True,0.635141409933567,0.2733604070846923,0.9871331453323364,True,0.0,1.5186763312667608,-3.966852091252804e-08,64.029296875,-0.6680538654327393,0.4310620129108429,2.7483365535736084,0.6351414322853088,798,1.0
2.421438694000244e-08,512,0.6335815340280533,2.4455977976322174,True,0.6042945347726345,0.2541123848874122,0.9342582821846008,True,0.0,1.3452149517834187,-1.979060471057892e-08,63.40625,-0.6335815191268921,0.32980453968048096,2.4455976486206055,0.6042945384979248,799,1.0
1.0686926543712616e-07,512,0.5709101017564535,2.906537599861622,True,0.5361031591892242,0.26188015439547596,0.9919205605983734,True,0.0,1.2699228944256902,-1.0355142876505852e-07,63.822265625,-0.5709100961685181,0.2532700002193451,2.9065375328063965,0.5361031889915466,800,1.0
7.788185030221939e-08,512,0.5943205915391445,2.6109182611107826,True,0.5630538202822208,0.2659382777521387,1.0249993801116943,True,0.0,1.218769507482648,-7.502967491745949e-08,63.658203125,-0.5943205952644348,0.3246952295303345,2.6109180450439453,0.5630538463592529,801,1.0
-7.741618901491165e-08,512,0.6092045027762651,2.921348989009857,True,0.574220210313797,0.24244302315637473,0.9360127449035645,True,0.0,1.1048079878091812,7.392372936010361e-08,63.181640625,-0.6092044711112976,0.28726449608802795,2.921349048614502,0.5742201805114746,802,1.0
-3.573950380086899e-08,512,0.7062506061047316,3.773621454834938,True,0.6610600147396326,0.25044909295393153,0.9726382195949554,True,0.0,1.1184281967580318,3.786408342421055e-08,63.51171875,-0.7062506079673767,0.3352316617965698,3.7736215591430664,0.6610600352287292,803,1.0
-0.004394568037241697,510,0.7261309097794926,3.1689023756513413,True,0.6881820884405399,0.24778070698375815,0.9521102011203766,True,0.001953125,1.0592819806188345,0.004394567164126784,63.41796875,-0.7293965816497803,0.37810075283050537,3.1627912521362305,0.6871264576911926,804,0.99609375
3.259629011154175e-09,512,0.6210917942225933,3.2052365466952324,True,0.5827078353613615,0.23639876691158862,0.9005426466464996,True,0.0,1.1258047670125961,-2.0372681319713593e-09,63.55859375,-0.6210918426513672,0.2956673502922058,3.2052364349365234,0.5827078223228455,805,1.0
-0.004394471645355225,510,0.7036044653724222,3.346654355292226,True,0.663526974472345,0.25189001080580053,0.9553435742855072,True,0.001953125,1.1285365670919418,0.004394466755911708,63.724609375,-0.7069103121757507,0.43613842129707336,3.3403563499450684,0.6625136733055115,806,0.99609375
-0.0019531792495399714,511,0.6706813174917738,2.532133942247603,True,0.6403580159823722,0.26373871094547213,1.0291091203689575,True,0.0,1.1192740751430392,0.001953182101715356,63.658203125,-0.6769380569458008,0.4222981929779053,2.5428972244262695,0.6445326805114746,807,0.998046875
-0.004394580610096455,510,0.6625404030668968,3.394006770264869,True,0.621895831005246,0.2679030957398936,1.0156250596046448,True,0.001953125,1.2076699957251549,0.00439458223991096,64.296875,-0.6664636731147766,0.37125924229621887,3.3889966011047363,0.6214845776557922,808,0.99609375
2.144952304661274e-08,512,0.6532818209379911,2.9578756019473076,True,0.6178601253777742,0.2696963520022109,1.0457194447517395,True,0.0,1.2110497057437897,-2.2817403078079224e-08,63.35546875,-0.6532818078994751,0.3130437731742859,2.9578757286071777,0.6178601384162903,809,1.0
-0.0024414174258708954,511,0.6209353139722416,2.5792528717485195,True,0.590047747421638,0.248287249612622,0.8864966332912445,True,0.001953125,1.3709300234913826,0.0024414205399807543,64.9296875,-0.6239937543869019,0.3402961492538452,2.585343599319458,0.5905919075012207,810,0.998046875
-0.0024413280189037323,511,0.6564984816161153,3.0588227088204105,True,0.6198678808669521,0.26934849413228223,1.0086781978607178,True,0.001953125,1.3034305209293962,0.0024413272039964795,64.4375,-0.6591085195541382,0.32062584161758423,3.0567750930786133,0.6200610399246216,811,0.998046875
-0.00048821105156093836,512,0.6493939608335495,2.5832096114754677,True,0.6184589918702841,0.27948448322713376,1.0261327624320984,True,0.001953125,1.4753944464027882,0.00048820802476257086,65.3515625,-0.6498822569847107,0.4295646846294403,2.58320951461792,0.6184589862823486,812,1.0
-0.006835878826677799,509,0.6257622411770999,3.1321023007038766,True,0.5882540893226803,0.281731350091286,1.014737457036972,True,0.00390625,1.4389594458043575,0.006835885113105178,64.556640625,-0.633502721786499,0.3700275421142578,3.145054340362549,0.5890035629272461,813,0.994140625
-0.004394525196403265,510,0.6050513286216588,2.4093306120704203,True,0.5761986522113575,0.27727938625030224,0.9671601057052612,True,0.001953125,1.5890567973256111,0.004394524163217284,66.2421875,-0.6086099147796631,0.3690713346004486,2.4044857025146484,0.5754207372665405,814,0.99609375
-0.011230516247451305,507,0.6086914286575844,2.763248848491872,True,0.5756004525594693,0.28878941228031185,0.9751054048538208,True,0.005859375,1.6507563209161162,0.011230514151975513,65.666015625,-0.6190388202667236,0.3419463038444519,2.762234687805176,0.5747294425964355,815,0.990234375
-4.7264620661735535e-08,512,0.5881050489842892,2.812829405069351,True,0.5544203240424395,0.2972447485662997,1.0518702864646912,True,0.0,1.7374127581715584,5.1193637773394585e-08,66.767578125,-0.5881050825119019,0.25390753149986267,2.8128294944763184,0.5544202923774719,816,1.0
-0.004394500516355038,510,0.6338978194722941,3.1235645238090965,True,0.5964919162731543,0.29744283920153974,1.0631411671638489,True,0.001953125,1.6084020882844925,0.004394500399939716,65.994140625,-0.6373982429504395,0.3769560754299164,3.11508846282959,0.5956993103027344,817,0.99609375
-0.002441404154524207,511,0.7434666388888647,3.368862507627901,True,0.703123192964468,0.2696929288329557,0.9387692213058472,True,0.001953125,1.5899535212665796,0.0024414067738689482,65.78515625,-0.7449564933776855,0.47432273626327515,3.3635125160217285,0.7022356390953064,818,0.998046875
-0.006835882551968098,509,0.7081155143458622,3.584483295386338,True,0.6651899227341873,0.27532044481486084,0.960282951593399,True,0.00390625,1.5285595320165157,0.0068358772550709546,65.646484375,-0.7138819694519043,0.3797996938228607,3.5780301094055176,0.6641978025436401,819,0.994140625
3.189779818058014e-08,512,0.6480626333504915,3.3036708310246468,True,0.6084998659789562,0.2732412022771314,0.955155998468399,True,0.0,1.6442006640136242,-3.149034455418587e-08,65.9921875,-0.6480625867843628,0.3850480020046234,3.303670883178711,0.6084998846054077,820,1.0
-0.0004882366629317403,512,0.6288240682333708,2.789505384862423,True,0.5954186450690031,0.30023551841732116,1.0675007700920105,True,0.001953125,1.7249425034970045,0.0004882375942543149,67.482421875,-0.6293123960494995,0.34447506070137024,2.7895054817199707,0.5954186916351318,821,1.0
-0.0024414709769189358,511,0.6720631612490301,2.964397954847481,True,0.6365633165999635,0.2762671813368798,0.9833634793758392,True,0.001953125,1.543060164898634,0.002441474498482421,65.515625,-0.6739722490310669,0.380054235458374,2.9612631797790527,0.6360685229301453,822,0.998046875
-0.002441449323669076,511,0.6271935140316732,3.2464405949101747,True,0.5883161248876158,0.2738159543601796,0.9680760204792023,True,0.001953125,1.5551860816776752,0.0024414456711383536,66.646484375,-0.6290596723556519,0.32368889451026917,3.241431713104248,0.5878008604049683,823,0.998046875
-0.004882834851741791,510,0.6623572714188519,2.9615168118009385,True,0.6268919624534307,0.27393394340761007,0.9955889582633972,True,0.00390625,1.3986661843955517,0.004882840032223612,65.333984375,-0.6681295037269592,0.3813701868057251,2.9755923748016357,0.627612829208374,824,0.99609375
-0.004882797598838806,510,0.6892247092490102,3.1238237184636737,True,0.6518156958561317,0.2498833539430052,0.9146486222743988,True,0.00390625,1.2414165996015072,0.004882798122707754,63.7109375,-0.6935849189758301,0.44440552592277527,3.1285290718078613,0.6512367725372314,825,0.99609375
-0.0024413373321294785,511,0.5780108007666183,2.820645116779902,True,0.5442324635333977,0.25847321322653444,0.9309967458248138,True,0.001953125,1.3966505322605371,0.002441335644107312,66.0390625,-0.5811225771903992,0.25363272428512573,2.824639081954956,0.544854998588562,826,0.998046875
-0.002441445365548134,511,0.6413812426205018,3.4024703227377215,True,0.6006353211729495,0.23337216910440475,0.853386402130127,True,0.001953125,1.205068813636899,0.002441446646116674,62.54296875,-0.6446465253829956,0.35958871245384216,3.4067134857177734,0.6014083623886108,827,0.998046875
-9.522773325443268e-08,512,0.6566874831914902,2.6447350680828094,True,0.625015739351511,0.23230960171204063,0.8558369874954224,True,0.0,1.2228421904146671,9.304494597017765e-08,64.16796875,-0.6566874980926514,0.43815869092941284,2.6447348594665527,0.6250157356262207,828,1.0
-0.004394615534693003,510,0.6056809563262789,2.968837888568055,True,0.5701279713827021,0.24975937455892563,0.9139730334281921,True,0.001953125,1.2514030262827873,0.0043946156511083245,63.345703125,-0.609498143196106,0.28670042753219604,2.962047815322876,0.5696319341659546,829,0.99609375
-0.002441404154524207,511,0.6083893249879376,2.582030690112926,True,0.5774684972959022,0.25973088731989263,0.9461342692375183,True,0.001953125,1.3612525090575218,0.002441407064907253,64.62890625,-0.6105747222900391,0.2939373850822449,2.5801339149475098,0.577235221862793,830,0.998046875
-0.0004882705397903919,512,0.611567847430706,2.778820775449276,True,0.578290369361639,0.2589812956750393,0.9771252274513245,True,0.001953125,1.2613596059381962,0.0004882677458226681,63.044921875,-0.6120561361312866,0.31336066126823425,2.778820753097534,0.5782903432846069,831,1.0
-0.000488287303596735,512,0.6638977713882923,3.1784795820713043,True,0.6258342284709215,0.25348581187427044,0.9445638954639435,True,0.001953125,1.2816949058324099,0.000488285964820534,63.435546875,-0.6643860340118408,0.3559115529060364,3.1784796714782715,0.6258342266082764,832,1.0
-0.0019532013684511185,511,0.6755170746325514,2.9610246823491875,True,0.6400576470649406,0.25660023293457923,0.9496018588542938,True,0.0,1.294533185660839,0.001953200640855357,64.048828125,-0.6776161193847656,0.37116697430610657,2.9733755588531494,0.6400556564331055,833,0.998046875
-0.002441456774249673,511,0.7453085679830637,3.1656623670499613,True,0.7073985270558037,0.2621150814462453,0.9964794218540192,True,0.001953125,1.2075546588748693,0.0024414625950157642,62.9296875,-0.7474312782287598,0.5451651811599731,3.1687307357788086,0.7070431113243103,834,0.998046875
-0.0019531273283064365,511,0.550788566907558,2.7767730631706997,True,0.5175356211727613,0.2520670527359471,0.90120729804039,True,0.0,1.3974492121487856,0.0019531305297277868,64.7421875,-0.5534710884094238,0.2395663559436798,2.777740716934204,0.5182533860206604,835,0.998046875
1.548323780298233e-08,512,0.6133104879409075,2.882009342312813,True,0.5787972956895828,0.26242187826428565,0.973233550786972,True,0.0,1.3555036671459675,-1.6938429325819016e-08,64.2265625,-0.6133104562759399,0.30600401759147644,2.882009506225586,0.5787972807884216,836,1.0
-0.00048825039993971586,512,0.6966316476464272,2.958799496293068,True,0.6611988600343466,0.24465447755064818,0.8921461999416351,True,0.001953125,1.314739660359919,0.00048825301928445697,63.439453125,-0.697119951248169,0.3622453212738037,2.958799362182617,0.6611988544464111,837,1.0
-0.0004882544162683189,512,0.6484296694397926,2.893573209643364,True,0.6137779876589775,0.26109442620072515,0.9456165730953217,True,0.001953125,1.4296571649610996,0.0004882514476776123,65.41015625,-0.6489179134368896,0.3758072853088379,2.89357328414917,0.6137779951095581,838,1.0
-2.0605511963367462e-08,512,0.5641846116632223,2.5764192268252373,True,0.5333309769630432,0.2526231686351821,0.916752964258194,True,0.0,1.3854510709643364,2.066371962428093e-08,64.328125,-0.5641846656799316,0.25774189829826355,2.5764193534851074,0.5333309769630432,839,1.0
-0.003906347788870335,510,0.6722205381767422,3.2142097519893276,True,0.6337291129663879,0.26424134962726387,0.9816354215145111,True,0.0,1.2801582850515842,0.003906350379111245,63.7421875,-0.6762402057647705,0.3546861410140991,3.2152485847473145,0.6338301301002502,840,0.99609375
-5.5762939155101776e-08,512,0.631089374423027,2.781302161514759,True,0.597782189026475,0.28187078332994137,1.0809113383293152,True,0.0,1.3137692753225565,5.034962669014931e-08,63.873046875,-0.6310893893241882,0.26549339294433594,2.7813022136688232,0.5977821946144104,841,1.0
-0.008300766348838806,508,0.6001793782072743,2.6131677439832317,True,0.5688856652402501,0.25395240616053344,0.9068057537078857,True,0.001953125,1.2858097646385431,0.008300766421598382,63.373046875,-0.6079142689704895,0.27363887429237366,2.6220719814300537,0.568213164806366,842,0.9921875
-7.695052772760391e-08,512,0.57229108735919,2.5177701264619827,True,0.5421398095786572,0.26649045045487585,0.9842256903648376,True,0.0,1.3929046243429184,7.904600352048874e-08,64.267578125,-0.5722911357879639,0.22433273494243622,2.517770290374756,0.5421397686004639,843,1.0
8.649658411741257e-08,512,0.6029236167669296,2.5321100279688835,True,0.5726005993783474,0.26820466958452016,0.9934954345226288,True,0.0,1.3901133853942156,-8.786446414887905e-08,64.76171875,-0.6029236316680908,0.2988188862800598,2.5321102142333984,0.5726006031036377,844,1.0
-1.0419171303510666e-07,512,0.5836351197212934,2.633897937834263,True,0.5520931612700224,0.2736447901581414,1.0398197770118713,True,0.0,1.3136146171018481,1.0209623724222183e-07,63.626953125,-0.5836350917816162,0.30456945300102234,2.6338977813720703,0.5520931482315063,845,1.0
-0.00878902617841959,508,0.6744463528235127,2.913434268921379,True,0.6395568340782105,0.26460271326359364,0.9308169484138489,True,0.00390625,1.3930058684200048,0.0087890280992724,64.90625,-0.6955562829971313,0.6136875152587891,2.921705722808838,0.6517786979675293,846,0.9921875
5.005858838558197e-08,512,0.6516655571758747,2.725825145840645,True,0.6190227195620537,0.26938974387012427,0.9791235029697418,True,0.0,1.471301805227995,-4.802132025361061e-08,65.328125,-0.6516655683517456,0.3246511220932007,2.725825071334839,0.6190227270126343,847,1.0
-0.0004882909124717116,512,0.5740280020982027,2.0721926987171173,True,0.5492126829922199,0.26937243370339276,1.010446310043335,True,0.001953125,1.335897620767355,0.0004882896027993411,65.513671875,-0.5745162963867188,0.3034701347351074,2.072192668914795,0.5492126941680908,848,1.0
-0.00439449492841959,510,0.6376424838514889,3.072839462055879,True,0.6008440164958732,0.2569968975498341,0.9175327122211456,True,0.001953125,1.381917143240571,0.0043944972567260265,64.568359375,-0.642095148563385,0.382953017950058,3.080399513244629,0.6008116006851196,849,0.99609375
-0.0019531287252902985,511,0.6716194850941227,3.063900506193158,True,0.634928054947209,0.2715660631656647,0.9826025366783142,True,0.0,1.4618486128747463,0.001953123981365934,65.55859375,-0.6728523373603821,0.39186006784439087,3.061408758163452,0.6342376470565796,850,0.998046875
-0.0029297422152012587,511,0.6400236240105153,2.5854146069976442,True,0.6090622875555154,0.26409821421839297,0.8987636864185333,True,0.00390625,1.6283146180212498,0.0029297443688847125,66.279296875,-0.6441807150840759,0.4003496468067169,2.6081032752990723,0.6100180149078369,851,0.998046875
-0.00683585274964571,509,0.6084574608531119,2.827155316039949,True,0.5746011547817463,0.25966932587325575,0.8697737455368042,True,0.00390625,1.5775745157152414,0.00683584954822436,65.95703125,-0.6152634024620056,0.2983954846858978,2.819579839706421,0.5746618509292603,852,0.994140625
-0.0024414013605564833,511,0.5825612029450746,2.949671266596844,True,0.5472377257571062,0.2918283803621307,1.0426429510116577,True,0.001953125,1.6171676702797413,0.002441405347781256,67.05859375,-0.5847507119178772,0.2756290137767792,2.9461777210235596,0.5470276474952698,853,0.998046875
-0.0068360562436282635,509,0.7050435589900889,2.888755401131681,True,0.6704495834929535,0.2944010645733215,1.0488444566726685,True,0.00390625,1.5559223564341664,0.006836054177256301,66.537109375,-0.7096340656280518,1.0425593852996826,2.8787732124328613,0.6683237552642822,854,0.994140625
-0.0024414469953626394,511,0.5819198661820996,2.6536545856124962,True,0.5501413115549927,0.27513921392383056,0.938622921705246,True,0.001953125,1.6994636347517371,0.002441445831209421,66.80078125,-0.5843364596366882,0.26900747418403625,2.6504321098327637,0.5501550436019897,855,0.998046875
-0.007812450174242258,509,0.6348578193332919,2.654342815075032,True,0.603071027279837,0.29551165320444855,1.0179230868816376,True,0.0078125,1.6822916325181723,0.0078124525607563555,66.595703125,-0.6410787105560303,0.37467601895332336,2.649397373199463,0.6015386581420898,856,0.994140625
-0.006835919804871082,509,0.6405797838462124,2.5338783896508055,True,0.6102355968038787,0.2796219055308029,0.9337760508060455,True,0.00390625,1.7206155322492123,0.006835917709395289,66.98828125,-0.6464334726333618,0.3081659972667694,2.5302376747131348,0.6092970371246338,857,0.994140625
-0.00439451914280653,510,0.5819999351220972,2.5363468992943856,True,0.551626185576121,0.2878021940356121,0.9569381475448608,True,0.001953125,1.840400893241167,0.004394518211483955,66.7734375,-0.5856925249099731,0.36512061953544617,2.5333900451660156,0.5509596467018127,858,0.99609375
-0.009277342818677425,508,0.6239721547430894,2.811008495608653,True,0.5903092141695849,0.31266746814362706,1.035339593887329,True,0.005859375,1.9264441914856434,0.009277339559048414,67.349609375,-0.6371617317199707,0.3737756013870239,2.8351755142211914,0.593932032585144,859,0.9921875
-0.004882850218564272,510,0.6327414384075241,2.976507716085396,True,0.5970965838899801,0.3185905055841431,1.0893743634223938,True,0.00390625,1.9166555851697922,0.0048828511498868465,67.41796875,-0.6364247798919678,0.3510333001613617,2.9681577682495117,0.5959970951080322,860,0.99609375
-0.003906169207766652,510,0.693543726088954,3.463187565055548,True,0.6520706952786913,0.2681607068516314,0.8121247589588165,True,0.0,2.0365916676819324,0.003906169848050922,67.80078125,-0.6970129609107971,0.340787410736084,3.465024709701538,0.6516116261482239,861,0.99609375
-0.0034179561771452427,511,0.6318530280529403,3.298013077790023,True,0.592358033484442,0.2970505834091455,0.9786586463451385,True,0.005859375,1.9580179527401924,0.0034179547801613808,67.048828125,-0.6358534097671509,0.3021644055843353,3.2952215671539307,0.5929738283157349,862,0.998046875
-0.0024414341896772385,511,0.5868701041327997,2.528048513920106,True,0.556595732787817,0.2911844139918685,0.9477623403072357,True,0.001953125,1.983810119330883,0.002441438176902011,67.78515625,-0.5895350575447083,0.2731539309024811,2.532379388809204,0.556767463684082,863,0.998046875
-9.313225746154785e-09,512,0.5755941886454821,3.375111810863018,True,0.5351759139448404,0.318118956964463,1.1248413920402527,True,0.0,1.863013420253992,6.781192496418953e-09,66.861328125,-0.5755941867828369,0.263492226600647,3.3751115798950195,0.5351759195327759,864,1.0
-0.002441496355459094,511,0.5928410561117406,2.6805367955023054,True,0.560740583446861,0.29813257786445324,1.0675389468669891,True,0.001953125,1.6436658948659897,0.002441492979414761,65.625,-0.5948412418365479,0.29086074233055115,2.678049087524414,0.5603291392326355,865,0.998046875
-0.002441417658701539,511,0.6187567763365879,2.8165032338722806,True,0.5850280435817816,0.29384957775473597,1.0391789376735687,True,0.001953125,1.6714475080370903,0.002441412943881005,67.08203125,-0.6215170621871948,0.29229187965393066,2.817708730697632,0.5853325128555298,866,0.998046875
-0.0048827859573066235,510,0.6202392249715094,2.5161256649914914,True,0.5901076362413518,0.27622780748642983,1.0015125274658203,True,0.00390625,1.4208502173423767,0.0048827896534930915,66.087890625,-0.6259734034538269,0.36867913603782654,2.5220556259155273,0.5908879637718201,867,0.99609375
-0.00195320975035429,511,0.6153480751173837,2.864825397088336,True,0.5810406664113009,0.2645301258075051,0.9952456951141357,True,0.0,1.2705555520951748,0.0019532079168129712,65.09375,-0.617095947265625,0.39003634452819824,2.8629298210144043,0.5808581113815308,868,0.998046875
-0.004394480027258396,510,0.5890336981006697,2.1196022547927558,True,0.5636506211523916,0.2756354504497722,1.0694199204444885,True,0.001953125,1.1471397001296282,0.004394479736220092,64.9765625,-0.5935636758804321,0.2944182753562927,2.1198039054870605,0.5637836456298828,869,0.99609375
-0.0024414106737822294,511,0.5638344123405485,2.426326301466462,True,0.5347782123812024,0.24479311511386187,0.9380944669246674,True,0.001953125,1.09465622715652,0.0024414092767983675,64.310546875,-0.5657658576965332,0.2588402330875397,2.4229488372802734,0.5343087315559387,870,0.998046875
-0.003906161990016699,510,0.6069521167699029,3.3453101980919926,True,0.5668907149165284,0.2769980971119367,1.1056454181671143,True,0.0,1.0392570365220308,0.003906160651240498,64.84375,-0.6122850775718689,0.26676368713378906,3.3497045040130615,0.5682647824287415,871,0.99609375
-0.00439447071403265,510,0.6202182117630455,2.5916010557436473,True,0.5891827783163857,0.22447570764925334,0.8633858263492584,True,0.001953125,0.9480813723057508,0.004394473187858239,65.16015625,-0.6242449283599854,0.3673260509967804,2.607018232345581,0.5886303186416626,872,0.99609375
-0.012695278972387314,507,0.6219821766283387,2.619884477329443,True,0.5906080277948925,0.24575088249985128,0.9321486353874207,True,0.01171875,0.9325174801051617,0.01269528066040948,64.548828125,-0.6371502876281738,0.33481499552726746,2.631479501724243,0.5929419994354248,873,0.990234375
-1.1408701539039612e-08,512,0.6170335784554482,2.7388677075505257,True,0.5842345748096704,0.22993516573915257,0.9183811545372009,True,0.0,0.9251784905791283,9.487848728895187e-09,64.6484375,-0.6170336008071899,0.42003265023231506,2.73886775970459,0.5842345952987671,874,1.0
-0.0024414407089352608,511,0.6196131367972685,2.6849730308741737,True,0.587459519884591,0.2474312070873566,0.9737173318862915,True,0.001953125,1.0049259960651398,0.0024414401268586516,63.912109375,-0.6217743754386902,0.3414568603038788,2.6814627647399902,0.5872214436531067,875,0.998046875
-0.0024414861109107733,511,0.5532537738404395,2.3405953314439656,True,0.5252242347265643,0.22827553184470162,0.8661375939846039,True,0.001953125,1.0521305408328772,0.0024414854415226728,63.990234375,-0.5559945106506348,0.25826531648635864,2.3419511318206787,0.5255073308944702,876,0.998046875
-5.2677933126688004e-08,512,0.6930538732558489,3.0320910960435867,True,0.6567433960735798,0.2441196693805978,0.9348450005054474,True,0.0,1.1430122451856732,5.619949661195278e-08,63.728515625,-0.6930539011955261,0.3620884418487549,3.0320911407470703,0.6567434072494507,877,1.0
-0.004882821813225746,510,0.6321832839180441,2.9123761981141336,True,0.5973064531298244,0.2661493141902611,0.9672761857509613,True,0.00390625,1.3562250584363937,0.004882823384832591,65.154296875,-0.6390358209609985,0.32633015513420105,2.9183554649353027,0.5992045998573303,878,0.99609375
-3.841705620288849e-09,512,0.5919432193040848,2.5292848721146584,True,0.5616540312767029,0.2736413209000602,1.0199755728244781,True,0.0,1.3929240023717284,4.307366907596588e-09,64.53125,-0.5919432044029236,0.2710297405719757,2.529284954071045,0.5616540312767029,879,1.0
-0.003906241385266185,510,0.5402528040549334,2.7181756636675667,True,0.5077015814827938,0.2905412099324167,1.0464491844177246,True,0.0,1.5469026565551758,0.003906238474883139,66.146484375,-0.5436599850654602,0.2115301489830017,2.7165777683258057,0.5072216391563416,880,0.99609375
-0.0019531184807419777,511,0.6202384120330884,2.788662519240332,True,0.5868430808915549,0.3124990985961631,1.1305347084999084,True,0.0,1.6887808311730623,0.001953114231582731,66.146484375,-0.6217041015625,0.36782604455947876,2.786243438720703,0.586384654045105,881,0.998046875
-0.004394538700580597,510,0.6466960540004804,2.5472696294971544,True,0.6161915103594461,0.30703633989905943,1.0981311798095703,True,0.001953125,1.660311372950673,0.0043945335783064365,64.310546875,-0.6506826877593994,0.41291528940200806,2.543531656265259,0.6158283948898315,882,0.99609375
-0.0019530628342181444,511,0.5273512421055548,2.2048763692262354,True,0.5009469808664341,0.31550053919199855,1.0856983661651611,True,0.0,1.9281560499221087,0.0019530612044036388,66.59375,-0.5290259718894958,0.22898869216442108,2.202296018600464,0.500699520111084,883,0.998046875
-0.0024412169586867094,511,0.5957450723228156,2.6712985995231073,True,0.563755220862984,0.29786136890761555,0.9996642768383026,True,0.001953125,1.9097458086907864,0.002441222604829818,65.369140625,-0.5978113412857056,0.32082512974739075,2.6675548553466797,0.5634249448776245,884,0.998046875
-0.002441472839564085,511,0.6250464238532601,2.66345418642645,True,0.5931505157872888,0.31162811778485777,1.0370173752307892,True,0.001953125,2.035663388669491,0.002441472723148763,67.5859375,-0.626898467540741,0.34557226300239563,2.6595664024353027,0.5926076769828796,885,0.998046875
-0.002441335702314973,511,0.5862625405163214,2.7841710038847647,True,0.5529209837871522,0.2838514513103292,0.925165057182312,True,0.001953125,1.9275420177727938,0.002441337099298835,66.349609375,-0.588564395904541,0.309026300907135,2.782090187072754,0.5528063774108887,886,0.998046875
-0.0068359049037098885,509,0.5574860083330826,2.2840120703391804,True,0.5301340638068898,0.2799510563025251,0.929204910993576,True,0.00390625,1.7454833909869194,0.006835903797764331,65.947265625,-0.5640299320220947,0.2563231289386749,2.2794408798217773,0.5298967957496643,887,0.994140625
-0.0063476269133389,509,0.6844181727566746,3.222002224978389,True,0.6458334320303499,0.2657335774507374,0.8902429342269897,True,0.001953125,1.626747164875269,0.006347629940137267,65.716796875,-0.6916412115097046,0.41336002945899963,3.2293171882629395,0.6466211676597595,888,0.994140625
-0.0024413219653069973,511,0.5836869603033867,2.7768154708839905,True,0.5504335105535803,0.2832616481464356,0.98793163895607,True,0.001953125,1.6646799147129059,0.0024413230130448937,66.658203125,-0.5859971046447754,0.2865343689918518,2.773463010787964,0.5503423810005188,889,0.998046875
-0.0029297536239027977,511,0.6897810580912401,2.587244916568763,True,0.6587977766290802,0.2740795363904908,0.9369998574256897,True,0.00390625,1.674996092915535,0.0029297576402314007,66.951171875,-0.693016529083252,0.4734260141849518,2.586458444595337,0.6591129899024963,890,0.998046875
-0.004394549876451492,510,0.639082797835855,2.584526122785082,True,0.608132066446192,0.28387559587135913,1.0147817134857178,True,0.001953125,1.5304939318448305,0.004394555522594601,65.5859375,-0.6426869630813599,0.37707144021987915,2.578554630279541,0.6074132323265076,891,0.99609375
-0.0063477265648543835,509,0.5983360408565619,3.0538592619605516,True,0.5617648825664182,0.2770416231127456,0.9878217875957489,True,0.001953125,1.4625907633453608,0.006347726797685027,65.775390625,-0.6057631969451904,0.307568222284317,3.0508697032928467,0.5628802180290222,892,0.994140625
-0.0063475267961621284,509,0.6256680821154581,3.063640932671447,True,0.5889797725939796,0.2685987665667199,1.0012700855731964,True,0.001953125,1.2399444952607155,0.006347522954456508,64.587890625,-0.6307876706123352,0.3590432107448578,3.0604209899902344,0.5877902507781982,893,0.994140625
-0.002441544784232974,511,0.6575165896033122,2.5234475616372958,True,0.6272973027481259,0.26553048302885146,1.0238776206970215,True,0.001953125,1.1662683989852667,0.0024415377411060035,64.033203125,-0.659558892250061,0.3845074474811554,2.5199708938598633,0.6269398927688599,894,0.998046875
-0.0024413932114839554,511,0.6099487454457293,2.713143830663304,True,0.5774577896888942,0.24604521463625134,0.9504736065864563,True,0.001953125,1.0701820068061352,0.0024413916980847716,63.564453125,-0.6120195388793945,0.4115739166736603,2.7183079719543457,0.577025294303894,895,0.998046875
-0.0019531124271452427,511,0.59597508688029,2.71404110662158,True,0.5634733835078499,0.24579048793530095,0.9523073136806488,True,0.0,1.067518262192607,0.001953110913746059,62.986328125,-0.6025856137275696,0.36186903715133667,2.71226167678833,0.568152129650116,896,0.998046875
-0.00048825982958078384,512,0.6563107278198004,3.1254275888204575,True,0.6188825089484453,0.23425966239301488,0.9293176233768463,True,0.001953125,0.9581575766205788,0.0004882580687990412,63.029296875,-0.6567990183830261,0.31200844049453735,3.125427722930908,0.6188825368881226,897,1.0
-2.3748725652694702e-08,512,0.684929994866252,3.205084443092346,True,0.6465478371828794,0.2287689863005653,0.9118849039077759,True,0.0,0.9278396023437381,2.444721758365631e-08,62.458984375,-0.6849299669265747,0.39191463589668274,3.2050845623016357,0.6465478539466858,898,1.0
1.0826624929904938e-08,512,0.6160549148917198,2.6290885508060455,True,0.584570549428463,0.2452417999505997,0.9621178805828094,True,0.0,1.0563646350055933,-8.847564458847046e-09,63.279296875,-0.616054892539978,0.2671752870082855,2.6290884017944336,0.5845705270767212,899,1.0
-0.006835918873548508,509,0.5762380517301953,2.7473173595833167,True,0.5433378462004521,0.24100838364101948,0.901915967464447,True,0.00390625,1.075785438530147,0.006835917156422511,62.685546875,-0.5825148820877075,0.2610815167427063,2.744652509689331,0.5428106188774109,900,0.994140625
-0.00244136992841959,511,0.644613556665917,2.6233967451666667,True,0.6131973432234823,0.25493551890831445,0.9860614836215973,True,0.001953125,1.1056370483711362,0.0024413677165284753,62.720703125,-0.6477401852607727,0.3944913148880005,2.623340129852295,0.6138832569122314,901,0.998046875
-0.006347645539790392,509,0.6295580240972853,3.0908120292108974,True,0.5925443490385306,0.2438380267005414,0.8834365606307983,True,0.001953125,1.216061418876052,0.0063476431532762945,63.587890625,-0.6356484889984131,0.37917646765708923,3.0985403060913086,0.592194676399231,902,0.994140625
-0.004882887937128544,510,0.5687799423348671,2.7983292799369965,True,0.5352688506537793,0.26490760646993294,0.9896945953369141,True,0.00390625,1.241715868934989,0.004882893117610365,64.2421875,-0.5741610527038574,0.23494185507297516,2.7978391647338867,0.535772979259491,903,0.99609375
-0.006835955195128918,509,0.6002929423787503,2.4827240417420513,True,0.5705613618046923,0.2649486163049005,0.954903781414032,True,0.00390625,1.3426380781456828,0.006835954205598682,63.974609375,-0.6097446084022522,0.3536914587020874,2.4959335327148438,0.5730189085006714,904,0.994140625
-0.006835906766355038,509,0.6556502211773092,3.2822220400414897,True,0.616344328186601,0.2658673305879347,0.9643115699291229,True,0.00390625,1.3233820777386427,0.006835911073721945,63.841796875,-0.6633428335189819,0.33210140466690063,3.284851551055908,0.6171694993972778,905,0.994140625
-0.005371079780161381,510,0.6321588315215766,2.9138095547171203,True,0.5972648258302726,0.28507991844671776,1.0312521755695343,True,0.005859375,1.4691680604591966,0.005371078324969858,64.748046875,-0.6372584104537964,0.30839210748672485,2.9121522903442383,0.5970131754875183,906,0.99609375
-0.009765660390257835,508,0.5612932133862353,2.7618651146025166,True,0.528218787486159,0.2970004276838154,1.028563767671585,True,0.0078125,1.6304402500391006,0.009765660433913581,64.173828125,-0.5709152221679688,0.2844944894313812,2.754891872406006,0.5281586647033691,907,0.9921875
-0.009765619412064552,508,0.6206950995865768,3.070768022161769,True,0.5839214418816755,0.300953009701334,1.0111294090747833,True,0.0078125,1.7792302072048187,0.009765616268850863,64.693359375,-0.6319655179977417,0.34335777163505554,3.0891644954681396,0.5852059125900269,908,0.9921875
-0.01367183681577444,506,0.6669584041527609,2.8847992241147002,True,0.632411810249208,0.3071819559670985,0.9964289665222168,True,0.0078125,1.8844865672290325,0.013671832683030516,65.78125,-0.678566575050354,0.4177214801311493,2.896245002746582,0.6302110552787781,909,0.98828125
-0.006835993845015764,509,0.6654196232850049,3.1859370280342625,True,0.627266796960812,0.30302723112981766,1.0003231465816498,True,0.00390625,1.9225321635603905,0.006835992360720411,64.92578125,-0.6732631325721741,0.35657861828804016,3.1858606338500977,0.6282752752304077,910,0.994140625
-0.0043945033103227615,510,0.6113961486255423,3.077148786245608,True,0.5745460814120722,0.30504727489314976,1.0073098242282867,True,0.001953125,1.9838160686194897,0.004394504416268319,64.4375,-0.6154670715332031,0.27491310238838196,3.069856882095337,0.5743098258972168,911,0.99609375
-0.006835954263806343,509,0.6882577910872948,2.9981086418061915,True,0.6523542636035702,0.33514126334339384,1.120887279510498,True,0.00390625,2.082557041198015,0.006835954205598682,64.955078125,-0.6940937042236328,0.42878174781799316,2.9946465492248535,0.6513956785202026,912,0.994140625
-0.007324257865548134,509,0.6208092865400557,2.5163934507163894,True,0.5906744893267019,0.32818748569115996,1.0803598165512085,True,0.005859375,2.095825307071209,0.00732425507158041,65.716796875,-0.6307169198989868,0.36966997385025024,2.5237045288085938,0.5931704044342041,913,0.994140625
-0.014160114340484142,506,0.6277933198472728,2.993823217780222,True,0.5919411198894968,0.32081831865943966,1.0073171854019165,True,0.009765625,2.1038952823728323,0.014160115737468004,65.37109375,-0.6422144770622253,0.31331297755241394,3.0023109912872314,0.5921003818511963,914,0.98828125
-0.009765650145709515,508,0.6053554115332955,2.6650930971611198,True,0.5734398824962106,0.31642299650702627,1.021434724330902,True,0.0078125,2.047408003360033,0.009765650262124836,65.28515625,-0.6142266392707825,0.3399665951728821,2.653817892074585,0.5726804733276367,915,0.9921875
-0.012206990271806717,507,0.6029352819660947,2.9307846609187087,True,0.5678379848393698,0.30005933849606664,0.9355533719062805,True,0.009765625,2.0148334465920925,0.012206989980768412,65.697265625,-0.616767406463623,0.2986041307449341,2.931293487548828,0.5694569945335388,916,0.990234375
9.255018085241318e-08,512,0.5126719642430544,2.4982393570244312,True,0.4827545676380396,0.30430815564468505,1.0514516830444336,True,0.0,1.880358213558793,-9.225914254784584e-08,65.71484375,-0.5126720070838928,0.2070356160402298,2.498239517211914,0.48275458812713623,917,1.0
-0.009277373552322388,508,0.6027262830358792,3.0575966328147826,True,0.5661103622181208,0.2943503446411342,0.9640247523784637,True,0.005859375,1.845360353589058,0.00927737558959052,67.70703125,-0.612407922744751,0.34042367339134216,3.0526976585388184,0.5665733814239502,918,0.9921875
-5.238689482212067e-09,512,0.5346574876457453,2.2690596878528595,True,0.5074846148490906,0.29764453149400655,1.0563044548034668,True,0.0,1.7276726327836514,7.741618901491165e-09,67.369140625,-0.5346574783325195,0.24021059274673462,2.269059658050537,0.5074846148490906,919,1.0
-0.004394545219838619,510,0.6221266554851157,2.475737413705564,True,0.5924787266581666,0.2580001921858639,0.8888214230537415,True,0.001953125,1.516827268525958,0.0043945430079475045,67.51171875,-0.626262366771698,0.34457463026046753,2.471320867538452,0.5922727584838867,920,0.99609375
-0.0024413196370005608,511,0.5865225658957973,2.62843351121518,True,0.5550460465500267,0.2656559602357447,0.9885010719299316,True,0.001953125,1.310288542881608,0.0024413179489783943,65.814453125,-0.5887654423713684,0.3319069445133209,2.627016067504883,0.5548644661903381,921,0.998046875
-0.0019531534053385258,511,0.5652778675878117,2.558423498605328,True,0.5346397309620553,0.24488527788780629,0.9009721279144287,True,0.0,1.254753889515996,0.0019531564321368933,66.265625,-0.5676631927490234,0.24015167355537415,2.557328939437866,0.5350850224494934,922,0.998046875
1.4202669262886047e-08,512,0.5801993627101183,3.054602488875389,True,0.5436192955821753,0.251322606310714,1.0089089274406433,True,0.0,0.990816643461585,-1.234002411365509e-08,64.91796875,-0.5801993608474731,0.26843905448913574,3.05460262298584,0.5436192750930786,923,1.0
-0.0039061978459358215,510,0.6059149106343586,2.8353753678938918,True,0.5719601708299973,0.23798563434975223,0.9396470189094543,True,0.0,0.923000767827034,0.003906191501300782,64.109375,-0.6091533899307251,0.3172505497932434,2.837818145751953,0.5712631344795227,924,0.99609375
4.400499165058136e-08,512,0.6709546279162169,3.4350294694304466,True,0.6298187952488661,0.20526869357563554,0.8157710134983063,True,0.0,0.8422906827181578,-4.3975887820124626e-08,63.482421875,-0.6709546446800232,0.2943688929080963,3.4350295066833496,0.6298187971115112,925,1.0
6.810296326875687e-08,512,0.5691191144287586,2.7061290852725506,True,0.5367121528834105,0.20721977885696108,0.854108601808548,True,0.0,0.7279625702649355,-7.075141184031963e-08,62.650390625,-0.5691190958023071,0.25930944085121155,2.7061290740966797,0.5367121696472168,926,1.0
-0.004882844164967537,510,0.5767978956886366,2.5993348916371666,True,0.5456698480774375,0.2234743603738025,0.9076749682426453,True,0.00390625,0.7411304078996181,0.004882845256361179,63.744140625,-0.5839453935623169,0.3305836617946625,2.6168060302734375,0.5477253198623657,927,0.99609375
-0.0024414649233222008,511,0.5523595893336368,2.1902110490313715,True,0.52613095627139,0.23909449230413887,0.997642308473587,True,0.001953125,0.7424913281574845,0.002441463526338339,62.57421875,-0.5546299815177917,0.2369547188282013,2.1889913082122803,0.5259746313095093,928,0.998046875
2.0489096641540527e-08,512,0.6841060966253281,3.328027129173279,True,0.6442516651004553,0.22536337060155348,0.9233756959438324,True,0.0,0.8137649800628424,-1.83063093572855e-08,62.39453125,-0.6841060519218445,0.3886167109012604,3.3280272483825684,0.6442516446113586,929,1.0
-3.864988684654236e-08,512,0.6733518317341805,2.656070202589035,True,0.641544358804822,0.26100503741763537,1.087411880493164,True,0.0,0.8704523928463459,4.0512531995773315e-08,62.46484375,-0.6733518838882446,0.42856544256210327,2.6560702323913574,0.6415443420410156,930,1.0
-0.007324181497097015,509,0.6118574113180688,3.1978105997524002,True,0.5735623836517334,0.264327478769701,1.0304448008537292,True,0.005859375,1.018286645412445,0.007324185338802636,63.712890625,-0.6190241575241089,0.2609756290912628,3.192354679107666,0.5734702348709106,931,0.994140625
-0.002929693553596735,511,0.6584885430662599,3.1018996621297994,True,0.6213420750810208,0.24738344441866505,0.9539358615875244,True,0.00390625,1.0733316084370017,0.0029296911670826375,63.546875,-0.6627044677734375,0.34515395760536194,3.107844829559326,0.6225571036338806,932,0.998046875
-0.002441469579935074,511,0.7130298725312937,2.6156084444191587,True,0.6817069459568031,0.24412305424921216,0.905456155538559,True,0.001953125,1.2118071131408215,0.002441466596792452,63.884765625,-0.7149549722671509,0.4261290431022644,2.6127331256866455,0.681225061416626,933,0.998046875
-0.0024413710925728083,511,0.6216437322052957,3.3685094017805186,True,0.5813045161111013,0.28508332492783667,1.0824037194252014,True,0.001953125,1.3232241719961166,0.002441370685119182,64.298828125,-0.6241062879562378,0.3163742423057556,3.3690826892852783,0.5813188552856445,934,0.998046875
-0.003906263038516045,510,0.6012857191702898,2.6276082571815036,True,0.5698190742847966,0.28769544665701685,1.0553656816482544,True,0.0,1.4543208852410316,0.0039062646246748045,64.4375,-0.6054384708404541,0.2884841561317444,2.6271772384643555,0.570070743560791,935,0.99609375
3.189779818058014e-08,512,0.6304712034761906,2.851155884563923,True,0.5963274855166674,0.2757313080364838,0.9647831320762634,True,0.0,1.6554944347590208,-4.225876182317734e-08,64.798828125,-0.6304711699485779,0.3377625048160553,2.8511557579040527,0.596327543258667,936,1.0
-0.007812450639903545,509,0.5750391051202485,2.9459889506544252,True,0.5397597332366089,0.29733138396404685,0.9789240956306458,True,0.0078125,1.8746821861714125,0.007812453841324896,65.611328125,-0.5831362009048462,0.2447134554386139,2.946063995361328,0.5400434732437134,937,0.994140625
-0.004882763139903545,510,0.6376082680973353,2.5602224466847443,True,0.6069485895773944,0.29574289550073446,0.9801507592201233,True,0.00390625,1.896599467843771,0.004882768203970045,64.736328125,-0.6423438787460327,0.377966046333313,2.561392068862915,0.606787383556366,938,0.99609375
-0.007324193604290485,509,0.5797161923644585,3.075807101131656,True,0.5428821986691188,0.33135769551154226,1.1016014218330383,True,0.005859375,2.0742642916738987,0.00732419517589733,66.21484375,-0.5860604643821716,0.29689595103263855,3.0650906562805176,0.5420306324958801,939,0.994140625
-0.004882776644080877,510,0.6109898038938935,2.6563491601569975,True,0.5791789809862773,0.2940051319776103,0.9432665109634399,True,0.00390625,2.0093809701502323,0.0048827802238520235,63.98046875,-0.6149314641952515,0.3256595730781555,2.6491641998291016,0.5783239006996155,940,0.99609375
-0.013183509930968285,507,0.5557716365984441,2.6951914226279925,True,0.5234956475051903,0.3356295177713037,1.0548032522201538,True,0.013671875,2.2297071404755116,0.013183509057853371,65.5703125,-0.5680946707725525,0.2754940092563629,2.6911330223083496,0.5226837396621704,941,0.990234375
-0.0024413324426859617,511,0.5991887655510126,2.927711235800368,True,0.5641282744370327,0.3334835215704516,1.1215184330940247,True,0.001953125,2.134769916534424,0.0024413367500528693,65.39453125,-0.6012102961540222,0.3520802855491638,2.923696994781494,0.5637564659118652,942,0.998046875
-0.0024414598010480404,511,0.5218172614588429,2.0743204679507796,True,0.49697647554300534,0.32162129296921194,1.0542237758636475,True,0.001953125,2.166701402515173,0.002441466203890741,64.939453125,-0.5237665176391602,0.21167129278182983,2.0739128589630127,0.49648919701576233,943,0.998046875
-0.00244137947447598,511,0.551231361706896,2.556025365094149,True,0.5206219506706976,0.3010723127052188,0.9598008692264557,True,0.001953125,2.1334151700139046,0.0024413781065959483,65.857421875,-0.553364098072052,0.2535632252693176,2.5544939041137695,0.520331621170044,944,0.998046875
-6.05359673500061e-09,512,0.569090623408556,2.368582807481289,True,0.5407259128987789,0.30125391092151405,1.0039176642894745,True,0.0,2.009407289326191,1.2048985809087753e-08,64.3046875,-0.5690906643867493,0.24914219975471497,2.3685827255249023,0.5407259464263916,945,1.0
5.390029400587082e-08,512,0.5423343982547522,2.551943637430668,True,0.5117738619446754,0.29186750114895404,0.9691386520862579,True,0.0,1.9607964307069778,-5.154288373887539e-08,64.994140625,-0.5423343777656555,0.2515048682689667,2.551943778991699,0.5117738842964172,946,1.0
-0.001953153172507882,511,0.5917849881308419,2.9486840594771317,True,0.5564733369243121,0.2953234471846372,1.0005707740783691,True,0.0,1.8651226721704006,0.001953157683601603,66.16015625,-0.5934119820594788,0.29642027616500854,2.9439992904663086,0.556203305721283,947,0.998046875
-5.704350769519806e-09,512,0.6105154268443584,2.6225426718592644,True,0.5791094526648521,0.26394015315454455,0.9265468716621399,True,0.0,1.5726153887808323,8.440110832452774e-09,65.994140625,-0.6105154752731323,0.2792229652404785,2.6225426197052,0.5791094303131104,948,1.0
-1.0838266462087631e-07,512,0.5692168660461903,2.433732643723488,True,0.5400719605386257,0.2840113106649369,1.0380741953849792,True,0.0,1.5279271770268679,1.1146767064929008e-07,65.439453125,-0.5692168474197388,0.302560031414032,2.433732509613037,0.540071964263916,949,1.0
-1.1932570487260818e-07,512,0.5536029525101185,2.698959968984127,True,0.5212818533182144,0.26063363016583024,0.9584211707115173,True,0.0,1.3789854738861322,1.208973117172718e-07,66.4140625,-0.553602933883667,0.26248568296432495,2.6989598274230957,0.5212818384170532,950,1.0
-4.4587068259716034e-08,512,0.6348129920661449,2.6738099828362465,True,0.6027930788695812,0.2584762189537287,0.9704247713088989,True,0.0,1.287824435159564,4.156026989221573e-08,65.966796875,-0.6348129510879517,0.29075974225997925,2.6738100051879883,0.6027930378913879,951,1.0
-0.0024413776118308306,511,0.6324248149436981,2.934174398153495,True,0.5972869220078575,0.2410453227814287,0.8838771879673004,True,0.001953125,1.2365701124072075,0.002441378601361066,66.97265625,-0.6343688368797302,0.3323574364185333,2.9311113357543945,0.5968261957168579,952,0.998046875
-0.004882811568677425,510,0.6061093543090071,2.95891985986747,True,0.5706751124531614,0.24383513190550732,0.9163951575756073,True,0.00390625,1.1134657766669989,0.004882810288108885,66.470703125,-0.6106098890304565,0.2721847593784332,2.956080436706543,0.5703268647193909,953,0.99609375
-2.2759195417165756e-08,512,0.589868126437068,2.6065345853567123,True,0.5586538594216108,0.2524912976194173,1.0123234391212463,True,0.0,1.0005317255854607,2.264278009533882e-08,66.099609375,-0.5898681282997131,0.2661363482475281,2.606534719467163,0.5586538314819336,954,1.0
-0.0024414951913058758,511,0.6010142142525391,2.67397148291892,True,0.568992366237883,0.2369487290736288,0.9501416087150574,True,0.001953125,0.8895782046020031,0.002441496413666755,64.7578125,-0.6067444682121277,0.3441937565803528,2.687408924102783,0.5721203088760376,955,0.998046875
-0.0019531333819031715,511,0.6131670771862895,2.638141986675225,True,0.5815742895911118,0.2348005081876181,0.9482216835021973,True,0.0,0.8640607185661793,0.00195313518634066,64.34375,-0.6148785948753357,0.3164590001106262,2.6373491287231445,0.5813422203063965,956,0.998046875
-0.008789077401161194,508,0.6197872035146698,3.608661035853108,True,0.5765720643396453,0.21602369260508567,0.8415184617042542,True,0.00390625,0.7786184502765536,0.008789076935499907,62.478515625,-0.6333395838737488,0.30186137557029724,3.6336264610290527,0.5810364484786987,957,0.9921875
2.9336661100387573e-08,512,0.6137775927782059,2.946961298584938,True,0.578486567363143,0.22167740527074786,0.9237873256206512,True,0.0,0.7383993058465421,-2.584420144557953e-08,62.009765625,-0.6137775778770447,0.30191487073898315,2.9469614028930664,0.5784865617752075,958,1.0
-2.6309862732887268e-08,512,0.6641196720302105,2.5211750343441963,True,0.6339276190847158,0.23750512237893417,0.9825927019119263,True,0.0,0.8197310222312808,3.003515303134918e-08,62.65234375,-0.6641196012496948,0.6371577382087708,2.5211751461029053,0.633927583694458,959,1.0
-0.004882818087935448,510,0.6165684868307675,2.3070678734311865,True,0.5889404336611429,0.24279624004266226,1.0053055584430695,True,0.00390625,0.7370461281388998,0.0048828212602529675,61.232421875,-0.6211102604866028,0.35197359323501587,2.3039143085479736,0.5886372327804565,960,0.99609375
-0.006347636226564646,510,0.621999245297675,2.626770766576131,True,0.5905426280171263,0.253220007289201,1.0068488121032715,True,0.009765625,0.9100521057844162,0.0063476384384557605,63.380859375,-0.629826545715332,0.3107640743255615,2.6300623416900635,0.5919829607009888,961,0.99609375
-0.004394517745822668,510,0.6634850857304591,3.261573791503907,True,0.6244264537212895,0.2623143681907095,1.0574777126312256,True,0.001953125,0.9284860789775848,0.004394520656205714,61.525390625,-0.6673092842102051,0.3913782835006714,3.255082130432129,0.6239338517189026,962,0.99609375
7.799826562404633e-09,512,0.5762723814696074,2.6678864769637585,True,0.5443233884871006,0.25214368518209085,0.9944655001163483,True,0.0,1.0650118812918663,-9.42964106798172e-09,62.2578125,-0.5762723684310913,0.27670326828956604,2.66788649559021,0.5443233847618103,963,1.0
-0.004882807843387127,510,0.6340113658531039,2.899072120703903,True,0.5992938450738495,0.25767110746819527,0.9714761972427368,True,0.00390625,1.1698611918836832,0.0048828081344254315,62.521484375,-0.6381523609161377,0.4439955949783325,2.893934726715088,0.5986136198043823,964,0.99609375
2.3748725652694702e-08,512,0.6533594354987144,2.4533673152327538,True,0.6239793859422207,0.27050620439695194,1.0342411696910858,True,0.0,1.2731599565595388,-2.8230715543031693e-08,61.8984375,-0.6533594131469727,0.4120657742023468,2.453367233276367,0.623979389667511,965,1.0
-0.002441376680508256,511,0.6312904923629387,2.9778325842318005,True,0.5956297741944075,0.27916364807169886,0.9944624304771423,True,0.001953125,1.5565956197679043,0.0024413797655142844,63.814453125,-0.6335572004318237,0.3281359076499939,2.973717451095581,0.5955044031143188,966,0.998046875
8.998904377222061e-08,512,0.6038676835596561,2.4722804501652718,True,0.5742611512541771,0.28495313462335614,1.0190770328044891,True,0.0,1.6227562800049782,-8.672941476106644e-08,63.0703125,-0.6038677096366882,0.3452241122722626,2.472280502319336,0.5742611885070801,967,1.0
-0.007324200123548508,509,0.6345268487930297,3.0535557382467453,True,0.5979593314215804,0.3234931413084269,1.120907187461853,True,0.005859375,1.839750025421381,0.007324201054871082,64.83984375,-0.6404268145561218,0.3527815639972687,3.043630599975586,0.596653938293457,968,0.994140625
-0.0024413627106696367,511,0.6045944140148722,2.8060292446450017,True,0.5709911292663059,0.3268353366293013,1.0756078362464905,True,0.001953125,2.1854481883347034,0.002441358636133373,66.8046875,-0.6087751388549805,0.31038594245910645,2.808091402053833,0.5727057456970215,969,0.998046875
-0.009765703231096268,508,0.6176703919575909,3.0351402665686416,True,0.5813234021344523,0.3291000410914421,1.042173981666565,True,0.0078125,2.2179907634854317,0.009765704919118434,67.599609375,-0.6266056299209595,0.3229106366634369,3.021182060241699,0.5806602239608765,970,0.9921875
-0.0029297627042979,511,0.6456622833608414,2.995361559078418,True,0.609791651513945,0.34349468327127397,1.1029452085494995,True,0.00390625,2.399517599493265,0.0029297599103301764,68.515625,-0.6480144262313843,0.3887428939342499,2.9929115772247314,0.6092434525489807,971,0.998046875
-0.004882762208580971,510,0.5830147172890456,2.6016654145483877,True,0.5518587586926479,0.3072909889975563,0.94158935546875,True,0.00390625,2.281807105988264,0.004882760520558804,67.6953125,-0.5883641242980957,0.3209351897239685,2.601219892501831,0.5523306727409363,972,0.99609375
1.1175870895385742e-08,512,0.5781175941228867,2.491179548203945,True,0.5482847392559052,0.3108328249771148,0.977812647819519,True,0.0,2.305406041443348,-8.381903171539307e-09,68.45703125,-0.5781176090240479,0.3206208646297455,2.4911794662475586,0.5482847690582275,973,1.0
-0.006835869513452053,509,0.5725917035680858,2.7095041827743316,True,0.5401443303333986,0.30178887196816506,0.9420339465141296,True,0.00390625,2.1309242248535156,0.006835868756752461,67.357421875,-0.5814024209976196,0.2861796021461487,2.728414535522461,0.5418926477432251,974,0.994140625
-8.766073733568192e-08,512,0.653873885050416,3.304735317826271,True,0.614298390224576,0.2853717597667128,0.9131566882133484,True,0.0,2.0548066198825836,8.972710929811001e-08,66.5234375,-0.6538739204406738,0.4248334765434265,3.3047351837158203,0.614298403263092,975,1.0
-0.0024413776118308306,511,0.5814240480355787,2.5576339579841636,True,0.5507953809665374,0.30101863003801554,1.0189737379550934,True,0.001953125,1.8956500701606274,0.0024413769133388996,66.060546875,-0.5837756395339966,0.28786879777908325,2.554936170578003,0.5507379174232483,976,0.998046875
-1.3527460396289825e-07,512,0.6180257424712181,3.1565234288573265,True,0.5802251379936934,0.2714161140378565,0.9103193581104279,True,0.0,1.7870421260595322,1.3451790437102318e-07,65.765625,-0.6180257201194763,0.33190685510635376,3.1565232276916504,0.5802251100540161,977,1.0
5.762558430433273e-08,512,0.5976507067680359,2.8298761397600174,True,0.5637618210166693,0.2839477579575032,0.9870462715625763,True,0.0,1.7307711951434612,-5.76837919652462e-08,66.23828125,-0.5976507067680359,0.30165615677833557,2.829876184463501,0.563761830329895,978,1.0
-0.0019531352445483208,511,0.6083607518509643,2.7895748909205604,True,0.5749545096767857,0.2763562451582402,0.9517204761505127,True,0.0,1.68118030205369,0.0019531333819031715,66.859375,-0.6100881099700928,0.3343367278575897,2.7913269996643066,0.5747077465057373,979,0.998046875
-4.6798959374427795e-08,512,0.5530256275087595,2.1618007346987724,True,0.5271372273564339,0.26994053238304333,1.0044414401054382,True,0.0,1.3810439370572567,4.5605702325701714e-08,64.83984375,-0.5530256628990173,0.2716684341430664,2.1618008613586426,0.5271371603012085,980,1.0
-0.0019531860016286373,511,0.5523678845855354,2.2136847021061845,True,0.5258581604509671,0.24138525349553674,0.8751523494720459,True,0.0,1.2880319114774466,0.0019531873986124992,64.416015625,-0.5542920827865601,0.24342946708202362,2.215062141418457,0.5258127450942993,981,0.998046875
1.594889909029007e-08,512,0.5720826201140881,2.5669483691453934,True,0.5413424111902714,0.24190020586829633,0.9437153041362762,True,0.0,1.0631432253867388,-1.705484464764595e-08,63.873046875,-0.5720826387405396,0.24428579211235046,2.566948413848877,0.5413423776626587,982,1.0
-3.2247044146060944e-08,512,0.6116866245865822,2.627658821642399,True,0.5802193861454725,0.2325788310496137,0.9064656794071198,True,0.0,1.0257132146507502,3.341119736433029e-08,64.126953125,-0.6116865873336792,0.26026979088783264,2.6276588439941406,0.5802193880081177,983,1.0
1.5855766832828522e-07,512,0.5317773427814245,2.2200082167983055,True,0.5051918625831604,0.22116312799043958,0.8757849931716919,True,0.0,0.9201257806271315,-1.603621058166027e-07,63.978515625,-0.5317773818969727,0.19860538840293884,2.220008373260498,0.5051918029785156,984,1.0
-0.0019530374556779861,511,0.585819923247843,2.3126726290484463,True,0.5581247507942632,0.23864257062086836,0.9669101238250732,True,0.0,0.8661502078175545,0.001953034574398771,63.673828125,-0.5878208875656128,0.2905249297618866,2.3108043670654297,0.5581949949264526,985,0.998046875
-0.006347682327032089,509,0.6253954700261998,2.5949259915614173,True,0.5943202133965634,0.2315556405694224,0.9405398964881897,True,0.001953125,0.7419996066018939,0.006347680347971618,62.939453125,-0.6353170871734619,0.4503692388534546,2.587360382080078,0.597984790802002,986,0.994140625
-0.0024414011277258396,511,0.591845497693101,2.741557552856475,True,0.5590142717333455,0.22988673300715165,0.9548940658569336,True,0.001953125,0.7293303748592734,0.0024414007493760437,64.00390625,-0.5939357876777649,0.31511810421943665,2.742950677871704,0.5586464405059814,987,0.998046875
-0.004882822744548321,510,0.6283896180928924,2.6735624102985156,True,0.5963726694677389,0.22804744721506726,0.9266847670078278,True,0.00390625,0.7565533546730876,0.004882825771346688,64.228515625,-0.6327097415924072,0.3635781407356262,2.6701109409332275,0.5958513617515564,988,0.99609375
-0.004882831126451492,510,0.6334536239212636,2.710388147129732,True,0.6009956633343415,0.24049797367770226,1.0040337443351746,True,0.00390625,0.6961678629741073,0.0048828310100361705,62.416015625,-0.6384822726249695,0.3549731969833374,2.7065582275390625,0.6011874079704285,989,0.99609375
-0.0024413885548710823,511,0.6201929581841843,2.841598508875898,True,0.586163715723676,0.21979697282658892,0.8875765800476074,True,0.001953125,0.7968053910881281,0.0024413862265646458,63.869140625,-0.6220749020576477,0.28214338421821594,2.838263511657715,0.5856442451477051,990,0.998046875
-0.005859397351741791,509,0.7640378916661724,3.270440597196927,True,0.7248731051774765,0.2550688457908109,1.0328970551490784,True,0.0,0.852600708603859,0.005859398777829483,63.22265625,-0.7677969932556152,0.9046963453292847,3.259385347366333,0.722905158996582,991,0.994140625
-0.0019531412981450558,511,0.6503246682030813,2.5212496316129682,True,0.6201317107374187,0.24234009633073583,0.954822301864624,True,0.0,0.9884499190375209,0.0019531396101228893,63.970703125,-0.6525607109069824,0.3401253819465637,2.522618293762207,0.6203982830047607,992,0.998046875
-0.007324282545596361,509,0.6584524945566368,2.828825931652121,True,0.6245762004365153,0.2604028319939971,0.99397411942482,True,0.005859375,1.0856746453791857,0.007324275095015764,65.271484375,-0.6702280044555664,0.4389616847038269,2.834500551223755,0.6289595365524292,993,0.994140625
-0.008789030835032463,508,0.7232541305812324,3.3271026010588396,True,0.6834107825136561,0.27863069172017274,1.0464552342891693,True,0.00390625,1.21101232804358,0.008789027342572808,64.369140625,-0.7358185052871704,0.5366061925888062,3.381366729736328,0.6865363121032715,994,0.9921875
-0.004394550807774067,510,0.7286803413839902,2.5595888474408315,True,0.6980282493666107,0.28465994014404716,1.0706965327262878,True,0.001953125,1.3225217144936323,0.004394547548145056,64.87109375,-0.7324166297912598,0.4983433485031128,2.5576469898223877,0.6973932981491089,995,0.99609375
-0.004882841370999813,510,0.6375562326580873,3.137876969692754,True,0.5999789172527836,0.32082324230577797,1.1882632970809937,True,0.00390625,1.5657548364251852,0.004882840628852136,65.943359375,-0.6428535580635071,0.3229970633983612,3.1397829055786133,0.6003705859184265,996,0.99609375
2.2817403078079224e-08,512,0.5929442252963781,2.586665667593479,True,0.5619678813964128,0.29425253681838515,1.038863331079483,True,0.0,1.7295977231115103,-1.696753315627575e-08,66.09375,-0.5929442644119263,0.31524595618247986,2.5866658687591553,0.5619678497314453,997,1.0
-0.004882761277258396,510,0.6064064088989706,2.7602530591628134,True,0.5733513002302132,0.3180000016465783,1.078437626361847,True,0.00390625,1.9485942274332047,0.004882762965280563,66.837890625,-0.6119357347488403,0.2838597297668457,2.761378526687622,0.5739843249320984,998,0.99609375
-0.011718722060322762,507,0.6308729843745335,2.348815238922541,True,0.602745002660996,0.32235381617210807,1.0126510858535767,True,0.0078125,2.1620973870158195,0.011718726629624143,67.71875,-0.6439294219017029,0.41540098190307617,2.3557446002960205,0.603999674320221,999,0.990234375
-0.012207135558128357,507,0.5846313031232334,2.590043542418019,True,0.5536145081181497,0.3638523729518056,1.239870011806488,True,0.009765625,2.0734246745705605,0.012207135558128357,66.447265625,-0.5960366129875183,0.3768756091594696,2.5918805599212646,0.5527908205986023,1000,0.990234375
-0.004882764536887407,510,0.5940377422407561,2.9440800330218146,True,0.5587812194637224,0.31341309281997387,0.9780755043029785,True,0.00390625,2.258304499089718,0.004882765002548695,66.28125,-0.6010649800300598,0.3515546917915344,2.960585117340088,0.5607280135154724,1001,0.99609375
-0.0024414248764514923,511,0.6830667541918222,2.8872505965298165,True,0.6484907958838805,0.31173889855854214,0.9441361427307129,True,0.001953125,2.409404896199703,0.002441423072014004,67.607421875,-0.6846699714660645,0.437386691570282,2.8837504386901855,0.6476945877075195,1002,0.998046875
-0.0024414840154349804,511,0.6071726497838641,2.759614093429655,True,0.574125199401915,0.31956111318431796,1.004725456237793,True,0.001953125,2.32349069416523,0.0024414852814516053,66.6171875,-0.6100847721099854,0.4021327495574951,2.7749314308166504,0.5744125247001648,1003,0.998046875
-0.00781252607703209,509,0.5543966836100243,2.461236922117956,True,0.524922416638766,0.32431916911154984,1.0038728415966034,True,0.0078125,2.3146415054798126,0.007812524097971618,67.861328125,-0.5612591505050659,0.26607465744018555,2.455267906188965,0.5240438580513,1004,0.994140625
-0.0024412916973233223,511,0.6256211581995341,2.5034458121674863,True,0.5956414067815194,0.3146682356018573,1.0178932547569275,True,0.001953125,2.172965820878744,0.0024412919010501355,67.041015625,-0.629308819770813,0.31363004446029663,2.499795913696289,0.5969313979148865,1005,0.998046875
-7.980270311236382e-08,512,0.587299145758152,2.6742173209786415,True,0.555274361744523,0.2957771487534046,0.9502642750740051,True,0.0,2.114484190940857,8.280039764940739e-08,68.38671875,-0.5872991681098938,0.29541638493537903,2.6742172241210938,0.5552743673324585,1006,1.0
-0.004394576884806156,510,0.5869699246743146,2.808359496733721,True,0.5533387221542059,0.2750125755555928,0.8694106340408325,True,0.001953125,1.9347173869609833,0.004394576826598495,67.544921875,-0.5923714637756348,0.32196372747421265,2.8231265544891357,0.5541688799858093,1007,0.99609375
-0.0019532113801687956,511,0.5458883193491023,2.0787571831925273,True,0.520994396067412,0.2740648445440456,0.907503604888916,True,0.0,1.812218226492405,0.00195321039063856,67.275390625,-0.5480931997299194,0.32879626750946045,2.0844240188598633,0.5211782455444336,1008,0.998046875
-3.166496753692627e-08,512,0.6424776706844568,2.6074157878756523,True,0.6112528424710035,0.25974981221370397,0.8818708658218384,True,0.0,1.667512135580182,3.055902197957039e-08,67.287109375,-0.6424776315689087,0.38205477595329285,2.6074156761169434,0.6112528443336487,1009,1.0
-0.0024414837826043367,511,0.5547428953437655,2.5071383698345864,True,0.5247189422409595,0.2661331607261673,0.9579073488712311,True,0.001953125,1.44220413826406,0.0024414827639702708,67.330078125,-0.5581772327423096,0.2822865843772888,2.505044460296631,0.525736927986145,1010,0.998046875
-3.8067810237407684e-08,512,0.6197702456265688,2.8000493571162224,True,0.5862385388463736,0.24955760203301908,0.9120147526264191,True,0.0,1.343092206865549,3.969762474298477e-08,66.958984375,-0.6197702884674072,0.3705205023288727,2.8000495433807373,0.5862385630607605,1011,1.0
-0.001953184138983488,511,0.5738489166514513,2.5517863368801406,True,0.5432902801410092,0.2431221778504551,0.8939130008220673,True,0.0,1.2477278504520655,0.0019531843718141317,66.162109375,-0.5753835439682007,0.29916489124298096,2.5499958992004395,0.5428931713104248,1012,0.998046875
6.664777174592018e-08,512,0.5594524759799242,2.5412278324365616,True,0.5290202610194683,0.2524866292253137,0.9666593968868256,True,0.0,1.1830963660031557,-6.984919309616089e-08,67.6953125,-0.559452474117279,0.2635786533355713,2.5412278175354004,0.5290203094482422,1013,1.0
-0.0039062360301613808,510,0.663118733845505,3.1937464657951806,True,0.6248723595750098,0.219042923534289,0.8012840151786804,True,0.0,1.097597636282444,0.003906237834598869,67.216796875,-0.6661016941070557,0.3330267369747162,3.191990375518799,0.6239700317382812,1014,0.99609375
-0.0019530734280124307,511,0.557930442568374,2.447479324564775,True,0.5286209158701439,0.2455118579789996,0.9766609370708466,True,0.0,0.9645319860428572,0.001953070459421724,65.904296875,-0.5601284503936768,0.38152849674224854,2.450209140777588,0.5288331508636475,1015,0.998046875
-0.003906200174242258,510,0.640284647661097,2.722004014370488,True,0.6076875794167613,0.23927436183439568,0.9641549289226532,True,0.0,0.8507435340434313,0.0039061987190507352,64.11328125,-0.643709123134613,0.36965426802635193,2.7287871837615967,0.6071245670318604,1016,0.99609375
-2.1653249859809875e-08,512,0.6371382363140583,2.738864913582802,True,0.6043392661958933,0.23446700302883983,0.9883877635002136,True,0.0,0.7357885995879769,1.979060471057892e-08,62.931640625,-0.6371382474899292,0.367373526096344,2.7388648986816406,0.6043392419815063,1017,1.0
-0.004394614603370428,510,0.6384904185930887,2.9019970230027736,True,0.6037378685147154,0.22506313722115012,0.9168564975261688,True,0.001953125,0.7459443919360638,0.004394617455545813,63.912109375,-0.6444974541664124,0.32876887917518616,2.9016833305358887,0.6053541302680969,1018,0.99609375
-0.0029296441935002804,511,0.5994408836336751,2.931414933587241,True,0.5643360479470569,0.21920219394378365,0.8996192216873169,True,0.00390625,0.7269741287454963,0.002929642330855131,63.59765625,-0.602172315120697,0.2639959156513214,2.9401073455810547,0.5640336275100708,1019,0.998046875
-0.004394449759274721,510,0.73493616066727,3.4137055322235703,True,0.6940556839400647,0.2220146900624968,0.9154192507266998,True,0.001953125,0.6907277591526508,0.004394451156258583,62.4921875,-0.7391102910041809,0.36122602224349976,3.4175634384155273,0.6937891244888306,1020,0.99609375
-0.01220699492841959,507,0.6120062620917248,2.9916280007221294,True,0.5761803515564056,0.25535587525228043,1.0354077219963074,True,0.009765625,0.7213467992842197,0.012206990228150971,62.13671875,-0.6267246007919312,0.3467320203781128,3.009305715560913,0.5784800052642822,1021,0.990234375
-0.009277308359742165,508,0.6617398121225552,3.2160599119081277,True,0.6232262357013432,0.24401623361045494,0.983235776424408,True,0.005859375,0.7618354130536318,0.009277307486627251,62.171875,-0.6712454557418823,0.4994504749774933,3.2155396938323975,0.6234607696533203,1022,0.9921875
-0.0068359896540641785,509,0.6684038530164241,3.027347960734414,True,0.6321501798620394,0.2681087779055815,1.088564693927765,True,0.00390625,0.8711970029398799,0.006835988198872656,63.23828125,-0.6755593419075012,0.3829346299171448,3.0382308959960938,0.632339358329773,1023,0.994140625
-0.0048828162252902985,510,0.5902346769968667,2.653334970100253,True,0.5584599511296141,0.2881811970262788,1.1862879395484924,True,0.00390625,0.9208159428089857,0.00488281121943146,62.576171875,-0.5963897705078125,0.25826990604400635,2.649843454360962,0.5597739815711975,1024,0.99609375
-0.0024414656218141317,511,0.6420506433731423,2.8852530542885013,True,0.6074986065903756,0.2801797847729176,1.1431102752685547,True,0.001953125,0.9823252540081739,0.0024414665531367064,61.7578125,-0.6443393230438232,0.28858184814453125,2.883119583129883,0.60737144947052,1025,0.998046875
-0.0024413892533630133,511,0.58395998976002,2.4506202453269883,True,0.5546128506646465,0.2811390904709697,1.1198400557041168,True,0.001953125,1.0945937298238277,0.0024413919309154153,62.826171875,-0.5861798524856567,0.3063405454158783,2.4541313648223877,0.5543492436408997,1026,0.998046875
-8.536153472959995e-08,512,0.6009468138217926,2.7555195093154907,True,0.5679484084248543,0.28488880610093475,1.1265349984169006,True,0.0,1.1916344743221998,8.131610229611397e-08,62.267578125,-0.600946843624115,0.305806040763855,2.7555196285247803,0.5679484009742737,1027,1.0
-0.00244139670394361,511,0.6650811096693438,2.970701010026577,True,0.6295057880435204,0.30083032271359117,1.1605719327926636,True,0.001953125,1.3254907745867968,0.0024413959763478488,62.8359375,-0.6680213212966919,0.3496822714805603,2.9711241722106934,0.6299995183944702,1028,0.998046875
-0.007324183359742165,509,0.6142195234832689,2.582770979943116,True,0.5832898363851611,0.3330518237082288,1.276062786579132,True,0.005859375,1.4103016965091228,0.007324180565774441,63.546875,-0.6237437725067139,0.30215975642204285,2.5889041423797607,0.5854164361953735,1029,0.994140625
-0.005371140316128731,510,0.5786822307343575,2.768711658552581,True,0.5455258280623193,0.3178000963758677,1.1551375985145569,True,0.005859375,1.6280286815017462,0.005371141480281949,63.1953125,-0.5866190195083618,0.30487892031669617,2.776271343231201,0.5480009913444519,1030,0.99609375
-0.0024414299987256527,511,0.6086303021343253,3.003601093814797,True,0.5726609973058308,0.318278115382418,1.1509765982627869,True,0.001953125,1.7128272745758295,0.002441429882310331,63.25,-0.6122174263000488,0.35388025641441345,3.0098752975463867,0.573731541633606,1031,0.998046875
-7.951166480779648e-08,512,0.6290099676698446,2.6262233555316925,True,0.5975599102675915,0.3007502508466132,1.0499192476272583,True,0.0,1.8153264429420233,7.805647328495979e-08,63.109375,-0.6290099620819092,0.3789288103580475,2.62622332572937,0.597559928894043,1032,1.0
-1.664739102125168e-08,512,0.699460830539465,3.153712213039398,True,0.6616938952356577,0.31061654912773523,1.0568578839302063,True,0.0,1.9848990961909294,1.6123522073030472e-08,64.60546875,-0.6994608640670776,0.4218091368675232,3.153712272644043,0.6616938710212708,1033,1.0
-0.0024412851780653,511,0.6257299420418339,2.7510503612152517,True,0.5927850475749857,0.3068895576056093,1.0115907788276672,True,0.001953125,2.0426023192703724,0.0024412845668848604,65.953125,-0.6297568082809448,0.3623351454734802,2.755499839782715,0.5943171977996826,1034,0.998046875
-0.0029297159053385258,511,0.5553793337947002,2.293373935843167,True,0.5279152623128051,0.3010848428588361,0.9980494976043701,True,0.00390625,1.9709045886993408,0.0029297129076439887,64.20703125,-0.5582312345504761,0.2306317538022995,2.2910938262939453,0.5278648138046265,1035,0.998046875
-2.223532646894455e-08,512,0.5662709083408117,2.5130423307418823,True,0.5361762419342995,0.28629222835879775,0.9380243420600891,True,0.0,1.973746683448553,2.4389009922742844e-08,63.498046875,-0.5662708878517151,0.29446467757225037,2.513042449951172,0.5361762046813965,1036,1.0
-0.0024414444342255592,511,0.5467904512779587,2.5537270776446324,True,0.5162085832448388,0.28021305673755703,0.8973396122455597,True,0.001953125,1.966073878109455,0.0024414388462901115,65.515625,-0.5485960841178894,0.2580214738845825,2.549561023712158,0.5156227350234985,1037,0.998046875
-0.010742183774709702,507,0.5624065681322088,2.3080988304149472,True,0.5347661691657185,0.2879823502385989,0.9035983979701996,True,0.00390625,1.9304098561406136,0.010742177430074662,65.083984375,-0.5713382363319397,0.3099405765533447,2.3027985095977783,0.5330191254615784,1038,0.990234375
-0.0039061480201780796,510,0.5963379766426834,2.6678202703887344,True,0.5643897661975785,0.28674627703148875,0.9338949918746948,True,0.0,1.9212225209921598,0.003906151745468378,65.892578125,-0.6013568639755249,0.26678070425987244,2.677323818206787,0.5653886198997498,1039,0.99609375
8.544884622097015e-08,512,0.5878568943589926,2.7507176846265793,True,0.5549159701913595,0.2966926707653329,1.0261626243591309,True,0.0,1.8292046543210745,-8.789356797933578e-08,66.658203125,-0.5878568887710571,0.37553712725639343,2.7507176399230957,0.5549159646034241,1040,1.0
-0.004394560120999813,510,0.5984003317122366,2.979204733231488,True,0.5627231831644095,0.3028374244924635,1.0207343697547913,True,0.001953125,1.8859197907149792,0.004394559568027034,67.625,-0.6021542549133301,0.35530900955200195,2.971468448638916,0.5621752142906189,1041,0.99609375
-0.009277330711483955,508,0.6226809430779434,2.5393253837044782,True,0.5922715218048396,0.3016555210808292,1.060136467218399,True,0.005859375,1.6070179305970669,0.009277330129407346,65.927734375,-0.6321830153465271,0.35750558972358704,2.5429763793945312,0.5924525260925293,1042,0.9921875
-0.001953144557774067,511,0.6023068095606601,2.6306022225993955,True,0.5708043095883557,0.2588373502250761,0.8831179738044739,True,0.0,1.6052120737731457,0.001953150669578463,67.845703125,-0.6047583222389221,0.32195645570755005,2.635348081588745,0.5712459087371826,1043,0.998046875
-0.002441331511363387,511,0.5534122075353349,2.563443204428118,True,0.5227139642910481,0.2784991830354556,1.0034783482551575,True,0.001953125,1.5072436220943928,0.0024413312203250825,67.435546875,-0.5554234981536865,0.23026134073734283,2.558809518814087,0.5223392844200134,1044,0.998046875
-0.0024415012449026108,511,0.6247609825750153,2.941543434464069,True,0.5895348393053925,0.2547041428158991,0.9351936876773834,True,0.001953125,1.3044781163334846,0.002441498509142548,65.98046875,-0.6268066167831421,0.34114086627960205,2.9388697147369385,0.5891710519790649,1045,0.998046875
-0.0039062409196048975,510,0.55394837809544,2.3040317951464186,True,0.526356690303952,0.260627849213779,0.9707675278186798,True,0.0,1.2513619922101498,0.0039062434225343168,66.29296875,-0.5568413734436035,0.2676108479499817,2.297302484512329,0.5254240036010742,1046,0.99609375
-0.0019531173165887594,511,0.603355810716894,2.606353479355515,True,0.5721436996749235,0.26756439178716396,1.0576603710651398,True,0.0,1.081583984196186,0.0019531181897036731,65.931640625,-0.6066733002662659,0.34468501806259155,2.6035518646240234,0.5735416412353516,1047,0.998046875
-0.006347679998725653,509,0.5570610316656895,2.526494612862413,True,0.5268052576332991,0.24261153691913934,0.9254392087459564,True,0.001953125,1.0235202983021736,0.006347679358441383,64.505859375,-0.5629212260246277,0.2402888387441635,2.5258774757385254,0.5263252258300781,1048,0.994140625
-0.0019531124271452427,511,0.6277602278789661,2.643204791671842,True,0.5961068088294474,0.2633490963024087,1.059628963470459,True,0.0,0.9894038205966353,0.00195311161223799,65.048828125,-0.629664421081543,0.4153337776660919,2.644376516342163,0.5960438251495361,1049,0.998046875
-0.0004882541252300143,512,0.6544823478907347,3.122797317802906,True,0.6170856337994337,0.2684477928560227,1.0993877053260803,True,0.001953125,0.9616399332880974,0.0004882539506070316,64.7890625,-0.6549705862998962,0.35513150691986084,3.1227970123291016,0.6170855760574341,1050,1.0
-0.014160096645355225,506,0.6077724772950878,3.0167540853673764,True,0.571645662600815,0.2605285033583641,0.9934608936309814,True,0.009765625,0.9535245345905423,0.014160097343847156,66.009765625,-0.6230924725532532,0.3342999517917633,3.0263538360595703,0.572690486907959,1051,0.98828125
-0.011230445466935635,507,0.6231196749022256,2.9017938255558353,True,0.5883695572555889,0.27932462496683,1.0977149605751038,True,0.005859375,0.9710236471146345,0.011230449701542966,65.951171875,-0.6350499391555786,0.3463825285434723,2.902031660079956,0.5890664458274841,1052,0.990234375
-0.018554706126451492,504,0.6655015794057694,2.835388887496221,True,0.6315467017037527,0.2874959461973049,1.110179841518402,True,0.01171875,0.93810542114079,0.018554706417489797,64.873046875,-0.6805905103683472,0.3860393166542053,2.830065965652466,0.6281447410583496,1053,0.984375
-0.02343747764825821,502,0.6526492173928188,2.9857258815689387,True,0.6168939801326311,0.30713023653952404,1.1806365251541138,True,0.015625,0.951309054158628,0.02343747823033482,64.791015625,-0.6799613237380981,0.4225388765335083,3.0002248287200928,0.6205949187278748,1054,0.98046875
-0.009765682741999626,508,0.6029944837562682,3.0237926272895392,True,0.5667833681181661,0.3104893780546263,1.2274348735809326,True,0.0078125,1.104734342545271,0.009765685186721385,66.119140625,-0.614705502986908,0.3215561509132385,3.0504112243652344,0.5684100389480591,1055,0.9921875
-0.017089800909161568,505,0.6764784681915057,3.4543421056010937,True,0.6351113669352957,0.333092199661769,1.2931014895439148,True,0.013671875,1.1476419810205698,0.01708980230614543,65.529296875,-0.6945599317550659,0.5884921550750732,3.4733872413635254,0.6358749270439148,1056,0.986328125
-0.015624983236193657,505,0.63375325191139,3.107493305678415,True,0.5965397860744213,0.34612314847763626,1.344447910785675,True,0.0078125,1.2321716472506523,0.01562498218845576,66.1640625,-0.6496942043304443,0.34344950318336487,3.1202211380004883,0.5967033505439758,1057,0.986328125
-0.02099604345858097,503,0.675140531944707,3.3371887718943904,True,0.6351763627401165,0.32358727662358433,1.1763232946395874,True,0.013671875,1.3465314656496048,0.020996042934712023,66.318359375,-0.699280321598053,0.3834720253944397,3.3708906173706055,0.6379164457321167,1058,0.982421875
-0.029296906664967537,500,0.6584399642944336,2.8738523893356325,True,0.6240244555473328,0.37679827576503155,1.3459433913230896,True,0.0234375,1.5662538297474384,0.0292969056754373,67.763671875,-0.6896031498908997,0.45807570219039917,2.870065212249756,0.6259360909461975,1059,0.9765625
-0.004882861394435167,510,0.6147976671948153,3.321354513542325,True,0.5750231574563419,0.3446484933840111,1.3074198961257935,True,0.00390625,1.565633064135909,0.004882859706413001,65.744140625,-0.6188571453094482,0.27788108587265015,3.3107218742370605,0.5743271112442017,1060,0.99609375
-0.025878891348838806,501,0.604818568139257,2.851606648839162,True,0.570669458178941,0.4071516192751006,1.4777275323867798,True,0.017578125,1.714544529095292,0.025878885353449732,66.03125,-0.6323032975196838,0.33924320340156555,2.845587730407715,0.5723473429679871,1061,0.978515625
-0.01318364217877388,507,0.5660503606589353,2.4253466547828695,True,0.5370058817623634,0.36654386597219857,1.3346336483955383,True,0.013671875,1.7286698166280985,0.013183643750380725,65.3046875,-0.5809334516525269,0.2850334644317627,2.440922260284424,0.5385189056396484,1062,0.990234375
-0.02099614217877388,503,0.6334754261771441,2.885060455879682,True,0.5989256773743903,0.3941108780913055,1.3566155433654785,True,0.013671875,2.0358324740082026,0.020996143226511776,66.392578125,-0.6560688018798828,0.3853001296520233,2.881944179534912,0.6005603075027466,1063,0.982421875
-0.014648418873548508,506,0.6062194683806227,2.6899319006049116,True,0.574006477834679,0.4363146961200982,1.5522142052650452,True,0.01171875,2.2244687415659428,0.014648417825810611,66.341796875,-0.6202602386474609,0.352873295545578,2.6879477500915527,0.5734225511550903,1064,0.98828125
-0.012207090854644775,507,0.6783126578528501,3.6230693103293703,True,0.6349249797224764,0.3776616437127814,1.2636387944221497,True,0.009765625,2.254535887390375,0.012207088991999626,65.830078125,-0.6902152895927429,0.3690613806247711,3.625009775161743,0.6345973014831543,1065,0.990234375
-0.019043002277612686,504,0.5998587475882635,2.9782489935557046,True,0.5641930524318937,0.3868255992885679,1.2314487099647522,True,0.013671875,2.4298570975661278,0.01904300025489647,65.623046875,-0.6203604936599731,0.38398468494415283,2.9686203002929688,0.5657671093940735,1066,0.984375
-0.01660158857703209,505,0.6074492181881821,2.6076419575379624,True,0.5762216845361313,0.36564955897629264,1.1412675976753235,True,0.01171875,2.41588893532753,0.016601588227786124,65.6484375,-0.6274741291999817,0.3544021546840668,2.613266944885254,0.5795776844024658,1067,0.986328125
-0.0185546837747097,504,0.5899690862685916,2.809997971095736,True,0.5563182509134686,0.38844512552022936,1.247889518737793,True,0.01171875,2.406250674277544,0.018554684531409293,66.140625,-0.6094047427177429,0.3224409818649292,2.8121957778930664,0.5571728944778442,1068,0.984375
-0.011718702502548695,507,0.5568132851368341,2.3685078684394885,True,0.5284494779401513,0.3447976384311915,1.0502287149429321,True,0.0078125,2.4606637731194496,0.011718704306986183,66.611328125,-0.5670015215873718,0.3666880428791046,2.351935625076294,0.5271173715591431,1069,0.990234375
-0.014648374170064926,506,0.6220291730443478,2.5970377205860005,True,0.5909286242699905,0.3372198732569814,1.01368448138237,True,0.01171875,2.396692007780075,0.014648373500676826,65.9375,-0.6354014277458191,0.3609359562397003,2.6027369499206543,0.589584231376648,1070,0.98828125
-0.002929762937128544,511,0.571064097424076,2.875361482691158,True,0.5366305301800631,0.3131726030725986,0.9630425870418549,True,0.00390625,2.3526864536106586,0.0029297628498170525,67.07421875,-0.5743802785873413,0.29497194290161133,2.881007671356201,0.5369493961334229,1071,0.998046875
-0.004394544288516045,510,0.601802529073229,2.8709738413492834,True,0.5674214991868711,0.3129506108351052,1.0155543088912964,True,0.001953125,2.1089041121304035,0.004394541494548321,66.5390625,-0.6055783033370972,0.26671722531318665,2.874868869781494,0.5667561292648315,1072,0.99609375
-0.009277344681322575,508,0.5820511513807642,2.513857582422692,True,0.5519467308295993,0.3143483600579202,1.0237617790699005,True,0.005859375,2.0063732266426086,0.009277342236600816,66.826171875,-0.590850830078125,0.29126572608947754,2.507880210876465,0.5515406131744385,1073,0.9921875
-0.0019532456062734127,511,0.5571658403672817,2.4457695572810163,True,0.5278767979541636,0.29781780471093955,0.9807823300361633,True,0.0,1.9941619746387005,0.0019532380683813244,68.46875,-0.5585811138153076,0.26677820086479187,2.4423837661743164,0.5273794531822205,1074,0.998046875
-7.101334631443024e-09,512,0.5314503945410252,2.3312514647841454,True,0.5035327468067408,0.2791991101577878,0.9603669345378876,True,0.0,1.7425141893327236,1.1932570487260818e-08,66.75,-0.5314503908157349,0.2655599117279053,2.331251621246338,0.5035327672958374,1075,1.0
-0.0019531089346855879,511,0.5830876535632138,2.8425212111725036,True,0.5490473537995624,0.2768934103893116,0.9919722676277161,True,0.0,1.5309169478714466,0.0019531085854396224,65.75,-0.5857489705085754,0.3153204023838043,2.850739002227783,0.5496571063995361,1076,0.998046875
-0.0063477447256445885,509,0.5813956410571024,2.6742305212264443,True,0.5493706886332723,0.2848679692251608,1.0230900347232819,True,0.001953125,1.4780443217605352,0.006347745074890554,66.498046875,-0.5872406959533691,0.3253040909767151,2.6768531799316406,0.5488367080688477,1077,0.994140625
-4.1676685214042664e-08,512,0.5535444151610136,2.2522994577884674,True,0.526572247967124,0.2797959455056116,1.0826647281646729,True,0.0,1.2652591653168201,3.962486516684294e-08,65.1484375,-0.5535444021224976,0.27223604917526245,2.2522995471954346,0.5265722274780273,1078,1.0
-0.003906348720192909,510,0.6176691994947545,2.2204142663993087,True,0.5910788919411453,0.2526197677711025,0.9679351449012756,True,0.0,1.1025278195738792,0.003906347032170743,64.572265625,-0.6212466955184937,0.3163754343986511,2.219491720199585,0.5907611846923828,1079,0.99609375
-0.005859334021806717,509,0.5424470930764623,2.6187460483408627,True,0.5110865733009892,0.2383196375682019,0.8853103518486023,True,0.0,1.1079646088182926,0.005859335622517392,65.921875,-0.5479996204376221,0.22508497536182404,2.6132049560546875,0.5108460187911987,1080,0.994140625
-0.012207088991999626,507,0.6045130554153134,2.3111391309685496,True,0.5768362606418204,0.23507648329250516,0.8594956398010254,True,0.009765625,1.0194053184241056,0.012207088293507695,65.7890625,-0.6161175966262817,0.4039151668548584,2.3146259784698486,0.5761920213699341,1081,0.990234375
-0.00244136736728251,511,0.5875329797515197,2.4415663408439916,True,0.558294268503581,0.23281206553801895,0.9062746465206146,True,0.001953125,0.9823155393823981,0.0024413590726908296,65.45703125,-0.5913519859313965,0.31043028831481934,2.448514461517334,0.5595886707305908,1082,0.998046875
-0.008300717920064926,508,0.6396668285835446,2.6867736193138785,True,0.6074916682844087,0.2511953494511545,0.9864104688167572,True,0.001953125,0.9122507032006979,0.008300719666294754,65.181640625,-0.6484447717666626,0.3633931577205658,2.7057294845581055,0.6077418327331543,1083,0.9921875
-0.011230479925870895,507,0.644667141301157,2.9526873283837674,True,0.6093075502906325,0.23723530219867825,0.9126197993755341,True,0.005859375,0.8696172097697854,0.011230481090024114,65.40625,-0.6576230525970459,0.3376404345035553,2.9513659477233887,0.6110488176345825,1084,0.990234375
-0.007324257865548134,509,0.5794220936790196,2.787920905471082,True,0.5460356524276357,0.24739619888132441,0.98762246966362,True,0.005859375,0.8509488478302956,0.007324261736357585,64.771484375,-0.5875874757766724,0.3215351402759552,2.795628070831299,0.546784520149231,1085,0.994140625
-0.024414008483290672,502,0.6343559983717019,2.627419578126702,True,0.602891612694083,0.2729540727916174,1.0268255174160004,True,0.01953125,0.8634991720318794,0.024414010084001347,64.970703125,-0.6646655797958374,0.39080512523651123,2.665652275085449,0.6083292961120605,1086,0.98046875
-0.029296906664967537,500,0.6113394722938539,2.7900549812316897,True,0.5779274744987488,0.286002477875445,1.0517100393772125,True,0.0234375,0.9272712916135788,0.029296903667273,66.599609375,-0.6424589157104492,0.3689640164375305,2.7841577529907227,0.5798206925392151,1087,0.9765625
-0.02636720985174179,501,0.6070588413707748,2.2359433445387973,True,0.5802825481115937,0.2792126456508413,1.0167259573936462,True,0.01953125,0.99000483751297,0.026367211306933314,66.130859375,-0.6359851956367493,0.39512741565704346,2.235722064971924,0.5828443765640259,1088,0.978515625
-0.07861323654651642,480,0.6774711708227794,3.2669922987620033,True,0.6383476714293161,0.3778093636385166,1.2336317300796509,True,0.064453125,1.0493956711143255,0.07861323218094185,65.873046875,-0.7661939263343811,0.5106955170631409,3.3447766304016113,0.6475256681442261,1089,0.9375
-0.09521476924419403,473,0.6241715811271749,2.4820888329761983,True,0.5944475890718102,0.4065384285058827,1.2510040402412415,True,0.076171875,1.2224570214748383,0.0952147674979642,68.361328125,-0.7312362194061279,0.48973527550697327,2.568735361099243,0.6052596569061279,1090,0.923828125
-0.15185546875,450,0.6569160923692914,2.999107740190294,True,0.6210005994637807,0.4917607046663761,1.3698521256446838,True,0.123046875,1.3186961449682713,0.15185547061264515,67.595703125,-0.8397079706192017,0.6179194450378418,3.136082649230957,0.650296688079834,1091,0.87890625
-0.23632818460464478,415,0.6781470376324941,2.9159478819513898,True,0.64322740758758,0.6077681221766398,1.4852338433265686,True,0.1875,1.4878633506596088,0.23632818460464478,70.625,-0.9581534266471863,0.6886470317840576,3.1963272094726562,0.6835479736328125,1092,0.810546875
-0.34423828125,371,0.6568843725556633,2.444286365393358,True,0.6276130910832285,0.7536787444725632,1.624186396598816,True,0.275390625,1.6920634768903255,0.3442382903303951,72.759765625,-1.0917671918869019,0.7980677485466003,2.9426536560058594,0.712289571762085,1093,0.724609375
-0.3681640625,361,0.6939566036340603,2.5669292120722194,True,0.6632166242335311,0.8640441892668604,2.013653874397278,True,0.29296875,1.8629870638251305,0.36816406017169356,73.744140625,-1.12730073928833,0.7875566482543945,2.9126124382019043,0.7242569327354431,1094,0.705078125
-0.4428710639476776,330,0.6108646934682672,3.0024568557739255,True,0.5749090982205939,0.8777928092516959,1.6734684705734253,True,0.349609375,2.004560798406601,0.44287107791751623,75.908203125,-1.153367519378662,0.7950035929679871,3.5367987155914307,0.6681418418884277,1095,0.64453125
-0.50439453125,305,0.6277659990748422,2.716539906673744,True,0.5952343518616723,1.0298325125128032,2.094337821006775,True,0.400390625,2.1314085610210896,0.5043945177458227,76.19140625,-1.2395620346069336,0.8227788209915161,3.112109661102295,0.6978987455368042,1096,0.595703125
-0.546875,288,0.639840092923906,3.4237270090315075,True,0.5988396207491558,1.0613649092614652,2.0144442915916443,True,0.4375,2.2320209071040154,0.5468750046566129,77.599609375,-1.312469720840454,0.8415542840957642,3.961970329284668,0.7181484699249268,1097,0.5625
-0.52783203125,295,0.6476647776062207,3.1437089515944656,True,0.6100176244469011,1.0922673685476185,2.230311155319214,True,0.416015625,2.3674624674022198,0.5278320126235485,76.876953125,-1.3054988384246826,0.8726156949996948,3.880340099334717,0.731198251247406,1098,0.576171875
-0.5380859375,291,0.6270607142513971,2.7629612508098695,True,0.5939731627600298,1.0695835072547197,2.034410834312439,True,0.42578125,2.4923073276877403,0.5380859742872417,76.80859375,-1.297812819480896,0.8551582098007202,3.585528612136841,0.7167887687683105,1099,0.568359375
-0.53564453125,292,0.6596806294297518,3.323277881700699,True,0.6198830518820514,1.0883859088644385,2.1163105964660645,True,0.423828125,2.5895851105451584,0.5356445321813226,77.05078125,-1.2893321514129639,0.8188328146934509,3.9135189056396484,0.7068216800689697,1100,0.5703125
-0.4243163764476776,338,0.7614139008098805,3.7865538738183018,True,0.7160684434619882,0.9850726313889027,2.1470460295677185,True,0.337890625,2.6269414350390434,0.4243163545615971,73.87890625,-1.269052505493164,0.8051585555076599,4.132339954376221,0.7952497005462646,1101,0.66015625
-0.4541015923023224,326,0.6643027886291223,2.8958802866789464,True,0.6296234865861436,0.9574629848822951,1.8071881532669067,True,0.36328125,2.838475078344345,0.4541015992872417,74.751953125,-1.222206950187683,0.8212074041366577,3.4118247032165527,0.7272475361824036,1102,0.63671875
-0.38623046875,353,0.646929477581559,2.901119749877001,True,0.6121874242261178,0.9405157075263559,2.059042811393738,True,0.302734375,2.8495331704616547,0.3862304901704192,72.451171875,-1.1085859537124634,0.7635350227355957,3.4445204734802246,0.68110591173172,1103,0.689453125
-0.30126953125,388,0.5960550074724806,2.8382612995265686,True,0.5620657144133578,0.7703709421679378,1.667268693447113,True,0.236328125,2.712953221052885,0.30126953998114914,70.8359375,-0.9879497289657593,0.7648634910583496,3.201850414276123,0.6483367681503296,1104,0.7578125
-0.25244140625,408,0.6306321620941163,3.0981082916259766,True,0.5935311072012956,0.7041304185520858,1.6028892397880554,True,0.197265625,2.622222878038883,0.25244142446899787,70.076171875,-0.9365484714508057,0.6846928000450134,3.4280014038085938,0.6430554389953613,1105,0.796875
-0.1938476860523224,432,0.6325919606067516,2.9081930628529298,True,0.597765212809598,0.5948119387030602,1.3784092664718628,True,0.150390625,2.50564818829298,0.1938476738287136,68.23828125,-0.8804226517677307,0.6479353904724121,3.160623550415039,0.6487253308296204,1106,0.84375
-0.1606445461511612,446,0.636378361237958,2.9402415260605745,True,0.6011678294483321,0.5762750594411046,1.4676939845085144,True,0.126953125,2.441834155470133,0.16064455488231033,66.392578125,-0.8341060876846313,0.6082231402397156,3.1261816024780273,0.6360242366790771,1107,0.87109375
-0.10742191225290298,468,0.6385496223074759,2.9844158816541366,True,0.6028100746309655,0.48945575854741036,1.3415270447731018,True,0.0859375,2.2745687812566757,0.10742190887685865,66.001953125,-0.768414318561554,0.5703686475753784,3.0925440788269043,0.6239579916000366,1108,0.9140625
-0.07031243294477463,483,0.6837474959237236,3.012521195424023,True,0.647671373857968,0.42691186210140586,1.2500876188278198,True,0.0546875,2.131638001650572,0.0703124349238351,64.923828125,-0.7716391682624817,0.5047149658203125,3.076962947845459,0.6644788384437561,1109,0.943359375
-0.062499985098838806,486,0.5756093999485912,2.7915517381189296,True,0.5421794791525774,0.39488534089177846,1.1282392740249634,True,0.046875,2.1347501650452614,0.06249997700797394,65.466796875,-0.6539497375488281,0.4770025312900543,2.879937171936035,0.5569613575935364,1110,0.94921875
-0.03857428580522537,496,0.5739743824928037,2.8975906756616405,True,0.5392745983216071,0.34924348527565596,1.0446836352348328,True,0.029296875,2.034649468958378,0.03857428508490557,65.287109375,-0.6249016523361206,0.4293132424354553,2.9497220516204834,0.5510033369064331,1111,0.96875
-0.02685544267296791,501,0.5817283483560451,2.525479346692205,True,0.5514847530338339,0.3313567460048944,1.0373606979846954,True,0.021484375,1.9405831657350063,0.026855446572881192,65.7109375,-0.6150842905044556,0.3738316297531128,2.5632033348083496,0.5575335025787354,1112,0.978515625
-0.047363243997097015,492,0.5968759476653929,2.8801694265226043,True,0.5623847803449243,0.36040291492827237,1.0490262508392334,True,0.033203125,2.0646883696317673,0.04736324498662725,67.5,-0.6551984548568726,0.4358442723751068,2.8989248275756836,0.5731194019317627,1113,0.9609375
-0.02685542404651642,501,0.5956676358472325,2.542529852328424,True,0.5652198370940194,0.34156151087954645,1.0624050498008728,True,0.021484375,2.0445015728473663,0.02685542099061422,68.662109375,-0.6306706070899963,0.44603627920150757,2.5677952766418457,0.5730648040771484,1114,0.978515625
-0.021484499797225,503,0.5847388327003236,2.9020951946023446,True,0.5499851132481993,0.3222908497788012,1.0194921791553497,True,0.015625,1.9381583146750927,0.02148449704691302,68.5703125,-0.6085802316665649,0.3427855372428894,2.9236068725585938,0.5520845055580139,1115,0.982421875
-0.009277278557419777,508,0.5595168473683004,2.8527130123198496,True,0.5253544963720277,0.30561903382185845,1.0012009143829346,True,0.005859375,1.9220313616096973,0.009277280798414722,69.732421875,-0.5711162686347961,0.35338813066482544,2.86379337310791,0.5275439023971558,1116,0.9921875
-0.022460922598838806,503,0.5446537954669822,2.296716948863763,True,0.5171497009146521,0.3041948636760935,0.9752720892429352,True,0.01953125,1.7335904780775309,0.022460919542936608,69.201171875,-0.5738540291786194,0.31014612317085266,2.3247087001800537,0.5235537886619568,1117,0.982421875
-0.013671770691871643,506,0.5937148776685768,2.3696738208235484,True,0.5653370989876773,0.3051302419276908,1.0348607897758484,True,0.0078125,1.6897263657301664,0.013671765336766839,69.80859375,-0.6070811152458191,0.33204805850982666,2.35192608833313,0.5652440786361694,1118,0.98828125
-0.014160098508000374,506,0.5544814966884055,2.4325981771521885,True,0.5253501805392179,0.2974525783676654,1.0176382064819336,True,0.009765625,1.5952968280762434,0.014160093909595162,69.689453125,-0.5714794397354126,0.302060604095459,2.4321584701538086,0.5281932353973389,1119,0.98828125
-0.014160234481096268,506,0.6277547387973123,2.6874489407294355,True,0.5955714710616311,0.2955806891433895,1.0220097601413727,True,0.009765625,1.5403700917959213,0.014160231075948104,70.1640625,-0.6466448307037354,0.47650426626205444,2.7203328609466553,0.599907636642456,1120,0.98828125
-0.01806638017296791,504,0.6695042470144846,2.7315219091990635,True,0.6367932122851175,0.29388463585637514,1.0267948508262634,True,0.009765625,1.4091855827718973,0.018066385469865054,68.986328125,-0.6904085874557495,0.5603082180023193,2.747540235519409,0.6394393444061279,1121,0.984375
-0.021972691640257835,503,0.5402247805007645,2.716093514122024,True,0.5076985112715431,0.2847540175309405,0.9699454009532928,True,0.017578125,1.3758448921144009,0.02197269076714292,69.55859375,-0.5674538016319275,0.28668951988220215,2.746018648147583,0.5125964879989624,1122,0.982421875
-0.02001955918967724,504,0.5452907180029247,2.4577250329274976,True,0.5158584761241125,0.2992009333567694,1.1016417145729065,True,0.017578125,1.1770606795325875,0.02001955604646355,67.482421875,-0.5701599717140198,0.3281862139701843,2.4733572006225586,0.5205210447311401,1123,0.984375
-0.03906247764825821,496,0.6509709396669942,2.7922497372473445,True,0.6175326599228768,0.30508281572256235,1.0220717191696167,True,0.03125,1.2321199476718903,0.03906247369013727,67.94921875,-0.7008445262908936,0.4923303425312042,2.8599960803985596,0.6275324821472168,1124,0.96875
-0.035644546151161194,497,0.5833405978243117,2.589280304414646,True,0.5523329491106798,0.3081157033797354,1.0519726276397705,True,0.025390625,1.2415325306355953,0.03564454958541319,68.271484375,-0.6268460750579834,0.406391441822052,2.6446022987365723,0.5595314502716064,1125,0.970703125
-0.048339828848838806,492,0.5969553122190926,2.7274192930237064,True,0.5642933903670894,0.34032974985893816,1.148940920829773,True,0.037109375,1.2440348248928785,0.04833982198033482,67.625,-0.6557091474533081,0.41057124733924866,2.773590087890625,0.5741544961929321,1126,0.9609375
-0.10644525289535522,468,0.5972073006833719,2.89085019653679,True,0.5625882352519239,0.3816482386086136,1.0128618478775024,True,0.08203125,1.4526122715324163,0.1064452535356395,69.169921875,-0.7241781949996948,0.5036023855209351,2.9470906257629395,0.5824403762817383,1127,0.9140625
-0.08544926345348358,477,0.6864115347152486,3.16450235478783,True,0.6485153774045548,0.35567449328955264,0.9965293705463409,True,0.068359375,1.418387021869421,0.0854492666258011,67.2734375,-0.7862081527709961,0.5190353989601135,3.258316993713379,0.6617393493652344,1128,0.931640625
-0.11962880194187164,463,0.6190839597138679,2.759804875752838,True,0.5860342249499542,0.3958114363020286,0.9899347424507141,True,0.095703125,1.5639134272933006,0.11962881294311956,68.716796875,-0.7666431069374084,0.5691438913345337,2.9179530143737793,0.612070620059967,1129,0.904296875
-0.1372070014476776,456,0.5912006926118281,2.236952511887801,True,0.5644123104580662,0.428491733269766,1.0671070218086243,True,0.111328125,1.5572667513042688,0.13720698840916157,67.40234375,-0.7634409070014954,0.5675989985466003,2.4540460109710693,0.5968457460403442,1130,0.890625
-0.1508788764476776,450,0.6096715426445009,2.8827519787682427,True,0.5751494612958695,0.4662338538561016,1.159244954586029,True,0.119140625,1.6701199524104595,0.1508788635255769,67.271484375,-0.7923581600189209,0.5923940539360046,3.0517659187316895,0.6049331426620483,1131,0.87890625
-0.1928710788488388,433,0.6391730165371443,2.5672232132861024,True,0.6084295190509419,0.5325965639902279,1.2670215368270874,True,0.154296875,1.7264234460890293,0.19287108327262104,68.228515625,-0.8706904649734497,0.6312997937202454,2.8238534927368164,0.6440026760101318,1132,0.845703125
-0.25683605670928955,407,0.6728513685286192,2.593249101896544,True,0.641796204542938,0.6003386926371604,1.2341217398643494,True,0.20703125,1.9335662424564362,0.2568360329605639,69.740234375,-0.9960947632789612,0.7514991760253906,3.005697011947632,0.7032644152641296,1133,0.794921875
-0.2822265326976776,396,0.6462711499194908,2.9163302243357956,True,0.6113469630780847,0.6777271273545921,1.476775586605072,True,0.22265625,2.0029093120247126,0.28222654154524207,70.095703125,-1.0088475942611694,0.7713891863822937,3.269164562225342,0.6874714493751526,1134,0.7734375
-0.3100585341453552,385,0.5458633716230269,2.38317501452062,True,0.517323898649835,0.6858942689374089,1.3042389154434204,True,0.248046875,2.29975912719965,0.31005852692760527,71.46484375,-0.953716516494751,0.7752416133880615,3.0896260738372803,0.6066584587097168,1135,0.751953125
-0.3198241889476776,381,0.5502438858112325,2.472661731124237,True,0.5206328098542421,0.7306731030810625,1.4797534942626953,True,0.255859375,2.297964010387659,0.31982419826090336,72.009765625,-0.938252329826355,0.7169416546821594,2.980658769607544,0.5827335715293884,1136,0.744140625
-0.3095703125,385,0.6384373688852631,3.7111317309466276,True,0.5939951090069561,0.7121532834134996,1.4146295189857483,True,0.24609375,2.393141571432352,0.30957030039280653,70.939453125,-1.008878231048584,0.7176274657249451,3.964345693588257,0.6518332958221436,1137,0.751953125
-0.2880859673023224,394,0.6324682042078318,2.7455219054585176,True,0.5995894976073716,0.7006107052788138,1.4626262784004211,True,0.23046875,2.399989601224661,0.2880859674187377,71.13671875,-1.0026099681854248,0.7886611223220825,3.1156344413757324,0.6772130727767944,1138,0.76953125
-0.21972650289535522,422,0.5955436834226854,2.8943000088370807,True,0.5608833084739215,0.6059968550223858,1.3656883835792542,True,0.17578125,2.2626535333693027,0.2197265006834641,69.986328125,-0.8706246614456177,0.6735134720802307,3.156604528427124,0.6130965948104858,1139,0.82421875
-0.20019540190696716,430,0.6617154601008393,2.8191206266713693,True,0.6279553978942162,0.5831512703560293,1.365049123764038,True,0.16015625,2.1989208832383156,0.20019539655186236,68.3671875,-0.9143195152282715,0.6908664107322693,3.1331934928894043,0.6766029596328735,1140,0.83984375
-0.16552738845348358,444,0.6264604415979471,3.0614215575896946,True,0.5897987248661282,0.5029557548463345,1.145711064338684,True,0.130859375,2.165723156183958,0.16552738077007234,67.22265625,-0.8085792064666748,0.5371612310409546,3.1466760635375977,0.6053692102432251,1141,0.8671875
-0.13574224710464478,456,0.580035360235917,2.461806322398939,True,0.5505542629643491,0.46460960111580785,1.1368921995162964,True,0.10546875,2.0297784693539143,0.13574223779141903,67.439453125,-0.7448573708534241,0.5562995076179504,2.600027561187744,0.5779788494110107,1142,0.890625
-0.09033200144767761,475,0.6463517375996238,2.8334900216052405,True,0.6124195856797067,0.41160095620434733,1.1151390969753265,True,0.072265625,1.9648225866258144,0.09033200237900019,65.697265625,-0.761843204498291,0.5544567108154297,3.011624813079834,0.635445773601532,1143,0.927734375
-0.06005863845348358,487,0.6126354318379866,2.827682537709419,True,0.5787728258716498,0.3559328531846404,0.9882064163684845,True,0.044921875,1.964658671990037,0.06005863501923159,64.1640625,-0.6889259815216064,0.47496384382247925,2.9107022285461426,0.594010591506958,1144,0.951171875
-0.06298831105232239,486,0.5833557113207907,2.776804456985537,True,0.5501024009268961,0.3981534827966243,1.1517174243927002,True,0.048828125,2.0964336842298508,0.06298831093590707,66.8671875,-0.6560993194580078,0.4145776927471161,2.8046977519989014,0.5595237016677856,1145,0.94921875
-0.07519529014825821,481,0.6144805054902536,2.520107181057365,True,0.5843012396114533,0.37064330647699534,0.9403700530529022,True,0.05859375,2.147480186074972,0.07519528543343768,67.29296875,-0.7018311023712158,0.481420636177063,2.6652770042419434,0.5947180390357971,1146,0.939453125
-0.026367127895355225,501,0.5935344682958074,2.395468061317702,True,0.5648477969769231,0.3295072397682816,0.9941359162330627,True,0.01953125,2.08625852689147,0.02636712940875441,66.42578125,-0.6308656930923462,0.41176819801330566,2.438324451446533,0.5752986073493958,1147,0.978515625
-0.02929692342877388,500,0.5383549957275391,2.4221514472961423,True,0.5093487844467163,0.33307665027678013,1.0337631404399872,True,0.0234375,1.940542083233595,0.02929691644385457,67.484375,-0.58050137758255,0.35078176856040955,2.472247838973999,0.5215983986854553,1148,0.9765625
-0.0097656836733222,508,0.5998907896477406,2.2708887049532307,True,0.572696004796216,0.2978198386030272,0.9717213809490204,True,0.0078125,1.8741975408047438,0.009765684779267758,65.662109375,-0.6089092493057251,0.4117480218410492,2.269497871398926,0.5719655156135559,1149,0.9921875
-0.020019546151161194,504,0.600592869614798,2.8875384557814825,True,0.5660134620136684,0.3204514297889546,1.0271306037902832,True,0.017578125,1.9001152627170086,0.020019544754177332,66.64453125,-0.6256662607192993,0.36845970153808594,2.929046392440796,0.5705702304840088,1150,0.984375
-0.028808536008000374,500,0.6330108437538149,2.5861169185638424,True,0.6020410752296448,0.29662676798179743,0.8945472836494446,True,0.021484375,1.7781753968447447,0.028808540635509416,66.72265625,-0.6688581705093384,0.40009602904319763,2.6429433822631836,0.6083992719650269,1151,0.9765625
-0.004882867448031902,510,0.6222113377907698,2.832014460657158,True,0.5882968645469814,0.29961240210104734,1.0720786452293396,True,0.00390625,1.6062761135399342,0.004882865236140788,65.8203125,-0.6282532215118408,0.38308700919151306,2.8292598724365234,0.5894889831542969,1152,0.99609375
-0.011718710884451866,507,0.6022136786280299,2.6486657281834227,True,0.5704948642315009,0.2768466256908141,0.9376769065856934,True,0.0078125,1.5518506783992052,0.011718708468833938,65.150390625,-0.616046130657196,0.3364269733428955,2.655116081237793,0.5725313425064087,1153,0.990234375
-0.031250059604644775,499,0.6931875637155734,2.6811044985402326,True,0.6610802820545876,0.28665675746742636,0.896545946598053,True,0.0234375,1.5219501722604036,0.031250056403223425,66.330078125,-0.729094386100769,0.4730999767780304,2.7320220470428467,0.6651273965835571,1154,0.974609375
-0.021484356373548508,503,0.5659045783236297,2.7706178969464763,True,0.5327253463728053,0.28636231536511336,0.9826418161392212,True,0.015625,1.3669918850064278,0.02148435590788722,66.419921875,-0.5923223495483398,0.32334643602371216,2.7769181728363037,0.5375832915306091,1155,0.982421875
-0.009765570983290672,508,0.5715502355042404,2.324874763413677,True,0.5437089697582514,0.2931174049037509,1.1085248589515686,True,0.0078125,1.2329371087253094,0.009765576745849103,66.392578125,-0.5858974456787109,0.305403470993042,2.3486149311065674,0.5480061769485474,1156,0.9921875
-0.02832034043967724,500,0.6455740742683409,2.6872381591796874,True,0.61339333486557,0.29971807079855356,1.0433440208435059,True,0.01953125,1.2545784804970026,0.028320341021753848,66.6953125,-0.6792501211166382,0.3772692084312439,2.723393440246582,0.6183160543441772,1157,0.9765625
-0.036621104925870895,497,0.6243059042713772,2.710515400533465,True,0.5918464217507384,0.29439964863704515,0.9843027889728546,True,0.029296875,1.2183596976101398,0.036621104343794286,66.796875,-0.6656700372695923,0.5399733185768127,2.7562434673309326,0.5960417985916138,1158,0.970703125
-0.017089881002902985,505,0.6894920874350142,2.9911678814651945,True,0.6536716988181124,0.26080843443050983,0.9406035840511322,True,0.013671875,1.1119566597044468,0.01708988333120942,66.275390625,-0.7093429565429688,0.6843653321266174,3.0036122798919678,0.6562836170196533,1159,0.986328125
-0.0312499962747097,499,0.6308941192521837,2.853601643222128,True,0.5967211278980384,0.2874705747934059,0.9880634546279907,True,0.0234375,1.1721577253192663,0.031249995983671397,67.642578125,-0.6718548536300659,0.43787723779678345,2.894662857055664,0.6059401631355286,1160,0.974609375
-0.053710974752902985,490,0.6387727204634219,2.829262998152753,True,0.6048911792891367,0.3043812778778374,0.9540420770645142,True,0.04296875,1.1972377263009548,0.053710974723799154,66.751953125,-0.7036117315292358,0.5061359405517578,2.8245553970336914,0.6160756349563599,1161,0.95703125
-0.06591794639825821,485,0.6819706685764273,3.1099099483686627,True,0.6447282713713105,0.3395772114628926,1.063922107219696,True,0.052734375,1.2174967788159847,0.06591794732958078,66.46875,-0.7605773210525513,0.5288265347480774,3.188535690307617,0.656475305557251,1162,0.947265625
-0.0649414211511612,485,0.6465952427116867,2.93530426172866,True,0.6114438090127767,0.35236741094850005,1.107889473438263,True,0.048828125,1.3169617354869843,0.06494142703013495,66.966796875,-0.7312148809432983,0.48631930351257324,3.068401575088501,0.6295281052589417,1163,0.947265625
-0.15136714279651642,450,0.6477938975228205,3.4019045395321315,True,0.6070547522438897,0.4720266293734312,1.1987867951393127,True,0.12109375,1.6180423945188522,0.15136715001426637,69.77734375,-0.8196794986724854,0.5587948560714722,3.4624457359313965,0.6268481612205505,1164,0.87890625
-0.18457025289535522,436,0.5690549190984954,2.5219938481619595,True,0.538853058027565,0.502556440862827,1.1654366254806519,True,0.14453125,1.6979771442711353,0.18457025699899532,69.046875,-0.7850139141082764,0.5815726518630981,2.7304952144622803,0.5677448511123657,1165,0.8515625
-0.1416015774011612,454,0.5859583663520309,2.504040842014263,True,0.5559715074589601,0.4753889080137015,1.2349122166633606,True,0.11328125,1.736097801476717,0.14160157175501809,69.0390625,-0.7656715512275696,0.575990617275238,2.637195587158203,0.5924885272979736,1166,0.88671875
-0.19677729904651642,431,0.5989766824826286,2.587801663339,True,0.5679867526218122,0.5310333227505908,1.21755713224411,True,0.154296875,1.8148918561637402,0.19677730137482285,72.0859375,-0.8395885229110718,0.6503104567527771,2.9110357761383057,0.6079503893852234,1167,0.841796875
-0.2661132216453552,403,0.6578620973207222,2.9765373598553118,True,0.6222169088666551,0.5686535513494164,1.0307613909244537,True,0.212890625,1.927760522812605,0.2661132432986051,72.7734375,-0.9788027405738831,0.7170649170875549,3.3392696380615234,0.6727004051208496,1168,0.787109375
-0.25830069184303284,406,0.539453760596919,2.369681502797921,True,0.5110759055379577,0.5936178142670542,1.1588393449783325,True,0.205078125,2.0709849894046783,0.2583006903878413,72.67578125,-0.8497862815856934,0.6717347502708435,2.6419994831085205,0.5598465204238892,1169,0.79296875
-0.3515624403953552,368,0.6036391698795815,2.784305085306582,True,0.5702960283859915,0.7069097782485187,1.2165042161941528,True,0.28125,2.2409304194152355,0.35156240419019014,74.765625,-1.028490424156189,0.7412489652633667,3.228604316711426,0.6382640600204468,1170,0.71875
-0.3583984375,365,0.599818591140721,2.7106272488424223,True,0.5673577657301132,0.7209415438584984,1.2450737357139587,True,0.28515625,2.2705670706927776,0.35839844099245965,74.212890625,-1.041999340057373,0.7730584144592285,3.036005735397339,0.6472436189651489,1171,0.712890625
-0.4184570908546448,340,0.5676464859177084,2.723938134137322,True,0.5350262487635893,0.809727558773011,1.3318117260932922,True,0.330078125,2.498162668198347,0.4184570787474513,74.84375,-1.0584818124771118,0.7548868656158447,3.258455276489258,0.6010034084320068,1172,0.6640625
-0.43359375,334,0.5752156487482036,2.2574777874404086,True,0.5481814677843792,0.8365859036799521,1.319915235042572,True,0.34375,2.7801819257438183,0.4335937558207661,75.314453125,-1.1141998767852783,0.8371704816818237,2.768651008605957,0.64745032787323,1173,0.65234375
-0.3686524033546448,361,0.6230302368835069,2.5263288506510517,True,0.5927764603305722,0.702814610209316,1.0283631086349487,True,0.294921875,2.5697916448116302,0.3686524007935077,73.87890625,-1.1250770092010498,0.8678832650184631,3.1136486530303955,0.7191373705863953,1174,0.705078125
-0.4418945014476776,331,0.5846274511331518,2.2967759455438825,True,0.5571226546051279,0.817179884808138,1.193842351436615,True,0.353515625,2.730337753891945,0.4418945226352662,75.673828125,-1.091841697692871,0.7556663751602173,2.631242275238037,0.6184369325637817,1175,0.646484375
-0.40771499276161194,345,0.6310038972592008,2.8778749631798783,True,0.5965402152227318,0.7578474067617207,1.1244778037071228,True,0.326171875,2.5047375559806824,0.40771497250534594,74.087890625,-1.1062803268432617,0.7724552750587463,3.088860511779785,0.661575198173523,1176,0.673828125
-0.4404296576976776,331,0.6140836133337453,2.9437086135599193,True,0.5788315290590786,0.8208932015113533,1.249985694885254,True,0.34765625,2.609328303486109,0.440429643727839,74.603515625,-1.1309735774993896,0.7728643417358398,3.4100019931793213,0.6497078537940979,1177,0.646484375
-0.3286133408546448,377,0.609925217748637,2.4223143352437715,True,0.5809170500985508,0.6491900850087404,1.0129348933696747,True,0.259765625,2.3597948290407658,0.328613359015435,72.33203125,-0.9935286045074463,0.7187328934669495,2.7999792098999023,0.6313844919204712,1178,0.736328125
-0.3017577528953552,388,0.5883579211136729,2.5489970494791403,True,0.5578326564474204,0.6289088414050639,1.0213389992713928,True,0.23828125,2.4576654843986034,0.3017577645368874,72.037109375,-0.9365712404251099,0.7654449343681335,2.776479959487915,0.6015639901161194,1179,0.7578125
-0.3369141221046448,374,0.6120969057083129,2.9812014268681324,True,0.5763958590553406,0.6886240331456066,1.1365534663200378,True,0.26953125,2.487984549254179,0.33691410697065294,70.638671875,-0.9975882768630981,0.7055866718292236,3.2578020095825195,0.6216607689857483,1180,0.73046875
-0.3027343451976776,388,0.5775865383983888,2.361925793677262,True,0.5493015616210465,0.6870188131928444,1.3129733204841614,True,0.2421875,2.433795901015401,0.30273435078561306,69.669921875,-0.9097217321395874,0.6575645208358765,2.481673002243042,0.5772683620452881,1181,0.7578125
-0.2099609076976776,426,0.5849590564557644,2.959199724063067,True,0.5495214674954124,0.5452377739362418,1.102903664112091,True,0.16796875,2.293922498822212,0.20996091491542757,67.810546875,-0.8029184341430664,0.5763645768165588,3.016467571258545,0.5568341016769409,1182,0.83203125
-0.2753906548023224,399,0.713068301366983,2.9556502015668347,True,0.677673235572968,0.5719562671612948,0.9313312768936157,True,0.21875,2.2059867959469557,0.2753906656289473,68.97265625,-1.042815923690796,0.8098629713058472,3.3774523735046387,0.7269790172576904,1183,0.779296875
-0.18798828125,435,0.5715940798836194,2.5626875510160954,True,0.5409049028637766,0.4857722111046314,1.0111278295516968,True,0.150390625,1.9111673645675182,0.18798827240243554,66.275390625,-0.811720609664917,0.6550253033638,2.76810884475708,0.5905832052230835,1184,0.849609375
-0.17333978414535522,441,0.6024255737696105,2.710623844410557,True,0.5699648039411255,0.4554193406831473,0.9289165437221527,True,0.138671875,1.9259247742593288,0.17333979182876647,66.0859375,-0.7843457460403442,0.537169337272644,2.774794101715088,0.5777766108512878,1185,0.861328125
-0.16162109375,445,0.6610321689187811,3.03216579683711,True,0.6247207790948033,0.49375552944839,1.1702570915222168,True,0.123046875,1.9616602025926113,0.16162109829019755,66.193359375,-0.8423889875411987,0.5913717150688171,3.09962797164917,0.643648624420166,1186,0.869140625
-0.1484375298023224,451,0.6812198008772009,3.4855715218774495,True,0.6394787342215326,0.4279294488951564,0.9505085647106171,True,0.1171875,1.78780428878963,0.14843752019805834,65.966796875,-0.8595680594444275,0.6634435653686523,3.5320258140563965,0.6688331365585327,1187,0.880859375
-0.09765631705522537,472,0.6512894175820432,2.701120287685071,True,0.6189424446073628,0.34698492623865607,0.8447035849094391,True,0.078125,1.60775788128376,0.09765631426125765,64.421875,-0.755021333694458,0.5403779745101929,2.752749443054199,0.6243999004364014,1188,0.921875
-0.10009776055812836,471,0.538558609672919,2.435580932916856,True,0.5093915657379571,0.3362193284323439,0.8026922941207886,True,0.080078125,1.51166233420372,0.10009775019716471,64.244140625,-0.6492447853088379,0.45648178458213806,2.4888205528259277,0.5193425416946411,1189,0.919921875
-0.1069335788488388,468,0.6268787631112287,3.046033185771388,True,0.5904013129890475,0.367836537049152,0.9232662320137024,True,0.083984375,1.5249943733215332,0.10693357203854248,65.3671875,-0.7381596565246582,0.48397698998451233,3.0933170318603516,0.5941823720932007,1190,0.9140625
-0.07812508195638657,480,0.604344016313553,2.402859433492025,True,0.5755688309669494,0.3434903863584623,0.9428816735744476,True,0.0625,1.5357794370502234,0.07812507828930393,64.56640625,-0.6850364208221436,0.4473138153553009,2.434220314025879,0.5777606964111328,1191,0.9375
-0.1098632663488388,467,0.6003306227909676,3.1675836054620192,True,0.5623975766930387,0.3714057880919427,0.9337126910686493,True,0.087890625,1.4959994405508041,0.1098632781940978,65.037109375,-0.7236760854721069,0.4938047230243683,3.2214906215667725,0.5752341747283936,1192,0.912109375
-0.09716799855232239,472,0.5615269541740417,2.7857613361487954,True,0.5281663789587506,0.3448484334803652,0.9001961350440979,True,0.076171875,1.3528241952881217,0.09716799599118531,65.091796875,-0.670032262802124,0.43310439586639404,2.883763074874878,0.5383301377296448,1193,0.921875
-0.12744149565696716,460,0.5674732944239741,2.5367591650589656,True,0.5370946008226146,0.39912611942272636,0.9955563843250275,True,0.103515625,1.4514670576900244,0.12744148692581803,66.029296875,-0.7109352946281433,0.5037789344787598,2.583840847015381,0.5525513887405396,1194,0.8984375
-0.11669926345348358,464,0.6140753729590055,2.5083744608122727,True,0.5840366030561512,0.3673596084699966,0.9260696172714233,True,0.091796875,1.3089285399764776,0.11669925763271749,65.3515625,-0.7536672353744507,0.5178379416465759,2.607632637023926,0.6057406663894653,1195,0.90625
-0.15869140625,447,0.6542353206032876,3.0573948405733047,True,0.6176218267121838,0.422940681502223,0.9824216961860657,True,0.126953125,1.3552985563874245,0.15869141393341124,67.40625,-0.8363025188446045,0.5793437957763672,3.136598825454712,0.6400490999221802,1196,0.873046875
-0.21240234375,425,0.5837969946861267,2.5036752233785737,True,0.5538145063203923,0.4827977317618206,1.00328728556633,True,0.169921875,1.3947585429996252,0.21240234549622983,67.998046875,-0.8224742412567139,0.5981764197349548,2.705962657928467,0.5776669383049011,1197,0.830078125
-0.21240240335464478,425,0.6315628903052385,2.7640018095689665,True,0.5984628875816569,0.4695903132203966,0.932828426361084,True,0.169921875,1.4124445207417011,0.21240240169572644,68.140625,-0.860134482383728,0.6350659728050232,2.7447967529296875,0.6148622035980225,1198,0.830078125
-0.21777348220348358,423,0.5752092606914241,2.5521050452058764,True,0.5446468087234678,0.4844513542484492,1.0211732983589172,True,0.17578125,1.2488643005490303,0.21777347871102393,68.380859375,-0.8209984302520752,0.6209974884986877,2.6894493103027344,0.5710177421569824,1199,0.826171875
-0.26123046875,405,0.6358602294215449,2.916944338362894,True,0.6009286851058772,0.5439260345418007,1.072286456823349,True,0.208984375,1.364765927195549,0.2612304447684437,68.7890625,-0.9467094540596008,0.6836788058280945,3.242587089538574,0.6466478109359741,1200,0.791015625
-0.24560542404651642,411,0.6434268055170993,3.068034862949901,True,0.6066858774264073,0.5196127874776721,1.0256198942661285,True,0.193359375,1.377667935565114,0.24560541147366166,68.431640625,-0.9147045612335205,0.6621465682983398,3.2457327842712402,0.630230188369751,1201,0.802734375
-0.34228515625,371,0.5826680976746861,2.6718383735080935,True,0.5506717779565693,0.6350190846249462,1.0471253991127014,True,0.267578125,1.6661766078323126,0.34228517417795956,70.693359375,-0.9620622396469116,0.6637623310089111,2.8753573894500732,0.585343599319458,1202,0.724609375
-0.3491210639476776,369,0.6690378452381144,3.1590525348012037,True,0.6312069377601954,0.6646021713502704,1.1292340755462646,True,0.279296875,1.7926862090826035,0.3491210446227342,71.39453125,-1.0558528900146484,0.7499893307685852,3.2409214973449707,0.6679204702377319,1203,0.720703125
-0.2919921278953552,392,0.5929475901078204,2.525170764144586,True,0.5627076674480828,0.5900716213975101,1.0820596516132355,True,0.23046875,1.6333515830338001,0.2919921079883352,68.736328125,-0.9143056273460388,0.6591686606407166,2.671565055847168,0.590320348739624,1204,0.765625
-0.35595703125,366,0.6714041435001978,2.9192413801703947,True,0.6364450591509458,0.7064938742667437,1.315596342086792,True,0.283203125,1.748351577669382,0.3559570242650807,69.98046875,-1.0809224843978882,0.7551344037055969,3.2425742149353027,0.686134397983551,1205,0.71484375
-0.3393554389476776,373,0.6396992048373491,2.64488949916318,True,0.6080256110861217,0.667516178591177,1.2538741827011108,True,0.271484375,1.5477183815091848,0.3393554218346253,69.166015625,-1.0508794784545898,0.7617233991622925,2.861039400100708,0.6772619485855103,1206,0.728515625
-0.4174804985523224,341,0.6667206931498744,3.1301728385634435,True,0.6292356457178893,0.7019305153749883,0.9963740706443787,True,0.333984375,1.7035039216279984,0.41748050693422556,71.25390625,-1.1523511409759521,0.7808223366737366,3.479231357574463,0.6932054758071899,1207,0.666015625
-0.4150390326976776,342,0.5502804758255941,2.8480624553055787,True,0.5161738130781385,0.694788566697389,0.9999631643295288,True,0.33203125,1.5951378289610147,0.41503904247656465,70.568359375,-1.039130687713623,0.7332234978675842,3.3314146995544434,0.5841965675354004,1208,0.66796875
-0.4125976860523224,343,0.648437739461226,2.806445698348843,True,0.6148294538867718,0.6857169001363218,0.9669090509414673,True,0.330078125,1.5947483070194721,0.41259767208248377,70.869140625,-1.1315044164657593,0.7920029759407043,3.0973610877990723,0.6818146109580994,1209,0.669921875
-0.3857422173023224,354,0.6096246781322242,2.5980723698933916,True,0.5785117354770165,0.6918735972372816,1.1558546423912048,True,0.30859375,1.4992092847824097,0.38574220542795956,69.685546875,-1.0640712976455688,0.7631432414054871,2.881596565246582,0.6438208818435669,1210,0.69140625
-0.48046875,315,0.6664657098906381,2.995445836536468,True,0.63059406526505,0.7991767110303045,1.115331083536148,True,0.3828125,1.9128348305821419,0.48046875186264515,72.501953125,-1.2798173427581787,0.9047218561172485,3.6728272438049316,0.7553648948669434,1211,0.615234375
-0.4516601860523224,327,0.7479656767043134,2.7059251423640354,True,0.7155611383805581,0.754955349303782,1.046485811471939,True,0.361328125,1.879960048943758,0.4516601865179837,71.181640625,-1.2210791110992432,1.3386439085006714,2.951575756072998,0.7340728044509888,1212,0.638671875
-0.4980468451976776,308,0.6243684044131986,3.3910583040931006,True,0.5837591418198177,0.8342591412365437,1.156076192855835,True,0.3984375,2.0999408923089504,0.4980468559078872,72.701171875,-1.1655082702636719,0.7272389531135559,3.5134494304656982,0.6253864169120789,1213,0.6015625
-0.44189453125,331,0.6593386071686299,2.9992827213062623,True,0.6234210192977121,0.7467433840036393,1.0180606842041016,True,0.353515625,2.0247337333858013,0.44189455918967724,71.380859375,-1.201300859451294,1.1020671129226685,3.414818286895752,0.7185125350952148,1214,0.646484375
-0.44140625,331,0.6212659110835672,2.8898001711174084,True,0.586659417771861,0.7418966168537736,1.027063399553299,True,0.3515625,1.9015531651675701,0.44140627700835466,70.689453125,-1.128616213798523,0.7535017132759094,3.2667946815490723,0.6480888724327087,1215,0.646484375
-0.49609375,309,0.6799813970007171,3.2570105810381453,True,0.6409773950052108,0.8191004666499794,1.158172607421875,True,0.3984375,1.8274441547691822,0.4960937350988388,72.572265625,-1.2418967485427856,0.770719051361084,3.484591484069824,0.7040736675262451,1216,0.603515625
-0.4199219048023224,340,0.6528847687384661,2.7717111335081213,True,0.6196924370877882,0.6983191220089793,0.9733991920948029,True,0.3359375,1.6743475813418627,0.41992190619930625,70.982421875,-1.1574516296386719,0.8238091468811035,3.0941216945648193,0.7004764080047607,1217,0.6640625
-0.359375,365,0.5997886194758218,2.4900110963272724,True,0.569969741775565,0.6659301366191358,1.1554593443870544,True,0.2890625,1.5092656835913658,0.3593749816645868,68.041015625,-1.041670799255371,0.7788190245628357,3.0658152103424072,0.6455814838409424,1218,0.712890625
-0.3291016221046448,377,0.6758137584048809,3.043119428644762,True,0.6393712153485346,0.5902718214434572,0.9514420032501221,True,0.26171875,1.4176368564367294,0.3291015801951289,66.982421875,-1.0375573635101318,0.7195029854774475,3.16365909576416,0.670569896697998,1219,0.736328125
-0.32080078125,381,0.6210479775438783,2.515535466001416,True,0.5909234631092842,0.6078811368672177,1.0395186245441437,True,0.259765625,1.5835330598056316,0.3208007584325969,67.8203125,-0.9918884038925171,0.7938836216926575,2.748314380645752,0.6381754875183105,1220,0.744140625
-0.3100585341453552,385,0.618259483962864,2.638597642601311,True,0.586661223931746,0.5933693708619103,1.0152921974658966,True,0.248046875,1.605047362856567,0.31005855882540345,66.41796875,-0.9863365888595581,0.7978308796882629,2.996964931488037,0.6403881311416626,1221,0.751953125
-0.2978515326976776,390,0.7232114316561284,3.023461324740679,True,0.6870043069888383,0.5927733695600182,1.0775399804115295,True,0.23828125,1.5882766786962748,0.2978515396825969,66.78125,-1.0800423622131348,0.7522995471954346,3.4515016078948975,0.7408576607704163,1222,0.76171875
-0.32177734375,380,0.614811687093032,2.588664868003444,True,0.5838114274175543,0.6064783920533955,1.0311951041221619,True,0.255859375,1.5692401975393295,0.32177735678851604,67.521484375,-0.9797012805938721,0.6959661841392517,2.777839183807373,0.6246582269668579,1223,0.7421875
-0.3251953125,379,0.5903280062851617,2.7401630331155173,True,0.5575134746317498,0.6169133428484201,1.083870530128479,True,0.26171875,1.49887840077281,0.32519531273283064,67.623046875,-0.9666140675544739,0.693036675453186,2.8727481365203857,0.6070164442062378,1224,0.740234375
-0.42236328125,339,0.6400796665554553,2.681529990339701,True,0.6079672958295254,0.7237490072846413,1.1050864458084106,True,0.337890625,1.6073683742433786,0.4223632989451289,70.171875,-1.1324341297149658,0.7620925307273865,3.027305841445923,0.6738176941871643,1225,0.662109375
-0.3295897841453552,377,0.6083673341520902,2.9287122086441486,True,0.5732948724723937,0.5861490339390002,0.9206177592277527,True,0.263671875,1.4487138278782368,0.32958979078102857,68.171875,-0.9830203056335449,0.6879111528396606,3.2123517990112305,0.6149613261222839,1226,0.736328125
-0.302734375,388,0.5835108071872868,2.4280278117386334,True,0.554434212827191,0.5885328186675907,1.076902985572815,True,0.2421875,1.408356886357069,0.3027343754656613,66.6484375,-0.9323153495788574,0.7029590606689453,2.6160120964050293,0.5982532501220703,1227,0.7578125
-0.380859375,356,0.6465444953254098,2.9575674761547135,True,0.6111264690924227,0.6450452789780683,0.8937222957611084,True,0.3046875,1.7088285200297832,0.38085939444135875,69.427734375,-1.0842911005020142,0.720160961151123,3.3452024459838867,0.6633715629577637,1228,0.6953125
-0.2934570908546448,392,0.6337538884610545,3.2077609373598674,True,0.595339687503114,0.5864714160561562,1.088549792766571,True,0.236328125,1.5060871373862028,0.29345709597691894,67.4296875,-0.9666683673858643,0.6676813364028931,3.336982488632202,0.6332496404647827,1229,0.765625
-0.3125000596046448,384,0.673794652024905,2.498437096675237,True,0.6438749035199484,0.6038140819873661,1.0586775839328766,True,0.25,1.5915698017925024,0.3125000731088221,66.59375,-1.05088472366333,0.7849237322807312,2.767235279083252,0.7052459716796875,1230,0.75
-0.24609375,411,0.6373566568912961,3.4489714281402364,True,0.5960538703449741,0.5124508157605305,0.9794667363166809,True,0.1953125,1.4092746637761593,0.2460937339346856,65.62890625,-0.9106213450431824,0.6558902263641357,3.5809969902038574,0.6216437220573425,1231,0.802734375
-0.2050781399011612,428,0.6178586711393337,2.792495567107869,True,0.5844174411809332,0.446588247269392,0.8887826800346375,True,0.1640625,1.2750715389847755,0.20507813419681042,64.36328125,-0.859654426574707,0.6891345977783203,2.9687952995300293,0.6190237998962402,1232,0.8359375
-0.1562499701976776,448,0.5707597391945975,2.4342449264866963,True,0.5416087039879389,0.4162088835029863,1.0193148851394653,True,0.125,1.121918543241918,0.1562499789870344,62.384765625,-0.7558341026306152,0.5443885326385498,2.6452300548553467,0.567906379699707,1233,0.875
-0.16357421875,445,0.7346465831392267,2.9532314150520924,True,0.6992804815260212,0.4053563645109534,0.9155795872211456,True,0.130859375,1.173324178904295,0.1635742369107902,61.98046875,-0.9278674721717834,0.6729767322540283,3.04748797416687,0.7277984619140625,1234,0.869140625
-0.1220703199505806,462,0.6485351174424737,2.912684770889613,True,0.6136545829184644,0.3396423941361718,0.8270558416843414,True,0.09765625,1.0432179495692253,0.12207032600417733,62.369140625,-0.7790805101394653,0.5486416220664978,2.924348831176758,0.6219899654388428,1235,0.90234375
-0.1210937425494194,462,0.6420480196094099,2.975059901481067,True,0.6064205285790679,0.36041444807779044,0.9316569566726685,True,0.09375,1.0597862442955375,0.1210937438881956,61.369140625,-0.7787133455276489,0.5231696367263794,3.0940399169921875,0.6205673217773438,1236,0.90234375
-0.11523430049419403,465,0.7408404159289536,2.3727370749237715,True,0.7124259476379681,0.37937549540074544,1.048474282026291,True,0.09375,1.0889266189187765,0.11523430846864358,62.6796875,-0.8644237518310547,0.9837782382965088,2.4308927059173584,0.7200784683227539,1237,0.908203125
-0.1005859449505806,471,0.5871342095346713,2.500959343211667,True,0.5571842373303294,0.33459146063541995,0.8929622769355774,True,0.08203125,1.108261026442051,0.10058595414739102,62.49609375,-0.7074106335639954,0.4933610260486603,2.576035499572754,0.5759756565093994,1238,0.919921875
-0.07568368315696716,481,0.726548358333334,3.108930519365719,True,0.6893176950684704,0.308589183841832,0.8791986107826233,True,0.060546875,1.1413155561313033,0.07568368397187442,60.033203125,-0.8169634342193604,0.5360848903656006,3.1628804206848145,0.7034030556678772,1239,0.939453125
-0.07080075889825821,483,0.666168975410501,2.400353821661655,True,0.6374238292623012,0.3081913796602748,0.9179898500442505,True,0.056640625,1.0758530423045158,0.07080075528938323,61.306640625,-0.7387572526931763,0.7047882676124573,2.4240314960479736,0.638927698135376,1240,0.943359375
-0.08642580360174179,477,0.6156516934840685,3.28935361808201,True,0.5762604213235762,0.3715795094612986,1.1384132504463196,True,0.072265625,1.1494211591780186,0.08642579981824383,62.173828125,-0.7244069576263428,0.5557350516319275,3.3424763679504395,0.5979536771774292,1241,0.931640625
-0.07324221730232239,482,0.6404371870009236,2.687461097210769,True,0.6082537777690966,0.3215643214993179,0.9724329113960266,True,0.05859375,1.076710544526577,0.07324221055023372,61.875,-0.7209914922714233,0.4666108191013336,2.738771915435791,0.6149514317512512,1242,0.94140625
-0.10302738100290298,470,0.6156764093865739,2.7365561525872417,True,0.5829050781879019,0.3421627019764856,0.8988141715526581,True,0.083984375,1.1874497719109058,0.10302737884921953,63.576171875,-0.7320338487625122,0.5006123185157776,2.76271915435791,0.5959218144416809,1243,0.91796875
-0.0908203199505806,475,0.6037163946503087,2.720691154379594,True,0.5711350487407886,0.3469155808328651,0.988029956817627,True,0.07421875,1.169785251840949,0.09082032484002411,63.365234375,-0.705253005027771,0.5082014799118042,2.755115032196045,0.5814391374588013,1244,0.927734375
-0.07763675600290298,480,0.6505693117777506,2.7799968957901005,True,0.6172777553399403,0.3247315134154633,0.9540050029754639,True,0.060546875,1.125874960795045,0.07763676234753802,62.62109375,-0.7389872074127197,0.5091564059257507,2.8543851375579834,0.6271681785583496,1245,0.9375
-0.08496096730232239,477,0.6350205863046946,2.903544565166817,True,0.6002494957711961,0.34348681550472976,0.9779020249843597,True,0.06640625,1.258908934891224,0.08496096258750185,62.51171875,-0.7342123985290527,0.5235790014266968,2.9005632400512695,0.6145160794258118,1246,0.931640625
-0.1489257514476776,451,0.6034652798244535,2.823990349230375,True,0.5696468890506254,0.43954497505910695,1.104477345943451,True,0.119140625,1.3944749496877193,0.14892575482372195,64.6796875,-0.7873188257217407,0.5857402682304382,2.983062267303467,0.6026697158813477,1247,0.880859375
-0.14453119039535522,453,0.6120132963125806,2.8358721301518783,True,0.5780526178562088,0.4213287407299504,1.0066824555397034,True,0.1171875,1.5092210695147514,0.14453119470272213,63.56640625,-0.7854642271995544,0.5900422930717468,2.914102792739868,0.6060354709625244,1248,0.884765625
-0.1879883110523224,435,0.594795559329548,2.828687916130855,True,0.5609209147678024,0.4610818227753043,0.952737957239151,True,0.150390625,1.6509184576570988,0.18798830639570951,66.294921875,-0.83017498254776,0.6957128047943115,2.9587597846984863,0.6067544221878052,1249,0.849609375
-0.19042976200580597,434,0.6272015112885683,2.9133991052478136,True,0.5923124222162133,0.4572204740485177,0.9172594845294952,True,0.15234375,1.6667763534933329,0.19042975921183825,65.396484375,-0.8416244983673096,0.5948703289031982,2.9648048877716064,0.6156901121139526,1250,0.84765625
-0.24414058029651642,412,0.6157503672016477,3.1420933251242027,True,0.578122574727512,0.5428074256866239,1.0244356393814087,True,0.1953125,1.8755942583084106,0.24414058169350028,66.701171875,-0.9044451117515564,0.6562108993530273,3.307666301727295,0.6206938624382019,1251,0.8046875
-0.2709960639476776,401,0.623200661820961,3.109513104407864,True,0.585963024908765,0.5622182756662369,0.9991302192211151,True,0.216796875,1.8279233761131763,0.27099605882540345,66.578125,-0.9410563111305237,0.6776826977729797,3.2470784187316895,0.63117516040802,1252,0.783203125
-0.3857421576976776,354,0.5628624555081297,1.9510843019700994,True,0.5394974623696279,0.6769435115158559,0.9704083800315857,True,0.30859375,1.9423935450613499,0.38574215956032276,69.8203125,-1.0286020040512085,0.758648693561554,2.2770895957946777,0.6155908107757568,1253,0.69140625
-0.35888680815696716,365,0.553755892302892,2.516142706675072,True,0.5236240948716255,0.6889766835607589,1.1961551308631897,True,0.287109375,1.8171774074435234,0.3588867844082415,68.30078125,-0.9705435633659363,0.708875834941864,2.7354912757873535,0.5788983106613159,1254,0.712890625
-0.37841796875,357,0.5189407385197007,2.2691603528351343,True,0.49176664237214734,0.7112383459694683,1.193623423576355,True,0.302734375,1.881913710385561,0.3784179724752903,68.71484375,-0.9538869857788086,0.696322500705719,2.547077178955078,0.5449667572975159,1255,0.697265625
-0.451171875,327,0.5635725562361038,2.9859903259743974,True,0.5278141316288473,0.813829421531409,1.2889128923416138,True,0.359375,2.097499333322048,0.4511718759313226,71.2109375,-1.1022707223892212,0.7644599080085754,3.437300205230713,0.6099358201026917,1256,0.638671875
-0.4755859971046448,317,0.6213231669615497,2.7892977484393198,True,0.5879202325261353,0.8355247971368954,1.2167916297912598,True,0.37890625,2.3316094893962145,0.4755859933793545,71.3515625,-1.1650882959365845,0.7565613389015198,3.1502537727355957,0.651776909828186,1257,0.619140625
-0.4594725966453552,324,0.5718820139213844,2.8502160914150285,True,0.5377495678854577,0.828852282743901,1.2745355367660522,True,0.369140625,2.2894510626792908,0.4594726227223873,71.259765625,-1.1128628253936768,0.7633399367332458,2.970954656600952,0.6178117990493774,1258,0.6328125
-0.4882812201976776,312,0.5882729353048861,2.668133619504097,True,0.5563209973848784,0.8535898400470615,1.227668583393097,True,0.390625,2.395497988909483,0.4882812174037099,72.263671875,-1.127082347869873,0.7223898768424988,2.912811279296875,0.6039190292358398,1259,0.609375
-0.5102538466453552,303,0.60357795316394,2.7332345864953775,True,0.5708463976878931,0.8577615521848202,1.142005443572998,True,0.408203125,2.382132228463888,0.5102538508363068,72.755859375,-1.19332754611969,0.768531858921051,3.219907283782959,0.6445139646530151,1260,0.591796875
-0.4931640625,310,0.611836604918203,2.292759839180977,True,0.5843799037318076,0.808107857964933,1.0263698101043701,True,0.39453125,2.1933970861136913,0.4931640364229679,71.751953125,-1.1991753578186035,0.8420567512512207,2.731224536895752,0.6733037233352661,1261,0.60546875
-0.509765625,303,0.6150135248407672,3.0962387106993017,True,0.577934858724229,0.8280604714527726,1.0144351422786713,True,0.40625,2.308155532926321,0.5097656659781933,72.814453125,-1.2122349739074707,0.7757137417793274,3.3428361415863037,0.6624375581741333,1262,0.591796875
-0.4638672471046448,322,0.6044459246700594,2.6975454151260188,True,0.57214176321622,0.7832507023587822,1.0205104053020477,True,0.37109375,2.305627927184105,0.4638672200962901,71.984375,-1.1490817070007324,0.756397545337677,3.140673875808716,0.6476037502288818,1263,0.62890625
-0.4541015625,326,0.636041285801519,2.9442257449670803,True,0.6007830003287894,0.8058542596176267,1.1962996125221252,True,0.36328125,2.2498558908700943,0.4541015443392098,71.3671875,-1.184292197227478,0.8412579894065857,3.3290209770202637,0.6903243064880371,1264,0.63671875
-0.47607421875,317,0.628768953239128,2.738261441327044,True,0.5959771912932771,0.7530424983706325,0.8871304988861084,True,0.380859375,1.9908435866236687,0.4760742172366008,72.408203125,-1.211928367614746,0.8482421636581421,3.2929162979125977,0.6964200735092163,1265,0.619140625
-0.40478515625,346,0.5991957625212697,2.964352504366395,True,0.5636964678075272,0.685042152972892,0.9001688361167908,True,0.322265625,2.004463989287615,0.4047851827926934,71.05078125,-1.082824468612671,0.7542558312416077,3.5194461345672607,0.6358926296234131,1266,0.67578125
-0.3759765923023224,358,0.5825209051537114,3.1267666443766156,True,0.5450766472843106,0.6910918759647757,1.1115878224372864,True,0.30078125,1.855954322963953,0.3759765913709998,69.25390625,-1.029259443283081,0.7306797504425049,3.4368510246276855,0.6121251583099365,1267,0.69921875
-0.4272460639476776,337,0.6583479584501475,3.3949734591588774,True,0.6176918341780983,0.710444880835712,0.9711427390575409,True,0.341796875,1.7794051989912987,0.427246069884859,71.0703125,-1.1626198291778564,0.7721164226531982,3.6620378494262695,0.6915194988250732,1268,0.658203125
-0.3637695014476776,363,0.6199459806289884,2.4841159355541893,True,0.5901977311481129,0.6395551472902298,0.9568915069103241,True,0.291015625,1.6881468333303928,0.3637695023790002,69.1953125,-1.0846233367919922,0.8377485275268555,2.9915618896484375,0.6850286722183228,1269,0.708984375
-0.2587890625,406,0.6323941957774422,3.2916301248108812,True,0.5929756419999258,0.5215041761286556,0.9481834471225739,True,0.20703125,1.4615681488066912,0.2587890780996531,65.99609375,-0.9417909383773804,0.7207908034324646,3.346564292907715,0.642925500869751,1270,0.79296875
-0.2299804985523224,418,0.6660610893696689,3.190965002233332,True,0.6278480217217258,0.491311079938896,0.9542517364025116,True,0.185546875,1.4096050942316651,0.2299804762005806,65.26171875,-0.949427604675293,0.6878888010978699,3.446446418762207,0.6781745553016663,1271,0.81640625
-0.16650390625,444,0.5621598287745639,2.539051240628904,True,0.5317536925410364,0.42213357337750496,1.0021348893642426,True,0.134765625,1.104053707793355,0.1665039067156613,63.650390625,-0.7663732171058655,0.6010539531707764,2.746769905090332,0.5669757127761841,1272,0.8671875
-0.19775399565696716,431,0.6011770413950811,2.7474348235296264,True,0.56827542171954,0.4222842976509128,0.8609667122364044,True,0.158203125,1.046739464160055,0.1977539830841124,64.201171875,-0.841998815536499,0.6735091805458069,2.9989612102508545,0.6083312034606934,1273,0.841796875
-0.20068363845348358,430,0.5731026308481084,2.5093610353248064,True,0.5430520573327707,0.4421085241134278,0.9053345322608948,True,0.162109375,1.2071595843881369,0.2006836393265985,65.365234375,-0.8131996989250183,0.5870147347450256,2.7574520111083984,0.5794944763183594,1274,0.83984375
-0.19775396585464478,431,0.6651888979974866,2.828461349701937,True,0.6313169507305473,0.4656195549177937,1.07742041349411,True,0.158203125,1.0476302411407232,0.19775396108161658,65.30078125,-0.9028853178024292,0.668632447719574,2.9446935653686523,0.6698676347732544,1275,0.841796875
-0.1708984673023224,442,0.622061620200921,3.367088932796841,True,0.5817394110951489,0.405107954912819,0.9076758325099945,True,0.13671875,1.0534861497581005,0.17089847952593118,64.525390625,-0.8198464512825012,0.5525607466697693,3.474946975708008,0.6073341369628906,1276,0.86328125
-0.2470703274011612,411,0.7122682170566271,3.483853305343294,True,0.6705477021616452,0.5095489809988067,0.9981787502765656,True,0.19921875,1.2568582314997911,0.24707032064907253,65.990234375,-1.028233289718628,0.8725883960723877,3.55775785446167,0.7385574579238892,1277,0.802734375
-0.18603521585464478,436,0.6194742234475021,2.7762986990289957,True,0.5862269505448299,0.45289121873211113,1.0348870158195496,True,0.150390625,1.1975721772760153,0.1860352053772658,65.828125,-0.8405854105949402,0.61538165807724,2.9122872352600098,0.6196744441986084,1278,0.8515625
-0.20068365335464478,430,0.5787325292132621,2.913236131224521,True,0.5438453671544098,0.46821186025626954,1.03034508228302,True,0.162109375,1.2291835714131594,0.20068366604391485,65.775390625,-0.8084476590156555,0.592593252658844,2.940544605255127,0.5725499391555786,1279,0.83984375
-0.1904297173023224,434,0.5538873743901055,2.7867009628752952,True,0.5205155286920785,0.4226143394189421,0.8547422289848328,True,0.15234375,1.2247232948429883,0.19042972760507837,65.099609375,-0.7795823812484741,0.5887759923934937,2.8450591564178467,0.5550820231437683,1280,0.84765625
-0.26416015625,404,0.5884104025836038,2.65828799257184,True,0.5565763706027872,0.5083976647350937,0.8757380843162537,True,0.212890625,1.3817979507148266,0.26416014949791133,67.515625,-0.9081236720085144,0.7272164225578308,2.73061466217041,0.6112633943557739,1281,0.7890625
-0.2880859375,394,0.5952612203994982,2.7732745560292664,True,0.5620501781175584,0.56238959049806,1.010093480348587,True,0.23046875,1.4456994216889143,0.2880859214346856,67.826171875,-0.9454485177993774,0.6883127689361572,2.962796688079834,0.6218819618225098,1282,0.76953125
-0.4272461533546448,337,0.5931991729608983,2.8849425910134703,True,0.5586508560251411,0.7653313339687884,1.2316542863845825,True,0.341796875,1.8350869826972485,0.427246127743274,71.734375,-1.0740973949432373,0.7203449010848999,3.1354026794433594,0.6093035936355591,1283,0.658203125
-0.5224609375,298,0.5612750221418854,2.319726867163741,True,0.5334953899751573,0.8095102656632661,0.9199508428573608,True,0.41796875,2.06118331477046,0.5224609286524355,74.15625,-1.175460934638977,0.7889366149902344,2.5163583755493164,0.6228655576705933,1284,0.58203125
-0.60107421875,266,0.6396155612809317,2.5325311543349933,True,0.6092874867127354,0.8996958274394274,0.875791072845459,True,0.482421875,2.469268038868904,0.6010742094367743,76.87109375,-1.3298128843307495,0.9164776802062988,2.8671486377716064,0.6944035291671753,1285,0.51953125
-0.599609375,266,0.6714628580817602,3.348112194161666,True,0.6313679092808774,0.942066881863866,1.0806187987327576,True,0.4765625,2.5266749216243625,0.599609368480742,76.330078125,-1.324084758758545,0.7437936067581177,3.4018421173095703,0.68373703956604,1286,0.51953125
-0.6787109375,234,0.7069279036970221,3.5123670325319996,True,0.6648659420828534,1.0302964764647187,1.1034740805625916,True,0.54296875,2.6178140714764595,0.6787109551951289,79.779296875,-1.428983211517334,0.7298304438591003,3.4055581092834473,0.7094893455505371,1287,0.45703125
-0.6567382216453552,243,0.5854514569902617,2.7332903426370505,True,0.5527192274484125,0.9697530645877124,0.9576385021209717,True,0.525390625,2.4297432638704777,0.6567382030189037,77.638671875,-1.3270344734191895,0.7534963488578796,3.0619993209838867,0.6336275339126587,1288,0.474609375
-0.6298828721046448,254,0.7614714249851197,3.2940987658312944,True,0.7220233092157858,0.9575601927936077,1.083630621433258,True,0.50390625,2.219024211168289,0.629882856272161,76.533203125,-1.4312939643859863,0.7879554033279419,3.3671317100524902,0.7610883712768555,1289,0.49609375
-0.63720703125,251,0.6694276572698616,3.2709903004634904,True,0.6302562517473898,0.9594993125647306,1.1083000898361206,True,0.509765625,2.0126459524035454,0.6372069995850325,77.458984375,-1.343124508857727,0.7640299201011658,2.980130672454834,0.6702292561531067,1290,0.490234375
-0.6171874403953552,259,0.6929716111150027,3.006672002173759,True,0.6569655496181207,0.9293284375220536,1.067540317773819,True,0.4921875,1.9726583734154701,0.6171874548308551,76.54296875,-1.356576919555664,0.7652499675750732,3.033045768737793,0.7030674815177917,1291,0.505859375
-0.5419921875,290,0.6140783018079297,3.061120837310265,True,0.5774201779529965,0.8410778786987066,0.9971311390399933,True,0.43359375,1.9931901805102825,0.5419921376742423,74.505859375,-1.2220929861068726,0.7571216225624084,3.162371873855591,0.6422301530838013,1292,0.56640625
-0.53955078125,291,0.6630927711417995,2.816289615794965,True,0.6293666068835766,0.8422255692072212,0.9878875613212585,True,0.431640625,2.10194531083107,0.5395507900975645,74.8359375,-1.23094642162323,0.7205370664596558,2.7510986328125,0.6584501266479492,1293,0.568359375
-0.53173828125,294,0.6707896967323458,3.1362459846094346,True,0.6332319338305467,0.8328389404341578,0.9669716656208038,True,0.423828125,2.1541262920945883,0.5317382924258709,74.232421875,-1.2689833641052246,0.7552527785301208,3.301208734512329,0.6977118253707886,1294,0.57421875
-0.49560546875,309,0.7243240687839422,3.4073108515693145,True,0.6835201997973,0.7882831448223442,0.9934733808040619,True,0.396484375,1.8796600373461843,0.4956054617650807,72.5078125,-1.2765617370605469,0.7652971148490906,3.639646053314209,0.737369954586029,1295,0.603515625
-0.3999023139476776,348,0.6811425343327139,3.373224025485159,True,0.6407468380599187,0.688554901292082,1.069976031780243,True,0.318359375,1.4931474914774299,0.3999023193027824,70.255859375,-1.1320096254348755,0.7240221500396729,3.5681302547454834,0.6893775463104248,1296,0.6796875
-0.3076172471046448,386,0.5931970875497927,3.0631197227715212,True,0.5565150068213903,0.5802310303784908,1.0670243501663208,True,0.24609375,1.184178311843425,0.30761724384501576,66.556640625,-0.9243215918540955,0.6525139212608337,3.0658316612243652,0.5799898505210876,1297,0.75390625
-0.291015625,393,0.6569042668391123,3.3953563857624554,True,0.6162435498856407,0.5355683184461668,0.9343791007995605,True,0.234375,1.1535372254438698,0.2910156361758709,65.794921875,-0.9853145480155945,0.676131546497345,3.3386850357055664,0.6543169021606445,1298,0.767578125
-0.25927734375,406,0.7180175801803326,3.9281754376265807,True,0.6709761270161334,0.5162820381752681,1.001006543636322,True,0.208984375,1.1360677490010858,0.2592773415381089,63.96484375,-1.000799536705017,0.7109355330467224,3.9910521507263184,0.6937277913093567,1299,0.79296875
-0.2343750298023224,416,0.6455832490554223,3.4265501957673297,True,0.6045489723865803,0.49947799105430024,1.065307080745697,True,0.1875,1.040830527432263,0.23437504656612873,63.16796875,-0.8944411277770996,0.5902900099754333,3.394195556640625,0.619419276714325,1300,0.8125
-0.20263671875,429,0.6740439525851004,2.904864386245087,True,0.6392570533952513,0.4598383876029402,1.0553232431411743,True,0.162109375,0.9227403365075588,0.2026367203798145,61.84375,-0.9074335098266602,0.6055739521980286,3.0477612018585205,0.6682987213134766,1301,0.837890625
-0.20556640625,428,0.6527316330749297,3.5115440382021603,True,0.6106795139401873,0.4419710370479152,0.9406420290470123,True,0.166015625,0.9655246417969465,0.20556639711139724,61.96484375,-0.8989734649658203,0.6459788084030151,3.718552589416504,0.6488759517669678,1302,0.8359375
-0.1879883110523224,435,0.7440443702127741,3.4926851187629264,True,0.7022180952559942,0.4290478997863829,0.9685789048671722,True,0.150390625,0.9468763396143913,0.18798830034211278,61.013671875,-0.9697111248970032,0.6655089855194092,3.657827854156494,0.7379188537597656,1303,0.849609375
-0.2446288764476776,412,0.9089370670827848,3.286381721496582,True,0.8695813961399412,0.49309845581301487,0.9579894840717316,True,0.197265625,1.137433359399438,0.24462888919515535,62.91015625,-1.2020941972732544,1.1488608121871948,3.584975242614746,0.914533793926239,1304,0.8046875
-0.14892578125,451,0.6339816503937122,3.0213605152265464,True,0.5977996667049941,0.3952278837794438,1.0302391052246094,True,0.119140625,0.8050854112952948,0.1489257909124717,59.650390625,-0.819886326789856,0.6171784996986389,3.1546411514282227,0.6331824660301208,1305,0.880859375
-0.15087890625,450,0.6681874791781107,3.124504018889534,True,0.6307703283098008,0.3898920905630803,1.0007230937480927,True,0.119140625,0.7773715590592474,0.15087889193091542,59.1796875,-0.8408530354499817,0.5676208138465881,3.2900469303131104,0.6505745053291321,1306,0.87890625
-0.13671880960464478,456,0.6465017921046207,3.260138578582228,True,0.6074603586866145,0.36109866920742206,0.9360939264297485,True,0.109375,0.7432215558364987,0.13671880518086255,59.291015625,-0.806208610534668,0.5289455652236938,3.345186233520508,0.6294299364089966,1307,0.890625
-0.1391601264476776,455,0.6013611377595546,2.5732477434388885,True,0.5705454929189367,0.39041050599771554,1.054660052061081,True,0.111328125,0.806367093231529,0.13916014053393155,59.3515625,-0.771586537361145,0.5976423621177673,2.7090084552764893,0.5999850034713745,1308,0.888671875
-0.1342773139476776,457,0.6273802031051668,2.8794997129711595,True,0.5928970596852919,0.3650365002977196,0.9573669731616974,True,0.107421875,0.7857156810350716,0.1342773215728812,59.29296875,-0.7901864647865295,0.5377451777458191,3.017446756362915,0.6197740435600281,1309,0.892578125
-0.1098632663488388,467,0.6185422546092653,2.8040989489320514,True,0.5849620752850233,0.34558247079257853,0.9923261404037476,True,0.087890625,0.7450794167816639,0.10986327001592144,58.26171875,-0.7588319778442383,0.559715986251831,2.9313297271728516,0.6138648986816406,1310,0.912109375
-0.12011721730232239,463,0.5851916079902236,2.756853592833484,True,0.5521771936128259,0.3767131671425886,1.077574074268341,True,0.09765625,0.8216228857636452,0.120117207756266,60.25390625,-0.7287139892578125,0.5030825734138489,2.7994558811187744,0.575072169303894,1311,0.904296875
-0.08251960575580597,478,0.5807314215843649,3.0106025350642502,True,0.5446782795455166,0.3452134963590652,1.1476702988147736,True,0.064453125,0.663196568377316,0.08251960790948942,59.162109375,-0.6821337938308716,0.44849735498428345,3.094088315963745,0.5625613331794739,1312,0.93359375
-0.1005859300494194,471,0.6594128373322213,2.9238461881179973,True,0.6243986401335195,0.36854931602138097,1.1421857476234436,True,0.08203125,0.790524709969759,0.10058593016583472,60.220703125,-0.7921456098556519,0.5732017159461975,3.0556352138519287,0.654967188835144,1313,0.919921875
-0.08984380215406418,475,0.7090745484201532,3.295616887243171,True,0.6696082495388231,0.3223187176743523,0.9674535095691681,True,0.0703125,0.7796842735260725,0.08984380174661055,59.89453125,-0.8306673765182495,0.5848522186279297,3.376791000366211,0.7003852128982544,1314,0.927734375
-0.09521488845348358,473,0.6747738693783701,3.223294871050006,True,0.6361736430930284,0.3103415059798863,0.9053741097450256,True,0.076171875,0.6810359880328178,0.09521488466998562,61.01171875,-0.7896863222122192,0.5390698909759521,3.3307502269744873,0.6545844078063965,1315,0.923828125
-0.10693363845348358,468,0.640605049765008,2.824280854983208,True,0.6067831714948019,0.3399857143638656,0.9738377630710602,True,0.083984375,0.7656902968883514,0.10693364514736459,60.724609375,-0.7664477229118347,0.5268606543540955,2.9066007137298584,0.6247064471244812,1316,0.9140625
-0.14892578125,451,0.6012955206196483,2.8197328301596793,True,0.5675281127646334,0.38942440268583595,0.9734521210193634,True,0.119140625,0.9161637267097831,0.14892578916624188,63.037109375,-0.7853716611862183,0.5895006060600281,3.0093817710876465,0.6004074215888977,1317,0.880859375
-0.10498040914535522,469,0.6715234548552458,3.073867120722464,True,0.6347126744703443,0.3404466845735442,0.97669717669487,True,0.083984375,0.8025366892106831,0.10498041415121406,62.095703125,-0.8055018186569214,0.5760127305984497,3.1452078819274902,0.6628562211990356,1318,0.916015625
-0.1733398735523224,441,0.6479869809280449,3.1758448207189165,True,0.6099549700884053,0.4096354461973533,0.9084974825382233,True,0.138671875,1.0919216172769666,0.17333986680023372,64.556640625,-0.8646996021270752,0.6290265321731567,3.3594703674316406,0.6511288285255432,1319,0.861328125
-0.1586914211511612,447,0.6284374673361213,2.960165391565703,True,0.5929883233786163,0.39325051887426526,0.9456435441970825,True,0.126953125,0.9086078573018312,0.1586914153303951,64.263671875,-0.8226867318153381,0.6242873668670654,3.1072967052459717,0.6267842054367065,1320,0.873046875
-0.1718750298023224,442,0.717565531104938,2.985086598547336,True,0.6818179388391487,0.4088679219479673,0.9418423175811768,True,0.140625,0.9724885066971183,0.17187503166496754,63.298828125,-0.9246747493743896,0.714184582233429,3.120828866958618,0.7154265642166138,1321,0.86328125
-0.1616210788488388,446,0.6638333022327166,2.4871736732833587,True,0.6340484373238054,0.3980689514777623,0.9276951551437378,True,0.130859375,1.0181767884641886,0.16162107937270775,63.927734375,-0.8816487789154053,0.6626906394958496,2.719764232635498,0.6874573826789856,1322,0.87109375
-0.20019526779651642,430,0.6224906450094178,2.6821572192879604,True,0.5903707440509353,0.44038992599816995,0.9130274951457977,True,0.16015625,1.1517831748351455,0.20019526849500835,64.54296875,-0.8917738199234009,0.7037453055381775,2.860914468765259,0.6573178768157959,1323,0.83984375
-0.2124023586511612,425,0.7024041710180394,3.3141086185679707,True,0.6627164032879999,0.4371157913119532,0.8332638442516327,True,0.169921875,1.1612132396548986,0.21240235975710675,64.70703125,-0.958733081817627,0.6852965354919434,3.4748597145080566,0.7047178745269775,1324,0.830078125
-0.2099609673023224,426,0.6641663072254737,3.076585653242371,True,0.6273230023227387,0.46048798533156515,0.9513241648674011,True,0.16796875,1.2052439558319747,0.20996095379814506,63.775390625,-0.9217261075973511,0.7137302160263062,3.3011364936828613,0.6722327470779419,1325,0.83203125
-0.22509765625,420,0.6401932696501416,2.6343172379902438,True,0.6086462909267063,0.473672879836522,0.8866491615772247,True,0.181640625,1.4249081322923303,0.22509764053393155,64.703125,-0.9298582673072815,0.718410313129425,2.9616899490356445,0.6692932844161987,1326,0.8203125
-0.2021484225988388,429,0.6288476769740764,2.807434464390184,True,0.5952275314809004,0.4638669456588105,0.9781108200550079,True,0.16015625,1.3219270389527082,0.20214842655695975,63.205078125,-0.8955744504928589,0.7393566966056824,3.139148473739624,0.6558334231376648,1327,0.837890625
-0.212890625,425,0.6904069671911353,2.687666162182303,True,0.6582211100353913,0.4645492783631198,0.9412597715854645,True,0.171875,1.2681339923292398,0.21289062418509275,64.619140625,-0.9712289571762085,0.7865977883338928,2.9128804206848145,0.7234554290771484,1328,0.830078125
-0.21484375,424,0.5812927776912473,2.490148256409843,True,0.551472286008439,0.5284784722374752,1.2361339926719666,True,0.171875,1.328158613294363,0.2148437438881956,63.470703125,-0.8559871315956116,0.6711060404777527,2.849921226501465,0.6070144176483154,1329,0.828125
-0.18115240335464478,438,0.6006554003175534,2.58847375220904,True,0.5696574133825084,0.43843839652836325,0.9779506623744965,True,0.146484375,1.2339170034974813,0.1811524119693786,62.642578125,-0.8123395442962646,0.5762073993682861,2.7876486778259277,0.5978039503097534,1330,0.85546875
-0.18505859375,436,0.6902136687838705,3.207805981329822,True,0.6517989444076469,0.4520604853285477,1.0046693086624146,True,0.146484375,1.321360619738698,0.18505859235301614,62.521484375,-0.9266997575759888,0.674211859703064,3.5624582767486572,0.6989793181419373,1331,0.8515625
-0.1855468899011612,436,0.5747119680457159,2.5667518913199046,True,0.5439741086522374,0.4609255424118601,1.0280638337135315,True,0.1484375,1.3953174781054258,0.18554689863231033,63.369140625,-0.803888201713562,0.640041708946228,2.738755226135254,0.5855436325073242,1332,0.8515625
-0.19042977690696716,434,0.5973804564245285,2.4775320670571745,True,0.5677110471758426,0.4463452453259379,0.9805270731449127,True,0.15234375,1.1962009547278285,0.19042978226207197,63.046875,-0.8475870490074158,0.6639271378517151,2.888861894607544,0.6225621700286865,1333,0.84765625
-0.17578125,440,0.6405926726081155,2.6688134583559906,True,0.6086326013911854,0.4299310285248794,0.9520366191864014,True,0.140625,1.2748492695391178,0.17578123998828232,63.58984375,-0.8652376532554626,0.6386226415634155,2.876190185546875,0.6550129652023315,1334,0.859375
-0.2319335788488388,417,0.6435653117063235,2.870073803323064,True,0.6091950612960101,0.5073871795088053,1.0071482956409454,True,0.185546875,1.4804785549640656,0.23193358909338713,65.123046875,-0.9400109648704529,0.7031344771385193,3.1389997005462646,0.6704866290092468,1335,0.814453125
-0.2001952826976776,430,0.5608625356541123,2.4726354876229935,True,0.5312517604162527,0.4648379926686175,0.9832180142402649,True,0.16015625,1.359981982037425,0.20019528712145984,65.1328125,-0.8326585292816162,0.6920115947723389,2.870670795440674,0.5980858206748962,1336,0.83984375
-0.2246093451976776,420,0.6418495246342251,2.815059938884917,True,0.6081380736260189,0.5016379058593885,1.0313362181186676,True,0.1796875,1.4152264352887869,0.2246093376306817,64.994140625,-0.945984423160553,0.7543880343437195,3.0941781997680664,0.6843210458755493,1337,0.8203125
-0.25146484375,409,0.6196042404198121,2.5304549556489673,True,0.589301038779373,0.5384389971848578,1.0651045441627502,True,0.201171875,1.4790642522275448,0.25146487838355824,66.712890625,-0.9446018934249878,0.7388802766799927,2.8755593299865723,0.6587010622024536,1338,0.798828125
-0.27587890625,399,0.569636997722444,2.3434026056064994,True,0.5415738356442081,0.5432448321022093,0.942541241645813,True,0.220703125,1.577153503894806,0.27587890555150807,67.21875,-0.9212743043899536,0.733396589756012,2.6746556758880615,0.6133653521537781,1339,0.779296875
-0.22216796875,421,0.6023081143225174,2.3710284773924006,True,0.5739141117223934,0.4898331988486461,0.9661557674407959,True,0.177734375,1.4886814150959253,0.22216797224245965,66.537109375,-0.892207145690918,0.7203770279884338,2.6658668518066406,0.6381144523620605,1340,0.822265625
-0.2509765326976776,409,0.6391231148050583,2.821323313165119,True,0.605336667345905,0.5410788256442174,1.0715625286102295,True,0.19921875,1.5157955903559923,0.2509765342110768,67.56640625,-0.9629088044166565,0.7860717177391052,3.1064558029174805,0.6747311353683472,1341,0.798828125
-0.2128906548023224,425,0.5821733948062446,2.3589321147694307,True,0.5539242464654586,0.4645290061132982,0.9093586504459381,True,0.171875,1.3953325189650059,0.21289064816664904,65.736328125,-0.868524432182312,0.682593047618866,2.601478099822998,0.624480128288269,1342,0.830078125
-0.18554681539535522,436,0.572152036592501,2.880335930290572,True,0.5376588735011739,0.4259866209933534,0.8965403437614441,True,0.1484375,1.2226343359798193,0.18554683378897607,65.662109375,-0.7939268350601196,0.5864101648330688,3.0895607471466064,0.5713812708854675,1343,0.8515625
-0.19042977690696716,434,0.6542272515560624,3.103898629614834,True,0.6170568617258203,0.47003295093309133,1.065940797328949,True,0.15234375,1.3283004499971867,0.19042976817581803,65.21875,-0.9056136608123779,0.6699692606925964,3.415804862976074,0.6742783784866333,1344,0.84765625
-0.14990228414535522,450,0.6338508852322896,2.7341525096363495,True,0.6011083390977647,0.40543582147220153,0.9609638452529907,True,0.115234375,1.2668151501566172,0.14990229421528056,64.31640625,-0.818000316619873,0.5858279466629028,2.8643722534179688,0.633795976638794,1345,0.87890625
-0.1484374701976776,451,0.6056311437137376,2.7941594134413217,True,0.5721699913959545,0.371267174044624,0.8366684913635254,True,0.1171875,1.1099199168384075,0.14843747927807271,63.388671875,-0.8058943748474121,0.6450850963592529,3.044163703918457,0.6210017800331116,1346,0.880859375
-0.1582030951976776,447,0.6459041267166734,2.6473671989952963,True,0.6142008645289164,0.3871651214198209,0.8661162555217743,True,0.125,1.1147752460092306,0.15820310590788722,64.287109375,-0.8572579622268677,0.6672425270080566,2.8179357051849365,0.6653090119361877,1347,0.873046875
-0.11718758195638657,464,0.5926820594688942,2.5420752804854825,True,0.5622397013779344,0.3522645344375632,0.9025288224220276,True,0.09375,1.091423743404448,0.11718758242204785,62.568359375,-0.747230052947998,0.5547846555709839,2.7272353172302246,0.5973827838897705,1348,0.90625
-0.14111332595348358,454,0.5739131468770788,2.4840661334571332,True,0.5441654831302325,0.3897136659186799,0.9515922665596008,True,0.111328125,1.1656376905739307,0.1411133279907517,62.822265625,-0.7576906085014343,0.5770524740219116,2.747678756713867,0.583672821521759,1349,0.88671875
-0.11279301345348358,466,0.5874572265813279,2.6061125712333317,True,0.5562480022978884,0.34510397678241134,0.8817599713802338,True,0.091796875,1.1191793214529753,0.11279301514150575,62.212890625,-0.7283706665039062,0.5310591459274292,2.718641519546509,0.5830208659172058,1350,0.91015625
-0.10498043149709702,469,0.6115510925046925,3.1124924123922644,True,0.5742777829358319,0.331854072958231,0.8686724007129669,True,0.083984375,1.0627831649035215,0.10498043522238731,61.83984375,-0.7459465265274048,0.5161445736885071,3.2387144565582275,0.6021811366081238,1351,0.916015625
-0.10546879470348358,469,0.5801646507370954,2.533758527942812,True,0.5498219113995526,0.34307320725638424,0.9282998144626617,True,0.0859375,1.0388889834284782,0.105468793772161,61.76953125,-0.708473265171051,0.5239425301551819,2.591895580291748,0.5719655752182007,1352,0.916015625
-0.09521491825580597,473,0.6254979286334984,2.6598330753802246,True,0.593645382759183,0.3271017407416366,0.9308311939239502,True,0.076171875,0.9144114460796118,0.0952149293734692,61.072265625,-0.7527934312820435,0.5762702226638794,2.744706153869629,0.6247097253799438,1353,0.923828125
-0.08593746274709702,477,0.5732066060262155,2.8816108818574016,True,0.5386981805415525,0.33209556763758885,1.0069057047367096,True,0.0703125,0.8955391878262162,0.08593746571568772,60.72265625,-0.6754709482192993,0.4423748850822449,2.9591195583343506,0.5540968775749207,1354,0.931640625
-0.10205067694187164,470,0.6643232091944269,3.038057690478386,True,0.6279412736283971,0.3341206688433886,0.9115588963031769,True,0.080078125,0.9951639771461487,0.10205069009680301,61.22265625,-0.7787940502166748,0.5147321820259094,3.054781913757324,0.6401610374450684,1355,0.91796875
-0.11474611610174179,465,0.615915935654794,2.655352118707472,True,0.584117054554724,0.35509565566899254,0.9236887991428375,True,0.091796875,1.112235551699996,0.11474611808080226,61.681640625,-0.7500052452087402,0.5060244798660278,2.806857109069824,0.6016458868980408,1356,0.908203125
-0.13671867549419403,456,0.6458107839550888,2.893915343702885,True,0.6111550174261393,0.3880224869702943,0.959909975528717,True,0.109375,1.1864362759515643,0.1367186753777787,63.158203125,-0.8236100077629089,0.6361036896705627,3.0764753818511963,0.6500492691993713,1357,0.890625
-0.197265625,431,0.5791879584645451,2.715201674923819,True,0.5466723558935931,0.4697941477177665,0.9723665714263916,True,0.15625,1.5611041132360697,0.19726562802679837,63.94921875,-0.820488691329956,0.6153563857078552,2.9674549102783203,0.5876865983009338,1358,0.841796875
-0.17578125,440,0.6010556166822261,2.875632195039229,True,0.5666187936609441,0.4124590286053717,0.8504589796066284,True,0.140625,1.3317197635769844,0.17578124173451215,62.62890625,-0.82513827085495,0.6046964526176453,3.125633716583252,0.6119263172149658,1359,0.859375
-0.13720709085464478,456,0.6151586509587471,2.7121425093266,True,0.5826796837020338,0.38933222021441904,0.9568836092948914,True,0.111328125,1.2149682957679033,0.13720708288019523,62.603515625,-0.787010908126831,0.5651256442070007,2.816865921020508,0.6160708069801331,1360,0.890625
-0.12451171875,461,0.62757530646831,2.802880174684421,True,0.5940097117889469,0.37468202342279255,0.9530952572822571,True,0.099609375,1.1910251304507256,0.12451171479187906,62.38671875,-0.7718655467033386,0.5472226738929749,2.8643784523010254,0.6130517721176147,1361,0.900390625
-0.173828125,441,0.6310396952693964,2.9133448227733165,True,0.5961512390042649,0.4448823857354,1.0235735177993774,True,0.140625,1.3267912901937962,0.17382811772404239,64.451171875,-0.83811354637146,0.6227094531059265,3.060030221939087,0.6276403665542603,1362,0.861328125
-0.10742191970348358,468,0.5798715449805952,2.6160798765655264,True,0.5485429539639726,0.3570889667258598,0.9609368741512299,True,0.0859375,1.14959351811558,0.10742191533790901,62.46875,-0.7132939100265503,0.503923237323761,2.7008371353149414,0.5735284686088562,1363,0.9140625
-0.14404302835464478,453,0.5890185200747011,3.0130724095087698,True,0.5529357904103681,0.39620300093665717,0.9779238998889923,True,0.115234375,1.1315037701278925,0.14404303213814273,63.126953125,-0.7591769099235535,0.5448524951934814,3.1191344261169434,0.577781081199646,1364,0.884765625
-0.15624991059303284,448,0.5265411862305232,2.4145380599158144,True,0.49762614284242895,0.39385396490106356,0.8848182559013367,True,0.125,1.2128079095855355,0.1562499178107828,64.07421875,-0.7541020512580872,0.668001651763916,2.6845862865448,0.5657030344009399,1365,0.875
-0.14160150289535522,454,0.6492505924292074,3.2320120318870718,True,0.6105459894377755,0.3892610591952689,0.9271771013736725,True,0.11328125,1.2444826308637857,0.14160150568932295,63.185546875,-0.8208271861076355,0.5958356857299805,3.3472280502319336,0.6391412615776062,1366,0.88671875
-0.10742194950580597,468,0.5827949143882492,2.3605345069852652,True,0.5545265949689426,0.36177125059766696,0.9884055554866791,True,0.0859375,1.133363749831915,0.1074219512520358,62.142578125,-0.733769416809082,0.5503407716751099,2.5293092727661133,0.5960580706596375,1367,0.9140625
-0.11474606394767761,465,0.6183031741008963,2.545634322012624,True,0.5878182084329666,0.3609843892045319,0.9364771842956543,True,0.091796875,1.1788577632978559,0.11474606386036612,62.47265625,-0.7584657669067383,0.5316405892372131,2.642467975616455,0.6120750904083252,1368,0.908203125
-0.1367187798023224,456,0.5993865351927906,2.6318538398073423,True,0.5678690609179045,0.3912686238065362,0.9833321571350098,True,0.109375,1.1576679646968842,0.1367187931900844,62.5546875,-0.7862297296524048,0.6171783804893494,2.9103407859802246,0.6146584749221802,1369,0.890625
-0.1293945014476776,459,0.6241625030575755,2.645675320511031,True,0.59247950102509,0.3638613380026072,0.875941663980484,True,0.103515625,1.1855699801817536,0.12939450511476025,62.78515625,-0.7822872996330261,0.5676307678222656,2.7463269233703613,0.620004415512085,1370,0.896484375
-0.21728503704071045,423,0.6982794053165625,2.8313823338096027,True,0.664372495373372,0.5060567274456844,1.0664408802986145,True,0.173828125,1.5096702352166176,0.2172850372735411,64.138671875,-0.9908344745635986,0.843988299369812,3.1150588989257812,0.7362452745437622,1371,0.826171875
-0.1933593899011612,433,0.6374241120545473,2.718254011167389,True,0.6048719461740578,0.4506739383330569,0.9424401223659515,True,0.15625,1.3765301741659641,0.1933594037545845,63.513671875,-0.8750470876693726,0.6399986147880554,2.933534622192383,0.6465574502944946,1372,0.845703125
-0.2758788466453552,399,0.612256548010317,2.9948907292875133,True,0.5763915617364391,0.5492195392493159,0.9871126413345337,True,0.220703125,1.5183627642691135,0.27587887074332684,66.22265625,-0.9498772025108337,0.7003855109214783,3.1671862602233887,0.6360700130462646,1373,0.779296875
-0.3076171875,386,0.6418005231130927,2.5645212262405632,True,0.6110893725731213,0.5577901234617457,0.8467828631401062,True,0.24609375,1.6163273248821497,0.3076171833090484,67.11328125,-1.0552208423614502,0.8334885239601135,2.9295711517333984,0.7125208377838135,1374,0.75390625
-0.3173827826976776,382,0.6249285340309143,2.9684342638984407,True,0.5893803616468819,0.5884842712897808,0.8912701606750488,True,0.25390625,1.8569491319358349,0.31738278246484697,67.384765625,-1.0172607898712158,0.7417486906051636,3.495316505432129,0.6580203771591187,1375,0.74609375
-0.33203125,376,0.6295213851522891,2.500990066122502,True,0.5995710276542826,0.5856048340443522,0.8083164989948273,True,0.265625,1.8382053542882204,0.3320312644354999,66.9921875,-1.0434149503707886,0.7905991077423096,2.8596677780151367,0.677138090133667,1376,0.734375
-0.294921875,391,0.6775035166069675,2.864404269496498,True,0.6432011584796564,0.6070527797099203,1.1358993649482727,True,0.234375,1.6990203615278006,0.2949218836147338,66.76953125,-1.0481576919555664,0.7620742917060852,3.1360526084899902,0.7156804203987122,1377,0.763671875
-0.3662108778953552,362,0.6405461539221072,2.5512873072650555,True,0.6099934716251015,0.6592074069194496,0.9872260689735413,True,0.29296875,1.9110264778137207,0.3662108681164682,68.513671875,-1.0961201190948486,0.791066586971283,2.9107775688171387,0.6950514316558838,1378,0.70703125
-0.3339843451976776,375,0.5483109002113341,2.54605020459493,True,0.5178209355672201,0.6109845923259855,0.9504273235797882,True,0.265625,1.7382955458015203,0.3339843503199518,68.1953125,-0.9677494168281555,0.7433568835258484,3.019815683364868,0.5976015329360962,1379,0.732421875
-0.3442382216453552,371,0.6116646745134235,3.1715116320915944,True,0.573684578153965,0.6209313480649143,0.9644143283367157,True,0.275390625,1.6762047242373228,0.344238243997097,67.37890625,-1.0424306392669678,0.7617653012275696,3.4686119556427,0.6566543579101562,1380,0.724609375
-0.32470703125,379,0.6922002662769409,3.085241467468342,True,0.6552532911300659,0.620087100530509,1.0364676117897034,True,0.259765625,1.7617311794310808,0.3247070175711997,66.134765625,-1.1151347160339355,0.8509496450424194,3.4068894386291504,0.7496289014816284,1381,0.740234375
-0.31494140625,383,0.6632633626305404,2.9257163428762256,True,0.6282267612514545,0.620651459810324,1.0233761668205261,True,0.251953125,2.020695948973298,0.3149414276704192,66.283203125,-1.097878336906433,0.8387831449508667,3.4680211544036865,0.7414060831069946,1382,0.748046875
-0.3540039658546448,367,0.5904192423463192,3.103661924356986,True,0.5532516751042503,0.687233857717365,1.1927186250686646,True,0.283203125,1.893723152577877,0.35400397586636245,68.578125,-1.0435771942138672,0.7786238789558411,3.5896995067596436,0.6465851664543152,1383,0.716796875
-0.2807616591453552,397,0.6639990441745113,3.398543168675689,True,0.6233001475970751,0.5417910527205094,0.9752049148082733,True,0.224609375,1.3197679780423641,0.28076167206745595,66.44921875,-1.028314471244812,0.7921637892723083,3.6842355728149414,0.7034326195716858,1384,0.775390625
-0.2978516221046448,390,0.6447356653519166,3.1355805922777225,True,0.6071858590994127,0.5749676131294109,1.0146525204181671,True,0.23828125,1.48370973020792,0.2978516220464371,66.681640625,-1.0029442310333252,0.7215654253959656,3.24505877494812,0.6662318706512451,1385,0.76171875
-0.2856445014476776,395,0.5838479585285428,2.3778468216521826,True,0.5553723069685924,0.5623864340595901,1.0281814634799957,True,0.228515625,1.4221125822514296,0.2856445105280727,66.833984375,-0.9290211200714111,0.7020515203475952,2.7525253295898438,0.6104140281677246,1386,0.771484375
-0.27099609375,401,0.6780115566646072,2.817621744184423,True,0.6442694380099042,0.5496170979691669,0.9834935069084167,True,0.216796875,1.6384458541870117,0.2709961039945483,66.9453125,-1.0419325828552246,0.8250446319580078,3.2602028846740723,0.7318942546844482,1387,0.783203125
-0.21679681539535522,423,0.6739345364818619,2.839082292349344,True,0.6399354374577813,0.47674051944632084,0.9595268070697784,True,0.171875,1.3607667926698923,0.21679681749083102,66.255859375,-0.9644983410835266,0.7325769066810608,3.173150062561035,0.7097017765045166,1388,0.826171875
-0.22949214279651642,418,0.6516911512927005,2.6746323941426993,True,0.6196613688217967,0.5107258255011402,1.044246107339859,True,0.18359375,1.4476893059909344,0.22949213813990355,66.15625,-0.9620447754859924,0.739574670791626,3.0014591217041016,0.6966089606285095,1389,0.81640625
-0.25634765625,407,0.5596704011467224,2.5206931117711546,True,0.529484118964221,0.5360793529078365,1.0412072539329529,True,0.205078125,1.4298051055520773,0.25634764530695975,67.08984375,-0.8703398704528809,0.6639529466629028,2.951178789138794,0.5786505937576294,1390,0.794921875
-0.2539063096046448,408,0.6204517472024058,2.7422526583952065,True,0.5876122011857874,0.5214964860118926,0.9889568090438843,True,0.203125,1.395976671949029,0.25390628864988685,67.763671875,-0.9376780390739441,0.7048446536064148,3.0478508472442627,0.6472725868225098,1391,0.796875
-0.23632806539535522,415,0.6022567529276193,2.7392286702811,True,0.5694534238562526,0.49584306344622747,0.9358072876930237,True,0.1875,1.4470705781131983,0.23632807671674527,67.28125,-0.8867758512496948,0.6682010293006897,2.9275588989257812,0.6153891086578369,1392,0.810546875
-0.25146484375,409,0.6387801858207125,3.015982689076356,True,0.6026625993199337,0.5881101959850639,1.3044793009757996,True,0.201171875,1.5149895679205656,0.25146485422737896,68.171875,-0.955997109413147,0.717684805393219,3.2787814140319824,0.6652675867080688,1393,0.798828125
-0.2929687201976776,392,0.6100376236195467,2.3071183525786103,True,0.5824089579436242,0.5809672534232959,1.0324180126190186,True,0.234375,1.6302986610680819,0.2929687190335244,70.576171875,-0.9826027750968933,0.7555397748947144,2.7798638343811035,0.6563441753387451,1394,0.765625
-0.2001953125,430,0.6134247217067451,2.7623034011485963,True,0.5803450573322385,0.5184149873559364,1.2127283811569214,True,0.16015625,1.5134798921644688,0.20019531314028427,67.373046875,-0.8641040921211243,0.6602256894111633,2.9363861083984375,0.6287444233894348,1395,0.83984375
-0.2197265475988388,422,0.6506035265764355,2.959880579139384,True,0.615157796449571,0.5167024682508782,1.0837621688842773,True,0.17578125,1.604469608515501,0.21972655243007466,67.974609375,-0.9308526515960693,0.7348452210426331,3.2687387466430664,0.671981692314148,1396,0.82421875
-0.2221679389476776,421,0.6023873328596283,2.7633130386153195,True,0.5692955628568372,0.5026901758508757,1.047635018825531,True,0.177734375,1.4199044574052095,0.2221679490758106,67.853515625,-0.9102532863616943,0.7176058292388916,3.0599348545074463,0.6514414548873901,1397,0.822265625
-0.22216802835464478,421,0.6147821534274593,2.731786990675394,True,0.5820679403399062,0.48260921133914964,0.9595019221305847,True,0.177734375,1.370815945789218,0.22216802940238267,68.095703125,-0.9095538854598999,0.7550250291824341,3.045607089996338,0.6509135961532593,1398,0.822265625
-0.2397461086511612,414,0.6186868312278232,2.6867908371819387,True,0.586511474588643,0.52001722487621,1.060032606124878,True,0.193359375,1.36529197730124,0.23974610806908458,68.65625,-0.9392539858818054,0.771996796131134,3.1849796772003174,0.6613665819168091,1399,0.80859375
-0.1977538764476776,431,0.6255605378449655,2.726981744412203,True,0.592903847760778,0.4650891034398228,1.023712158203125,True,0.158203125,1.2518558111041784,0.19775387947447598,68.56640625,-0.8686438798904419,0.6656834483146667,3.001363754272461,0.6349474787712097,1400,0.841796875
-0.2050781100988388,428,0.6808698650832486,2.9072671337662452,True,0.6460542010369702,0.4780428284080699,0.9913204908370972,True,0.1640625,1.4940122570842505,0.2050781132420525,69.083984375,-0.9453381299972534,0.7256282567977905,3.073657512664795,0.7034516334533691,1401,0.8359375
-0.1660155951976776,444,0.6188111262278513,2.774302684509003,True,0.5855877807548454,0.437008460063953,1.041420340538025,True,0.1328125,1.254175927489996,0.16601559321861714,67.2890625,-0.8352309465408325,0.6543551683425903,2.98197078704834,0.6335050463676453,1402,0.8671875
-0.1323241889476776,458,0.6936755633250073,2.8868875316136786,True,0.6591039469148394,0.3813525727251545,0.9659229516983032,True,0.107421875,1.116875747218728,0.13232419511768967,66.0078125,-0.8675850629806519,0.6652612090110779,3.1197125911712646,0.6979010701179504,1403,0.89453125
-0.12451165914535522,461,0.5522992907015206,2.807509068811793,True,0.5186782662884015,0.35043434412218627,0.8944655656814575,True,0.099609375,0.940591411665082,0.12451165998936631,66.103515625,-0.7071583271026611,0.5119458436965942,2.9267287254333496,0.5475978851318359,1404,0.900390625
-0.0776367038488388,480,0.6121399998664856,2.741351087888082,True,0.5793112516403197,0.3357289965846576,1.1037100553512573,True,0.060546875,0.7470056470483541,0.07763670137501322,63.876953125,-0.7119266986846924,0.5183310508728027,2.835191249847412,0.6003375053405762,1405,0.9375
-0.08544919639825821,477,0.6311718225479127,2.764714541425245,True,0.5980632876825034,0.30827342721167955,0.9351033270359039,True,0.068359375,0.716071143746376,0.08544920478016138,64.380859375,-0.729030966758728,0.4876631796360016,2.83308482170105,0.609654426574707,1406,0.931640625
-0.0830078274011612,478,0.642523028860531,2.7299068288324264,True,0.6098313431360731,0.28920691158855333,0.8643936514854431,True,0.06640625,0.6664069667458534,0.08300783333834261,63.548828125,-0.743698239326477,0.5339229702949524,2.846954107284546,0.6265970468521118,1407,0.93359375
-0.07568359375,481,0.630651497047805,2.374424149241616,True,0.6022168345857807,0.292522654903587,0.8983477652072906,True,0.060546875,0.7433901634067297,0.0756835927022621,64.53125,-0.735385000705719,0.5505966544151306,2.512482166290283,0.62961345911026,1408,0.939453125
-0.0610351487994194,487,0.6329360144094276,2.824645813975246,True,0.5991097825753371,0.2955064724432305,0.9925844967365265,True,0.048828125,0.719088489189744,0.06103514856658876,63.578125,-0.7108627557754517,0.506521999835968,2.9191322326660156,0.6148698329925537,1409,0.951171875
-0.0756836086511612,481,0.6346402903108737,2.490833766742952,True,0.6048115819011062,0.3143162974854931,1.0005874335765839,True,0.060546875,0.7703038761392236,0.07568361770245247,64.150390625,-0.7306351065635681,0.49059003591537476,2.5809683799743652,0.6240434050559998,1410,0.939453125
-0.05615224689245224,489,0.6259293409944313,3.1411973615853097,True,0.5883122693541591,0.27879682929487903,0.926819384098053,True,0.044921875,0.7456139409914613,0.05615225457586348,64.458984375,-0.69864821434021,0.4567376673221588,3.2312607765197754,0.6038002967834473,1411,0.955078125
-0.0703124850988388,483,0.6103654559354604,2.8373451548827116,True,0.5763871258213408,0.3014159277547151,0.942314624786377,True,0.0546875,0.8528103064745665,0.0703124861465767,65.466796875,-0.69806969165802,0.4647577702999115,2.9259610176086426,0.5927176475524902,1412,0.943359375
-0.05371098965406418,490,0.6709352690346388,2.9328775955706226,True,0.6358129036669827,0.290109659160953,0.9874658584594727,True,0.04296875,0.7781099639832973,0.05371098767500371,64.138671875,-0.7369237542152405,0.4832397997379303,3.0120651721954346,0.6471421718597412,1413,0.95703125
-0.04882805421948433,492,0.6357742368690368,2.617413096311616,True,0.6044296753115771,0.28182338320184497,0.974725067615509,True,0.0390625,0.7610062435269356,0.048828056489583105,64.74609375,-0.6939073801040649,0.5027557015419006,2.6596243381500244,0.6132291555404663,1414,0.9609375
-0.0805663913488388,479,0.5997153995928037,2.3331804544293555,True,0.5717746477286352,0.32011020035715776,0.9817154407501221,True,0.064453125,0.864014501683414,0.08056638695416041,64.52734375,-0.7196733951568604,0.574963390827179,2.445383071899414,0.6098225116729736,1415,0.935546875
-0.06835944205522537,484,0.6323469896947056,2.8610760791242615,True,0.5980844803092894,0.28537205228349194,0.8950217068195343,True,0.0546875,0.7601654166355729,0.06835943815531209,64.0390625,-0.7145522832870483,0.45687997341156006,2.9062862396240234,0.6113889813423157,1416,0.9453125
-0.04638671875,493,0.68343398041464,3.2031032163763142,True,0.6450755454705647,0.2531130559451413,0.8810247778892517,True,0.037109375,0.6104277381673455,0.04638671281281859,63.4453125,-0.7389304041862488,0.5124396681785583,3.243636131286621,0.6536999344825745,1417,0.962890625
-0.04101564362645149,495,0.6419940684780929,3.016281687611281,True,0.6058728979693518,0.2821740647254046,1.0671291947364807,True,0.03125,0.5546517139300704,0.04101563902804628,62.79296875,-0.6929100751876831,0.5260962843894958,3.0674405097961426,0.6151605844497681,1418,0.966796875
-0.05957036465406418,488,0.6311954015591105,2.6885928208710714,True,0.5989984547505615,0.29284523020032793,1.004081517457962,True,0.05078125,0.6491712797433138,0.059570362558588386,62.654296875,-0.7109915018081665,0.5010022521018982,2.861809730529785,0.6171499490737915,1419,0.953125
-0.06347653269767761,486,0.6913682551050383,3.1039543230347184,True,0.654197181693811,0.2978947086259723,1.01887246966362,True,0.05078125,0.6128735258243978,0.06347653816919774,62.17578125,-0.7676775455474854,0.5436779856681824,3.1560230255126953,0.6664063930511475,1420,0.94921875
-0.05126956105232239,491,0.6082139560865529,2.6992291299485864,True,0.5758896352317329,0.2684856795065571,0.929534524679184,True,0.041015625,0.6261843079701066,0.05126955884043127,62.6640625,-0.680018424987793,0.4499916136264801,2.8023409843444824,0.5951896905899048,1421,0.958984375
-0.02929682470858097,500,0.6392890708446503,2.5698301420211793,True,0.608514349937439,0.22807052651187407,0.8539676070213318,True,0.0234375,0.5596035327762365,0.029296827793587,61.77734375,-0.677916944026947,0.4264165163040161,2.602254629135132,0.6174569725990295,1422,0.9765625
-0.03955078125,496,0.6270595529387075,3.060144855130103,True,0.5904131137555645,0.26597986088017933,0.9732756018638611,True,0.033203125,0.6354792946949601,0.03955077572027221,62.255859375,-0.6774058938026428,0.43169674277305603,3.087294101715088,0.6008835434913635,1423,0.96875
-0.03857425972819328,496,0.6349639238849762,2.969911013880083,True,0.5993980823024625,0.2641422841581516,0.9361258745193481,True,0.029296875,0.7668568519875407,0.038574265578063205,63.775390625,-0.6814519166946411,0.45836734771728516,3.0054893493652344,0.6068857908248901,1424,0.96875
-0.03662109375,497,0.653277402192774,2.8047508684922033,True,0.6196894159979026,0.24920430222991855,0.8554660081863403,True,0.029296875,0.8297999929636717,0.036621100138290785,64.232421875,-0.7013314366340637,0.4590224027633667,2.857842206954956,0.6304866075515747,1425,0.970703125
-0.02929690293967724,500,0.6937715411186219,2.8840324592590334,True,0.6592341308593751,0.26073374542174865,0.9329710304737091,True,0.0234375,0.896852801553905,0.029296898690517992,64.220703125,-0.73678058385849,0.43143370747566223,2.938516855239868,0.6722937822341919,1426,0.9765625
-0.0708007961511612,483,0.6549948854352624,2.462119899181106,True,0.6255100243580267,0.3056801692582667,0.9149633347988129,True,0.056640625,1.0377342626452446,0.07080078742001206,66.076171875,-0.743788480758667,0.5440375208854675,2.569779872894287,0.6422135829925537,1427,0.943359375
-0.057128846645355225,489,0.7655541823685535,3.768117753030821,True,0.7204294912897979,0.2860199546441436,0.8791949450969696,True,0.048828125,1.0610423889011145,0.05712884501554072,67.265625,-0.8410689830780029,0.5575829148292542,3.862186908721924,0.7376888990402222,1428,0.955078125
-0.03710927814245224,497,0.6315732333261962,2.9863660280373496,True,0.5958103147191061,0.2676412851200439,0.8983221352100372,True,0.03125,1.0173516776412725,0.0371092726563802,66.7421875,-0.6812655925750732,0.4450788199901581,3.0231237411499023,0.6079530715942383,1429,0.970703125
-0.021972745656967163,503,0.6412836034776676,3.1582717390705053,True,0.6034620577250988,0.2563328411662951,0.9609068036079407,True,0.017578125,0.8435746692121029,0.021972746500978246,64.67578125,-0.6669280529022217,0.40837812423706055,3.184084892272949,0.6068247556686401,1430,0.982421875
-0.05615227296948433,489,0.6043982708137217,2.6418717019640843,True,0.5727608140504677,0.2742870882619172,0.8781793117523193,True,0.044921875,0.8499788641929626,0.056152282282710075,65.650390625,-0.6810532808303833,0.4549376368522644,2.7474284172058105,0.5919994115829468,1431,0.955078125
-0.036621034145355225,497,0.6167775055532245,2.6979446905239732,True,0.5844685550426815,0.25309134782291953,0.9041641056537628,True,0.029296875,0.7127498146146536,0.03662103519309312,64.185546875,-0.6667377948760986,0.42412835359573364,2.7466325759887695,0.5972247123718262,1432,0.970703125
-0.058105431497097015,488,0.6267393407274465,3.05774471408031,True,0.5901216385794469,0.28614118532277644,0.971258133649826,True,0.044921875,0.6756826713681221,0.058105423813685775,63.400390625,-0.7032074332237244,0.4499533474445343,3.1498024463653564,0.6073818802833557,1433,0.953125
-0.06640627235174179,485,0.6793341362599246,3.000849428865098,True,0.6433977866910167,0.3093214964435902,1.0354712009429932,True,0.0546875,0.7164196465164423,0.06640627338492777,63.314453125,-0.7550264596939087,0.4805578887462616,3.084550380706787,0.6516815423965454,1434,0.947265625
-0.07031252980232239,483,0.6289721263368185,2.8861709264247812,True,0.5944090917490531,0.2785682954010554,0.8522776365280151,True,0.0546875,0.7560047917068005,0.0703125293366611,63.06640625,-0.7255006432533264,0.5358378291130066,2.992645740509033,0.619350016117096,1435,0.943359375
-0.09521487355232239,473,0.6232878036529267,3.1052394109850954,True,0.5861013428353357,0.34551242514280606,1.0527472496032715,True,0.076171875,0.7949618846178055,0.09521487889287528,62.947265625,-0.7427358627319336,0.5138229727745056,3.213253974914551,0.6090410947799683,1436,0.923828125
-0.0947265475988388,473,0.6190276571862542,2.908979740001687,True,0.5841914711492511,0.32077195273013787,0.9223868548870087,True,0.07421875,0.8313606102019548,0.09472655094577931,63.033203125,-0.7297558784484863,0.4814731478691101,3.0367305278778076,0.598663330078125,1437,0.923828125
-0.1171874850988388,464,0.6711459406490984,2.9903862722988785,True,0.6353348863535914,0.36377821750938893,0.9896460771560669,True,0.09375,0.9732302315533161,0.11718749045394361,63.96875,-0.8106127381324768,0.5855955481529236,3.1246583461761475,0.6560062170028687,1438,0.90625
-0.1289062201976776,459,0.661932809355472,3.2249578071315823,True,0.6233126724986988,0.37952247289940716,0.994552731513977,True,0.1015625,1.03411403298378,0.12890622328268364,64.716796875,-0.8357012271881104,0.6757672429084778,3.3579556941986084,0.6665821075439453,1439,0.896484375
-0.13232426345348358,458,0.5697783809561916,2.5420469654699596,True,0.5393363755342742,0.3902699045836926,0.9814647734165192,True,0.107421875,1.2330538481473923,0.13232425705064088,65.283203125,-0.7323755025863647,0.5421004891395569,2.6510162353515625,0.5683043003082275,1440,0.89453125
-0.15380853414535522,449,0.6090965657297911,2.9127266837122177,True,0.5742155159502094,0.4355414716643281,1.0835744738578796,True,0.123046875,1.3003611415624619,0.1538085179636255,65.966796875,-0.7934091091156006,0.5832932591438293,3.0526206493377686,0.6030441522598267,1441,0.876953125
-0.14404296875,453,0.5942878741565393,2.6864352310466977,True,0.5621167580549816,0.4317496666451916,1.075643539428711,True,0.115234375,1.4515598863363266,0.14404296141583472,66.32421875,-0.7659029364585876,0.5393244624137878,2.8666648864746094,0.5875306129455566,1442,0.884765625
-0.15869134664535522,447,0.65747604607469,2.9489640709537785,True,0.6221610438370332,0.4527507387450896,1.0642479062080383,True,0.126953125,1.6241964343935251,0.15869133459636942,67.154296875,-0.8555333614349365,0.6601362228393555,3.115851402282715,0.659528374671936,1443,0.873046875
-0.1733398288488388,441,0.5690048914107066,2.1665329327659,True,0.5430598125165823,0.48973275967873636,1.1583425402641296,True,0.138671875,1.6944883465766907,0.17333983088610694,67.55078125,-0.7835820317268372,0.6127879023551941,2.3428852558135986,0.5821852684020996,1444,0.861328125
-0.2050780951976776,428,0.6042247732108997,2.855821925903035,True,0.5700251766454394,0.5028793535428122,1.0216445624828339,True,0.1640625,1.8694467470049858,0.20507810183335096,70.291015625,-0.8441697359085083,0.6401779651641846,2.965135097503662,0.6035829782485962,1445,0.8359375
-0.1782226860523224,439,0.5790724832403362,2.4050533828539837,True,0.55027103709197,0.4514761947095394,0.9633334577083588,True,0.142578125,1.61173639819026,0.17822268116287887,68.4140625,-0.7883380651473999,0.574123203754425,2.483095645904541,0.5803793668746948,1446,0.857421875
-0.1904297173023224,434,0.6043868501614865,2.6334198493561987,True,0.5728506091552946,0.46335140361916277,0.967129647731781,True,0.15234375,1.5899152979254723,0.19042970752343535,68.517578125,-0.8321077823638916,0.6378598213195801,2.8561015129089355,0.607475221157074,1447,0.84765625
-0.24658197164535522,411,0.5851050734229911,2.518178759990237,True,0.5549489152402484,0.5373208937002346,0.9786437153816223,True,0.197265625,1.900203499943018,0.24658197455573827,71.185546875,-0.8923245668411255,0.7111085057258606,2.7857401371002197,0.612382173538208,1448,0.802734375
-0.251953125,409,0.5833346986537458,2.68165505952532,True,0.5512208352753468,0.555146380374208,1.036960393190384,True,0.203125,1.916023924946785,0.25195310602430254,71.078125,-0.9133448600769043,0.7308129072189331,3.0152440071105957,0.6252830028533936,1449,0.798828125
-0.23437495529651642,416,0.6034383108982673,2.762732533308176,True,0.5703534988256601,0.5425876028835773,1.0914542078971863,True,0.1875,1.7984359096735716,0.2343749658903107,70.2421875,-0.8903743028640747,0.7072084546089172,3.028357982635498,0.6197335720062256,1450,0.8125
-0.2607421576976776,405,0.6341840121481153,2.8785813784893644,True,0.5997118790944418,0.5639335197396577,1.060615748167038,True,0.20703125,1.821364527568221,0.26074213930405676,71.314453125,-0.9671065211296082,0.7364454865455627,3.188897132873535,0.6681760549545288,1451,0.791015625
-0.2802734971046448,397,0.633690611316215,3.136627597232309,True,0.5961282593327145,0.580363641679287,1.0539945363998413,True,0.22265625,1.7858241498470306,0.2802735229488462,70.744140625,-0.9707541465759277,0.7233494520187378,3.480992317199707,0.6487944722175598,1452,0.775390625
-0.24658203125,411,0.5210399495714193,2.4351352142881595,True,0.49187826472187274,0.5188240632181987,0.9638228714466095,True,0.197265625,1.5895494371652603,0.24658201623242348,70.681640625,-0.828010082244873,0.6767231822013855,2.7554819583892822,0.5484300851821899,1453,0.802734375
-0.3173828423023224,382,0.6377740124757377,2.873939349389201,True,0.6033574508122749,0.6069385445676744,1.0294641852378845,True,0.25390625,1.6732574235647917,0.31738283787854016,71.470703125,-1.0343711376190186,0.8135738372802734,3.1815576553344727,0.6788878440856934,1454,0.74609375
-0.2587891221046448,406,0.6819745037943272,2.921928533779577,True,0.6469832729236247,0.5436924489447847,1.0501843094825745,True,0.20703125,1.4973288625478745,0.25878914375789464,70.39453125,-1.0057803392410278,0.7531148791313171,3.2717771530151367,0.7078104615211487,1455,0.79296875
-0.20751953125,427,0.6197731448839084,2.651079880549143,True,0.5880254289305462,0.4738505409099162,0.9795508980751038,True,0.166015625,1.4084163345396519,0.20751954370643944,68.56640625,-0.8791918754577637,0.6615796685218811,2.8650052547454834,0.6373627781867981,1456,0.833984375
-0.19775386154651642,431,0.5613523276388783,2.3737322166734947,True,0.5329259627103252,0.4796957648126408,1.0401943027973175,True,0.158203125,1.4780604969710112,0.19775387714616954,68.716796875,-0.8220196962356567,0.665921688079834,2.737393617630005,0.5914844274520874,1457,0.841796875
-0.2343750149011612,416,0.6332797087155855,2.4662387187664327,True,0.6037455338698168,0.5215417176485062,0.9939875602722168,True,0.1875,1.7673839777708054,0.23437500407453626,69.5859375,-0.9444167613983154,0.7633726596832275,2.832170009613037,0.6761254072189331,1458,0.8125
-0.19287109375,433,0.5475387902926077,2.9128379298688083,True,0.5126564192303884,0.4543120780028403,0.9216353893280029,True,0.154296875,1.5422780066728592,0.1928711001528427,68.60546875,-0.8014899492263794,0.6316880583763123,3.074535846710205,0.5718001127243042,1459,0.845703125
-0.24169921875,413,0.627455096700867,2.784945227043392,True,0.5941042820708805,0.49857392529956995,0.8872815370559692,True,0.193359375,1.5883678551763296,0.24169922689907253,69.904296875,-0.9396867752075195,0.717201292514801,3.2054965496063232,0.6596004366874695,1460,0.806640625
-0.20751947164535522,427,0.6134404246924354,2.491911529657154,True,0.5835988182373852,0.48559019945096227,1.0442204475402832,True,0.166015625,1.3845326360315084,0.2075194758363068,68.72265625,-0.8730814456939697,0.6634200811386108,2.755706787109375,0.632561206817627,1461,0.833984375
-0.25341796875,408,0.5914038700215956,2.549788923824535,True,0.560869153808145,0.5393460083752871,1.0153829157352448,True,0.201171875,1.6570294350385666,0.25341794989071786,70.4375,-0.911994993686676,0.7254801392555237,2.9409663677215576,0.6233578324317932,1462,0.796875
-0.19482421875,432,0.6114344287801672,2.62296434685036,True,0.5800234057285167,0.4749630228150636,1.0383091270923615,True,0.154296875,1.4495394863188267,0.19482422363944352,68.62890625,-0.834147572517395,0.613252580165863,2.7381701469421387,0.6065326929092407,1463,0.84375
-0.2001953125,430,0.5654278252013895,2.753866408592047,True,0.5324491991553195,0.45389259578660135,0.890580952167511,True,0.16015625,1.5116217825561762,0.20019531535217538,69.267578125,-0.8087781667709351,0.6006637811660767,2.972015857696533,0.5729918479919434,1464,0.83984375
-0.21484379470348358,424,0.6665484995212195,2.9911160379085895,True,0.6307287238678843,0.523189979698509,1.0269197523593903,True,0.171875,2.059244718402624,0.21484379144385457,68.97265625,-0.9404577016830444,0.7193875908851624,3.2988405227661133,0.6861090660095215,1465,0.828125
-0.1879882514476776,435,0.6601844306649832,2.7456686694046546,True,0.6273039599944804,0.48532153833657504,1.0698065757751465,True,0.150390625,1.6674392689019442,0.1879882587818429,68.2421875,-0.9151955842971802,0.7018623948097229,3.0060410499572754,0.6912087798118591,1466,0.849609375
-0.1635742038488388,445,0.6119024876798137,2.5681731593742803,True,0.5811476077926293,0.43707840961869804,0.9984614253044128,True,0.130859375,1.4762384705245495,0.16357419942505658,68.53125,-0.8133500814437866,0.5973380208015442,2.7944202423095703,0.6163115501403809,1467,0.869140625
-0.1665039360523224,444,0.7111205775458533,3.243110139090736,True,0.6722830598418776,0.43121845202986153,0.974325954914093,True,0.134765625,1.396986298263073,0.16650394501630217,67.8828125,-0.9039597511291504,0.6493206024169922,3.3595218658447266,0.6972242593765259,1468,0.8671875
-0.1337890475988388,457,0.5601247731653293,2.530331349738056,True,0.5298230829332798,0.40705177509225904,1.0415137708187103,True,0.10546875,1.2991995606571436,0.1337890394788701,67.029296875,-0.7283658981323242,0.5482732057571411,2.6603288650512695,0.5627183318138123,1469,0.892578125
-0.1367187201976776,456,0.694205641746521,2.736374804848119,True,0.661436506007847,0.388449556962587,0.9245399534702301,True,0.109375,1.3364569786936045,0.13671871763654053,66.39453125,-0.8593257069587708,0.6412520408630371,2.836292266845703,0.6886412501335144,1470,0.890625
-0.09033207595348358,475,0.6045026616046304,2.926225352538259,True,0.5694599643506502,0.3169935325393453,0.8218447268009186,True,0.072265625,1.2458502501249313,0.09033207286847755,66.123046875,-0.7201974987983704,0.55050128698349,3.076632499694824,0.5930216312408447,1471,0.927734375
-0.1318359375,458,0.6895921659781943,3.2096506044854234,True,0.6511553204476053,0.37347646550042557,0.9028817415237427,True,0.10546875,1.2212834991514683,0.13183594041038305,65.63671875,-0.8686876893043518,0.6731690764427185,3.421384811401367,0.695879340171814,1472,0.89453125
-0.0708007737994194,483,0.6181465350939868,2.535717685770545,True,0.5877803327133938,0.3206608593580313,0.9974388182163239,True,0.056640625,1.0074463915079832,0.07080077397404239,65.29296875,-0.7234997749328613,0.6047825217247009,2.616511344909668,0.6213653087615967,1473,0.943359375
-0.11035161465406418,467,0.5974321153485544,2.7398871926219868,True,0.5646208988012033,0.3661045211250894,0.992416113615036,True,0.08984375,1.1453935857862234,0.11035161663312465,66.271484375,-0.7298757433891296,0.5015763640403748,2.865384578704834,0.5852100849151611,1474,0.912109375
-0.10937489569187164,467,0.6242872698659305,3.064095405235536,True,0.5875935259671998,0.3812193260062486,1.074345052242279,True,0.0859375,1.1395082846283913,0.10937490107608028,66.08984375,-0.7598979473114014,0.5447796583175659,3.217611789703369,0.6119908094406128,1475,0.912109375
-0.08056643605232239,479,0.6105802560648987,2.8912029525183436,True,0.5759569506057866,0.3257195807527751,0.9563203155994415,True,0.064453125,1.0777816381305456,0.08056643500458449,65.509765625,-0.7116121053695679,0.4969870150089264,2.980212688446045,0.5953564643859863,1476,0.935546875
-0.11962887644767761,463,0.642881279372757,2.886169796113577,True,0.6083182670642697,0.37240914928261193,0.9655433595180511,True,0.095703125,1.193431992083788,0.11962887604022399,66.123046875,-0.7874056696891785,0.5628790855407715,2.9893054962158203,0.6319786906242371,1477,0.904296875
-0.06396480649709702,486,0.5809272044480093,2.738523103572705,True,0.5481323131317956,0.2972281857160851,0.8894485533237457,True,0.052734375,1.1074732672423124,0.0639648106880486,65.87890625,-0.6587901711463928,0.4270062744617462,2.8178176879882812,0.5610809326171875,1478,0.94921875
-0.09765613824129105,472,0.6370029651512534,2.5094773809788586,True,0.6069509851730475,0.33871550800977274,0.9343055784702301,True,0.078125,1.0839650528505445,0.09765613847412169,66.03515625,-0.7659265398979187,0.621486485004425,2.597806930541992,0.6371605396270752,1479,0.921875
-0.13671870529651642,456,0.5651515079172034,2.315762352525142,True,0.5374193290869393,0.3814889465924352,0.9056307077407837,True,0.109375,1.272881954908371,0.1367187068099156,66.677734375,-0.7400259375572205,0.5691066980361938,2.4792885780334473,0.5736167430877686,1480,0.890625
-0.11718755215406418,464,0.557152733720582,2.3836901023470123,True,0.5286071084696671,0.38801967673935,1.058103084564209,True,0.09375,1.1842302437871695,0.1171875458676368,66.0625,-0.7142040729522705,0.5662744045257568,2.495875835418701,0.5671274662017822,1481,0.90625
-0.13671875,456,0.5491138236564503,2.404064161735669,True,0.5203242030060081,0.38907324054744097,0.9585632085800171,True,0.109375,1.212836941704154,0.13671875151339918,65.890625,-0.7168112397193909,0.5909486413002014,2.5301425457000732,0.5497930645942688,1482,0.890625
-0.10986325144767761,467,0.6044055341525558,2.4067728585808896,True,0.575583483026676,0.36858860217034817,1.0165967047214508,True,0.087890625,1.1081201545894146,0.10986325150588527,65.50390625,-0.7426090240478516,0.556153416633606,2.546870470046997,0.6022459268569946,1483,0.912109375
-0.1362304389476776,456,0.6010225498885439,2.4440042512458664,True,0.5717546301975586,0.41160157562699173,1.0345613360404968,True,0.107421875,1.369177283719182,0.13623044290579855,66.60546875,-0.7637706995010376,0.6017522215843201,2.5824551582336426,0.5966143608093262,1484,0.890625
-0.16601577401161194,444,0.5653624948080596,2.5365943951649714,True,0.534985764606579,0.4313772814697586,0.9727538824081421,True,0.1328125,1.4162148050963879,0.1660157642327249,66.865234375,-0.7821146249771118,0.5963834524154663,2.7993862628936768,0.5825752019882202,1485,0.8671875
-0.1904296725988388,434,0.5853018126180095,2.5232156949109195,True,0.5550853280427819,0.4563749262830243,0.9487843811511993,True,0.15234375,1.5237674061208963,0.19042967888526618,68.025390625,-0.8336670994758606,0.6726981401443481,2.7195515632629395,0.610669732093811,1486,0.84765625
-0.1513671875,450,0.5532855870988634,2.8115434466467963,True,0.519616265296936,0.4229235312901437,0.9931734502315521,True,0.12109375,1.458433236926794,0.1513671764114406,67.6640625,-0.7429367303848267,0.571814239025116,3.03385066986084,0.5552379488945007,1487,0.87890625
-0.20312504470348358,429,0.5775462294514084,2.634117481036064,True,0.5460016425950821,0.4611049591796473,0.9369005858898163,True,0.1640625,1.411995904520154,0.203125043772161,68.751953125,-0.8183830380439758,0.6331170797348022,2.8570027351379395,0.5810442566871643,1488,0.837890625
-0.20947265625,426,0.5744151397490167,2.562301024584703,True,0.5437305880264497,0.46079800589941444,0.8822406530380249,True,0.166015625,1.4975443836301565,0.20947265392169356,69.501953125,-0.8400956988334656,0.6783379912376404,2.846928119659424,0.5965299606323242,1489,0.83203125
-0.21435542404651642,424,0.5327028755871756,2.6311078251532796,True,0.501194324133531,0.4806060715811327,0.919523298740387,True,0.169921875,1.6469196528196335,0.21435542980907485,70.087890625,-0.8030760884284973,0.6464332342147827,3.0175461769104004,0.5525842905044556,1490,0.828125
-0.21484369039535522,424,0.5458958756248906,2.2646435071837225,True,0.5187758814613773,0.4944316804758273,0.993611067533493,True,0.171875,1.6173154674470425,0.21484369284007698,68.388671875,-0.8206830620765686,0.6933676600456238,2.5377719402313232,0.5754485130310059,1491,0.828125
-0.2587891221046448,406,0.5530242182938336,2.731932132702156,True,0.52030825115777,0.5161557044135406,0.8625203669071198,True,0.20703125,1.6972503066062927,0.2587891143048182,70.15234375,-0.8765982985496521,0.6703885793685913,2.945338487625122,0.5825375914573669,1492,0.79296875
-0.29443359375,391,0.5370581697320084,2.1645767463137733,True,0.5111365199393934,0.570816766936332,0.9631502628326416,True,0.232421875,1.6750625185668468,0.29443358653225005,71.41015625,-0.9078881740570068,0.7601267695426941,2.4227471351623535,0.5844411253929138,1493,0.763671875
-0.32763671875,378,0.6116533099658905,2.7259589547202694,True,0.5790088801156907,0.6049809990450741,0.9312054812908173,True,0.263671875,1.822063259780407,0.3276367352809757,72.619140625,-1.010938286781311,0.7707438468933105,2.9481685161590576,0.647996187210083,1494,0.73828125
-0.3681640625,361,0.5865422646589886,2.4230279945600723,True,0.5575255637684027,0.6592643208103255,0.9479106366634369,True,0.29296875,2.030362408608198,0.3681640687864274,72.56640625,-1.0352137088775635,0.7515829205513,2.916846513748169,0.6321192979812622,1495,0.705078125
-0.3393554389476776,373,0.6371832386098663,2.984069804723397,True,0.6014478229006238,0.6540459503419698,1.095162719488144,True,0.271484375,1.9131591878831387,0.3393554394133389,72.2734375,-1.0811880826950073,0.8831837177276611,3.5901687145233154,0.6988389492034912,1496,0.728515625
-0.4638671875,322,0.6417700022644137,3.02667726789202,True,0.6055243755719677,0.8033071505487897,1.0629099607467651,True,0.37109375,2.5371589548885822,0.4638672092696652,75.513671875,-1.2485454082489014,0.9427613615989685,3.501340866088867,0.7427482604980469,1497,0.62890625
-0.43017578125,336,0.5713346912747337,2.3926640465146023,True,0.5426816145579019,0.7142114019952714,0.9386114776134491,True,0.345703125,1.9262666329741478,0.4301757733337581,74.9765625,-1.0828711986541748,0.7437791228294373,2.623586893081665,0.62127685546875,1498,0.65625
-0.419921875,340,0.602398108033573,2.4230278211481435,True,0.5733814074712641,0.6915355293080211,0.8951994478702545,True,0.3359375,1.8514753356575966,0.41992186522111297,74.00390625,-1.1531352996826172,0.8820363283157349,3.002030372619629,0.6972629427909851,1499,0.6640625
-0.4482422471046448,328,0.5831560419826973,2.347684360131985,True,0.5550416126483825,0.7419115411583335,0.9615291059017181,True,0.35546875,2.027269260957837,0.44824225560296327,74.244140625,-1.1281163692474365,0.791359543800354,2.6996641159057617,0.6475447416305542,1500,0.640625
-0.41015625,344,0.6504761673683345,2.718086514362069,True,0.6179260154103123,0.6993276226334274,0.928685188293457,True,0.328125,2.068686043843627,0.4101562788709998,73.033203125,-1.1607699394226074,0.8565993309020996,3.1380882263183594,0.7130338549613953,1501,0.671875
-0.4150390923023224,342,0.6489373096945689,2.6753715632254615,True,0.6168986938850224,0.724625781364739,0.9942061603069305,True,0.33203125,2.2149093355983496,0.4150390780996531,74.162109375,-1.1851305961608887,0.8501315116882324,3.1309428215026855,0.7325973510742188,1502,0.66796875
-0.33203125,376,0.5821660097609176,2.569682354622698,True,0.5513930574376532,0.596735471393913,0.8624981343746185,True,0.265625,1.8440919313579798,0.3320312447613105,70.447265625,-1.0180764198303223,0.7926254868507385,3.043954849243164,0.6495926380157471,1503,0.734375
-0.2753906548023224,399,0.6415465601106036,2.6306305021271665,True,0.6100437285607321,0.5379534548614174,0.9038148522377014,True,0.21875,1.6359966676682234,0.2753906506113708,68.638671875,-0.989822506904602,0.7509403228759766,3.0881004333496094,0.6774505972862244,1504,0.779296875
-0.2441405951976776,412,0.5807499873985364,2.8904834025114488,True,0.54613532140417,0.5193023883737624,0.9961526989936829,True,0.1953125,1.5186249390244484,0.24414059822447598,67.775390625,-0.9172884821891785,0.788751482963562,3.3396739959716797,0.6331539750099182,1505,0.8046875
-0.283203125,396,0.6645209969896261,2.8254247964030563,True,0.6306854450341429,0.5421860729344189,0.8773413598537445,True,0.2265625,1.6702932454645634,0.2832031366415322,68.83203125,-1.0283523797988892,0.7882782816886902,3.0748679637908936,0.7083265781402588,1506,0.7734375
-0.2485351264476776,410,0.6721804027150317,3.3473860275454634,True,0.632094144094281,0.5133714302210137,0.9456169605255127,True,0.197265625,1.5142582803964615,0.2485351227223873,68.43359375,-0.9912991523742676,0.7591472268104553,3.7129786014556885,0.6982996463775635,1507,0.80078125
-0.21484370529651642,424,0.5973693694708481,2.5442544694216744,True,0.5669009235669982,0.48635814555455,0.965717077255249,True,0.171875,1.5674203466624022,0.21484371094265953,67.732421875,-0.9036278128623962,0.7934579849243164,2.9801487922668457,0.6530956029891968,1508,0.828125
-0.2153320610523224,424,0.6127076340171527,2.8414586355101386,True,0.578680063193699,0.4708391050575301,0.9111500978469849,True,0.173828125,1.465540373697877,0.21533206570893526,67.177734375,-0.902158260345459,0.7055405974388123,3.032613754272461,0.6505094766616821,1509,0.828125
-0.1708984375,442,0.5940853004002464,2.707498168513786,True,0.5616619530306682,0.47374378400854766,1.169794350862503,True,0.13671875,1.3777295351028442,0.17089843307621777,65.71875,-0.8131559491157532,0.6363665461540222,2.9075167179107666,0.607438862323761,1510,0.86328125
-0.17333990335464478,441,0.593181486167605,2.4188665819276216,True,0.5642146101884561,0.408164452156052,0.8283918797969818,True,0.138671875,1.3829233888536692,0.17333990707993507,65.705078125,-0.8169907927513123,0.6378833055496216,2.6165452003479004,0.6123168468475342,1511,0.861328125
-0.22509765625,419,0.6416206458018903,2.401659000744967,True,0.6128598357726395,0.48977706097066404,0.9108602106571198,True,0.173828125,1.650147095322609,0.22509766230359674,68.009765625,-0.936259925365448,0.7610296010971069,2.702631950378418,0.6787972450256348,1512,0.818359375
-0.1977538913488388,431,0.5591626838022484,2.6030060182867913,True,0.5279906787617854,0.4753955802647397,0.9531627297401428,True,0.158203125,1.7401827536523342,0.19775389437563717,67.259765625,-0.8294321894645691,0.7096290588378906,2.8828067779541016,0.5971555709838867,1513,0.841796875
-0.16845709085464478,443,0.5553309879103847,2.688920707250556,True,0.5231300981265428,0.4387098648119718,0.9636340439319611,True,0.134765625,1.5505197066813707,0.1684570675715804,66.587890625,-0.7794374823570251,0.6421353220939636,2.954739809036255,0.575596272945404,1514,0.865234375
-0.17724609375,439,0.5883043341864758,2.5029674439875578,True,0.5583303335858911,0.45504010801669215,0.9720618426799774,True,0.138671875,1.6676332112401724,0.17724607820855454,66.2265625,-0.8139472007751465,0.6273194551467896,2.7236826419830322,0.6040839552879333,1515,0.857421875
-0.20214848220348358,429,0.621106432729112,2.6484574982614233,True,0.5893901069681129,0.4709371372591704,0.9187029302120209,True,0.16015625,1.700961273163557,0.20214848523028195,67.3203125,-0.87712562084198,0.7272910475730896,2.9049739837646484,0.6401890516281128,1516,0.837890625
-0.15136709809303284,450,0.6725250638855829,3.1161537339952257,True,0.6352079126569959,0.38463113468606025,0.826490968465805,True,0.12109375,1.3593164663761854,0.15136711398372427,65.337890625,-0.8738635778427124,0.6635993123054504,3.3322291374206543,0.6825916767120361,1517,0.87890625
-0.1416015475988388,454,0.5955151319503785,2.350749900162483,True,0.567363987935272,0.4531479779048823,1.2234381139278412,True,0.11328125,1.337176114320755,0.14160154823912308,65.892578125,-0.778546929359436,0.6002842783927917,2.526564598083496,0.6066887974739075,1518,0.88671875
-0.13427734375,457,0.595767050525031,2.6379363531617677,True,0.5641767460877317,0.38080145753920075,0.90310138463974,True,0.107421875,1.3180765081197023,0.13427735364530236,65.7890625,-0.7556298971176147,0.5436442494392395,2.7389261722564697,0.5885528326034546,1519,0.892578125
-0.1093750074505806,467,0.5655783967491902,2.4523457551666197,True,0.5362105920942744,0.3678675120463595,1.0016998648643494,True,0.0859375,1.1630507409572601,0.10937500093132257,64.6640625,-0.7072789669036865,0.5307449698448181,2.530517578125,0.5676000118255615,1520,0.912109375
-0.09960927069187164,471,0.6079202872046494,2.5344207750004566,True,0.5775696102474399,0.34217300774762405,0.9577293992042542,True,0.078125,1.0203571915626526,0.09960926690837368,64.98046875,-0.7412930727005005,0.545658528804779,2.669482707977295,0.6097155809402466,1521,0.919921875
-0.08544909954071045,477,0.6519795676197397,2.942506195364259,True,0.6167418951758298,0.3100213847355917,0.8887635171413422,True,0.068359375,0.9363916432484984,0.0854490966303274,63.20703125,-0.7624944448471069,0.5500096082687378,3.0242464542388916,0.6408286690711975,1522,0.931640625
-0.0537109300494194,490,0.5559654189615834,2.6051302092415947,True,0.5247679757828616,0.2828276008600369,0.9104915261268616,True,0.04296875,0.9403673158958554,0.053710928885266185,64.548828125,-0.6158528327941895,0.36185088753700256,2.6476504802703857,0.53043532371521,1523,0.95703125
-0.13671866059303284,456,0.6510464831402427,2.870107943551582,True,0.6166758181756004,0.39902840355644,0.9724584817886353,True,0.109375,1.356360686942935,0.13671867130324244,66.390625,-0.8262181282043457,0.6321441531181335,3.011927604675293,0.6534303426742554,1524,0.890625
-0.08789059519767761,476,0.6394113502582582,2.499721260631785,True,0.6094762312264002,0.3353697076207027,0.9350950419902802,True,0.0703125,1.2092018406838179,0.08789060596609488,64.986328125,-0.7626282572746277,0.5750513076782227,2.648792266845703,0.6430172920227051,1525,0.9296875
-0.12207034230232239,462,0.5886361664765842,2.8063064034367016,True,0.5550295498980071,0.38656234230147674,0.986355185508728,True,0.09765625,1.3444193471223116,0.12207033665617928,66.998046875,-0.7424465417861938,0.5450402498245239,2.982132911682129,0.584663987159729,1526,0.90234375
-0.10449211299419403,469,0.666275001792257,3.01378386615436,True,0.6301837498699424,0.3676612612907775,0.9986118972301483,True,0.08203125,1.2689353786408901,0.10449211220839061,66.162109375,-0.7858083844184875,0.5316205620765686,3.0423102378845215,0.6448833346366882,1527,0.916015625
-0.07080083340406418,483,0.5904264390838814,2.7021381869819594,True,0.558067274266395,0.3152001318056137,0.9237670302391052,True,0.056640625,1.192917849868536,0.07080083200708032,66.375,-0.6864026784896851,0.5385339856147766,2.740860939025879,0.5827789902687073,1528,0.943359375
-0.12207028269767761,462,0.6363280659372155,2.7431071103909317,True,0.6034782694015668,0.3693192539503798,0.9292188286781311,True,0.09765625,1.2281040381640196,0.12207028683042154,66.712890625,-0.7842152118682861,0.5564777851104736,2.875946521759033,0.6277043223381042,1529,0.90234375
-0.11718747019767761,464,0.5896021764853905,2.771227524198335,True,0.5564156441852963,0.3834920441964641,1.0254347622394562,True,0.09375,1.2243523728102446,0.11718747264239937,67.259765625,-0.7395340204238892,0.5612499713897705,2.9673056602478027,0.586811900138855,1530,0.90625
-0.12939447164535522,459,0.6646058019210052,2.922079015661169,True,0.6296127574895722,0.36481703901663426,0.8965373337268829,True,0.103515625,1.1223018541932106,0.12939447746612132,66.310546875,-0.8074403405189514,0.5833527445793152,3.020327091217041,0.641876220703125,1531,0.896484375
-0.08300783485174179,478,0.5426364486187572,2.2356630578699472,True,0.5158635041204955,0.33234614530811085,0.9993431866168976,True,0.06640625,0.9893934484571218,0.0830078343860805,64.376953125,-0.6499602794647217,0.48097357153892517,2.3331451416015625,0.53901207447052,1532,0.93359375
-0.08544924855232239,477,0.5748552005246002,2.771440478990663,True,0.5416661162296432,0.32453051569173114,0.9458986520767212,True,0.068359375,0.9980308655649424,0.08544924011221156,66.837890625,-0.674884557723999,0.4628133177757263,2.8448758125305176,0.5553668737411499,1533,0.931640625
-0.12207026779651642,462,0.6131438392323333,2.64637760166482,True,0.5814524397447512,0.3496146754710935,0.8576259315013885,True,0.09765625,1.1203842796385288,0.12207027501426637,66.322265625,-0.7804809808731079,0.6170817613601685,2.7821059226989746,0.6250938177108765,1534,0.90234375
-0.1318359076976776,458,0.5494961493921071,2.5029033104925693,True,0.5195229061305782,0.3663607089431025,0.8923811316490173,True,0.10546875,1.1209715772420168,0.1318359011784196,66.9140625,-0.7241197824478149,0.5850604772567749,2.772757053375244,0.5590789914131165,1535,0.89453125
-0.1513672173023224,450,0.5829573808776009,3.010917205810547,True,0.5469004555543263,0.40737600766588,0.9535286128520966,True,0.12109375,1.3060615304857492,0.1513672080473043,67.328125,-0.7783117294311523,0.5862658619880676,3.226632833480835,0.5883042812347412,1536,0.87890625
-0.1708984375,442,0.581754524378755,2.8104300779454854,True,0.5480985371775217,0.4328585512470454,0.9606544375419617,True,0.13671875,1.3965845108032227,0.1708984370343387,67.05078125,-0.8097883462905884,0.653169572353363,3.1281137466430664,0.6014294624328613,1537,0.86328125
-0.1513671576976776,450,0.754824522866143,3.232510019938151,True,0.7161139731936983,0.4083357590949163,0.9604104161262512,True,0.12109375,1.2977304477244616,0.15136715283733793,67.365234375,-0.9675179719924927,1.2479324340820312,3.4375710487365723,0.7749844789505005,1538,0.87890625
-0.16357421875,445,0.63948273417655,2.4977475616369356,True,0.6095712129989367,0.4086108121322468,0.884546160697937,True,0.130859375,1.3625474069267511,0.16357420897111297,67.484375,-0.841698944568634,0.6668037176132202,2.6256563663482666,0.6466814875602722,1539,0.869140625
-0.1630859375,445,0.6142518546474113,2.6970252878210523,True,0.5819539139110051,0.4204242465086281,0.9762815237045288,True,0.12890625,1.241640193387866,0.16308593231951818,66.970703125,-0.8161942958831787,0.6519708037376404,2.99074125289917,0.617293119430542,1540,0.869140625
-0.1586914360523224,447,0.618862108229524,2.466352790794116,True,0.5893265635641897,0.41051108107203615,0.9290290176868439,True,0.126953125,1.3202769346535206,0.1586914306099061,66.744140625,-0.8072699308395386,0.5881407856941223,2.5852484703063965,0.6176191568374634,1541,0.873046875
-0.15917964279651642,447,0.5410813271199297,2.906339311493056,True,0.5062767826604097,0.4226425212691538,0.9521405398845673,True,0.12890625,1.4606953710317612,0.15917964198160917,67.259765625,-0.7357814311981201,0.558447539806366,3.052382707595825,0.5400483012199402,1542,0.873046875
-0.1733398288488388,441,0.6363976365314319,2.956777385843584,True,0.6009890708793588,0.4472648550989107,0.9834275543689728,True,0.138671875,1.5447904784232378,0.17333981837145984,67.1875,-0.8748371601104736,0.6970378160476685,3.1746528148651123,0.6634795665740967,1543,0.861328125
-0.16064453125,446,0.6117490934951423,2.298369981782854,True,0.5842252159867051,0.4210732256062329,0.9334175884723663,True,0.126953125,1.4749034103006124,0.16064453613944352,67.17578125,-0.827446699142456,0.7200513482093811,2.591259717941284,0.6357707977294922,1544,0.87109375
-0.19531255960464478,432,0.7137864243101192,2.892119213386818,True,0.679152164194319,0.4668220956111327,0.9547666311264038,True,0.15625,1.6111239157617092,0.19531257241033018,68.564453125,-0.9704246520996094,1.2145758867263794,3.1411828994750977,0.7374953031539917,1545,0.84375
-0.17578120529651642,440,0.544039750099182,1.9983486565676605,True,0.5201087182218378,0.43300402737222615,0.9204070568084717,True,0.140625,1.4628281500190496,0.17578120791586116,68.3203125,-0.7516382932662964,0.5687830448150635,2.242757797241211,0.5489991307258606,1546,0.859375
-0.1904296875,434,0.6011482118736216,2.618968163767169,True,0.5697850311681422,0.4264089259784669,0.814706027507782,True,0.15234375,1.4607606045901775,0.19042968598660082,67.990234375,-0.8319414258003235,0.6262602806091309,2.8292012214660645,0.6076309680938721,1547,0.84765625
-0.1635742038488388,445,0.6122557933410901,2.769914404997665,True,0.5790849602624271,0.42290650960057974,0.9299284219741821,True,0.130859375,1.466932449489832,0.16357420000713319,67.912109375,-0.8333563804626465,0.6691672205924988,3.1576590538024902,0.6319679617881775,1548,0.869140625
-0.2124023139476776,425,0.565847649083418,2.4306445334939393,True,0.5367397148468915,0.4961733009433374,0.9625641107559204,True,0.169921875,1.82516311109066,0.21240231895353645,68.7734375,-0.8580809235572815,0.7263469696044922,2.91182804107666,0.6108083724975586,1549,0.830078125
-0.18066412210464478,438,0.5806889351644473,2.3512193710292313,True,0.5525321541311535,0.46081376741640273,0.9855084419250488,True,0.14453125,1.6609592102468014,0.1806641168659553,67.529296875,-0.8393185138702393,0.7769161462783813,2.6408047676086426,0.6270297765731812,1550,0.85546875
-0.16845703125,443,0.6229808082968062,2.68651876385002,True,0.5908086776195207,0.4302778106648475,0.9389576315879822,True,0.134765625,1.480585215613246,0.1684570217039436,66.3984375,-0.8579631447792053,0.7459425330162048,2.8146212100982666,0.6557998657226562,1551,0.865234375
-0.1630859673023224,445,0.5815225101588818,2.5675147538774468,True,0.5507755050498448,0.4123369951499626,0.8976826369762421,True,0.12890625,1.3942899834364653,0.1630859668366611,65.921875,-0.7840412855148315,0.5915647745132446,2.819800853729248,0.5871871709823608,1552,0.869140625
-0.13671875,456,0.5791512089863158,2.540539457086931,True,0.5487272530271295,0.3904210576787591,0.9275836944580078,True,0.109375,1.363711191341281,0.13671875657746568,65.45703125,-0.7573275566101074,0.6004182696342468,2.7100019454956055,0.5881555080413818,1553,0.890625
-0.1513672024011612,450,0.6178392333454555,3.234402766757541,True,0.5791059907277426,0.4096128539415076,0.9637021124362946,True,0.12109375,1.3101045545190573,0.151367200887762,65.3046875,-0.8006436228752136,0.5887683629989624,3.4328997135162354,0.6081660985946655,1554,0.87890625
-0.1665039211511612,444,0.5598451683113167,2.5969584331856117,True,0.5287455690873636,0.4354264798108488,0.9935343563556671,True,0.134765625,1.4043137226253748,0.1665039223153144,65.888671875,-0.7762877941131592,0.6173310875892639,2.8523712158203125,0.5756256580352783,1555,0.8671875
-0.1904296576976776,434,0.6042558369548638,2.5614152701769006,True,0.5735818716238171,0.45049986818339677,0.9333791434764862,True,0.15234375,1.4678873494267464,0.1904296717257239,66.611328125,-0.8635268211364746,0.6870442032814026,2.758082389831543,0.640067994594574,1556,0.84765625
-0.2124023735523224,425,0.6291494664023903,3.115741289924172,True,0.5918372436831978,0.4882467512856238,0.9591687917709351,True,0.169921875,1.6802124781534076,0.21240236575249583,67.30859375,-0.9088728427886963,0.6882163882255554,3.5742619037628174,0.6536672711372375,1557,0.830078125
-0.2075195461511612,427,0.61050342110616,2.5523463690029646,True,0.5799380703469351,0.5016879544826225,1.052912712097168,True,0.166015625,1.671717194840312,0.20751955243758857,67.5625,-0.8964204788208008,0.7695267200469971,2.95573353767395,0.6535049080848694,1558,0.833984375
-0.17822258174419403,439,0.6328292742948596,3.063889753302571,True,0.5961380003525075,0.4671673965174705,1.081829309463501,True,0.142578125,1.45157890021801,0.17822258919477463,66.943359375,-0.8732014894485474,0.6995496153831482,3.2600927352905273,0.6559379696846008,1559,0.857421875
-0.2465820610523224,411,0.6208997745148458,2.7227935614086998,True,0.5882932447313972,0.5182826159521937,0.9665152728557587,True,0.197265625,1.5679499804973602,0.24658206047024578,68.078125,-0.974915623664856,0.848171055316925,3.0638582706451416,0.6916426420211792,1560,0.802734375
-0.224609375,420,0.5740350473494757,2.3634798685709635,True,0.5457314400445848,0.5009473940823227,0.967870682477951,True,0.1796875,1.655277581885457,0.22460937639698386,68.779296875,-0.8642885684967041,0.6940648555755615,2.8542022705078125,0.6054990291595459,1561,0.8203125
-0.18310552835464478,437,0.5196317489550917,2.356284397963255,True,0.49141431952777664,0.44457979194121433,0.9250335693359375,True,0.146484375,1.529350958764553,0.18310552858747542,67.255859375,-0.7628135681152344,0.6476905345916748,2.7544105052948,0.546722948551178,1562,0.853515625
-0.2441406100988388,412,0.5803500610647848,3.3086811639730205,True,0.5407273014193598,0.5781923050060869,1.2756096720695496,True,0.1953125,1.578595094382763,0.24414061615243554,67.72265625,-0.8854364156723022,0.6772268414497375,3.6086177825927734,0.5980811715126038,1563,0.8046875
-0.21435546875,424,0.6280102077520119,2.783524439019977,True,0.5946763978814179,0.48973848251625896,0.9874667227268219,True,0.169921875,1.5577932335436344,0.2143554735230282,66.888671875,-0.906682014465332,0.6872357726097107,3.1070492267608643,0.6551184058189392,1564,0.828125
-0.30078125,389,0.6092151923627044,2.65487054074638,True,0.5774220782870805,0.5918917868286371,1.0335973501205444,True,0.2421875,1.6878211330622435,0.3007812586147338,67.83984375,-0.9998385906219482,0.7750303745269775,3.1394171714782715,0.661461591720581,1565,0.759765625
-0.4370117783546448,333,0.6863304929690318,2.8994850725741,True,0.6516080176508104,0.7189170097000896,0.9673435091972351,True,0.349609375,1.7687309682369232,0.4370117555372417,71.4609375,-1.2806284427642822,0.8934619426727295,3.8578734397888184,0.797417163848877,1566,0.650390625
-0.4345703125,334,0.636911469662261,2.7079259849594024,True,0.6044829937512289,0.6881324173882604,0.858452320098877,True,0.34765625,1.6374328564852476,0.4345703083090484,70.80859375,-1.222818374633789,0.8865978717803955,3.5026602745056152,0.7463023066520691,1567,0.65234375
-0.2685546875,402,0.5665981951934187,2.6777174188129935,True,0.5345314672930324,0.5144057721830905,0.9200769364833832,True,0.21484375,1.2367137894034386,0.2685546923894435,65.0625,-0.9352119565010071,0.7529934048652649,3.3205316066741943,0.6268925666809082,1568,0.78515625
-0.1972656548023224,431,0.599588586255182,2.8472760221521147,True,0.5654913370266315,0.4348072419408709,0.8959642648696899,True,0.15625,1.1669748574495316,0.19726564217125997,62.486328125,-0.8624657392501831,0.707011342048645,3.060659170150757,0.6285474896430969,1569,0.841796875
-0.2104491889476776,426,0.7112192696248981,3.109094311933563,True,0.6739866511082984,0.42854988417821005,0.8180895447731018,True,0.169921875,1.0896558249369264,0.2104491819627583,62.705078125,-0.9537212252616882,0.6862149238586426,3.211961269378662,0.7048075199127197,1570,0.83203125
-0.1464843600988388,452,0.6363531994608652,2.7992012089332645,True,0.6028316838551411,0.3781904914416373,0.9072252810001373,True,0.1171875,1.0052212923765182,0.146484368131496,60.689453125,-0.812369704246521,0.5916004776954651,2.917738914489746,0.6309442520141602,1571,0.8828125
-0.1391601860523224,455,0.6277909298519511,2.529788976449233,True,0.5974957065267877,0.38997264379868285,1.00244602560997,True,0.111328125,1.0064652292057872,0.13916017743758857,59.767578125,-0.80882328748703,0.600911557674408,2.7059402465820312,0.6372585296630859,1572,0.888671875
-0.12207034975290298,462,0.609820295850952,2.8572503214790705,True,0.5756036013493807,0.39207322743022816,1.1139268279075623,True,0.09765625,0.9443504549562931,0.1220703378203325,58.939453125,-0.7689456939697266,0.5635547637939453,2.978672504425049,0.6112046241760254,1573,0.90234375
-0.11230464279651642,466,0.6198148989626268,2.785303279054011,True,0.5864597945254247,0.3557291090255603,0.9785167872905731,True,0.08984375,0.9544222829863429,0.11230463662650436,58.6953125,-0.7566327452659607,0.5579536557197571,2.9001412391662598,0.6095976829528809,1574,0.91015625
-0.11035152524709702,467,0.6617644039925978,3.019643053508162,True,0.6256029920481001,0.3686218952992931,1.0326499938964844,True,0.08984375,1.0348072657361627,0.110351532115601,59.462890625,-0.8023351430892944,0.5800313949584961,3.1182234287261963,0.6546416282653809,1575,0.912109375
-0.1171875074505806,464,0.7142252593204894,3.30952132981399,True,0.6745924312492897,0.3801676032366231,1.0765070915222168,True,0.09375,0.9535736478865147,0.11718750186264515,59.400390625,-0.876744270324707,0.6887206435203552,3.497553825378418,0.7176722288131714,1576,0.90625
-0.12939459085464478,459,0.5557506009124722,2.6041265084592866,True,0.5245651671569592,0.376704995019827,0.975967526435852,True,0.103515625,1.0423383340239525,0.12939457007450983,59.423828125,-0.7290029525756836,0.581522524356842,2.7512705326080322,0.5666608810424805,1577,0.896484375
-0.1318359375,458,0.670702514169518,3.1781611567501415,True,0.6326427798083777,0.37979997539659965,1.000819832086563,True,0.10546875,0.9560013078153133,0.13183594221482053,59.79296875,-0.8330211043357849,0.5961489081382751,3.3907124996185303,0.660580039024353,1578,0.89453125
-0.12500010430812836,461,0.5582569616477039,2.5331072548723528,True,0.527922023015012,0.36101869072881526,0.9846554100513458,True,0.1015625,0.7817500056698918,0.12500010643270798,59.9375,-0.7229613065719604,0.5668820142745972,2.715606689453125,0.5654408931732178,1579,0.900390625
-0.15625,448,0.7337939547640937,2.599610839571272,True,0.7026625680071967,0.38890097770490684,0.9254308044910431,True,0.125,0.9512962084263563,0.15625000560248736,60.87109375,-0.9614382982254028,1.158936858177185,2.7426226139068604,0.7723442912101746,1580,0.875
-0.1147461086511612,465,0.5717717110469778,2.8058618581423196,True,0.5381704102280319,0.33189834664226514,0.8939739465713501,True,0.091796875,0.7671487620100379,0.11474611767334864,59.603515625,-0.7268019914627075,0.5500211715698242,3.0188486576080322,0.5759040117263794,1581,0.908203125
-0.2392578423023224,414,0.6498379747648747,2.8931771418898573,True,0.6151910389679066,0.5016916660126298,1.0200775265693665,True,0.19140625,1.1683661211282015,0.2392578546423465,64.046875,-0.9754841923713684,0.765106201171875,3.2284154891967773,0.6975648403167725,1582,0.80859375
-0.2709961533546448,401,0.6084246144924972,2.3519815738658956,True,0.5802587013589474,0.5368472984235269,1.019551396369934,True,0.216796875,1.2388174384832382,0.2709961459040642,65.193359375,-0.9703630208969116,0.7733225226402283,2.844180107116699,0.6653067469596863,1583,0.783203125
-0.2416991889476776,413,0.6076079687829746,2.6951709711522804,True,0.575332238368203,0.4876421911176294,0.9417915344238281,True,0.193359375,1.1516938330605626,0.24169919162523001,63.77734375,-0.9242419004440308,0.7119357585906982,3.2095162868499756,0.644107460975647,1584,0.806640625
-0.2075195014476776,427,0.6761441191688912,3.2077447452366488,True,0.6377301389216259,0.46595774006564167,0.9577092230319977,True,0.166015625,1.337927682325244,0.20751950715202838,63.634765625,-0.9505665898323059,0.6995483636856079,3.575512647628784,0.7002289295196533,1585,0.833984375
-0.27099609375,401,0.6248525693975481,2.7496926387646545,True,0.5919239155372182,0.5494344718754292,1.026451736688614,True,0.216796875,1.4629602786153555,0.27099610958248377,66.12109375,-1.0196949243545532,0.8202517032623291,3.2298412322998047,0.7100202441215515,1586,0.783203125
-0.20751959085464478,427,0.6017925267476388,2.5916726069930562,True,0.570756229779201,0.49771076623001137,1.1220732927322388,True,0.166015625,1.315530083142221,0.20751959935296327,64.208984375,-0.8961236476898193,0.7374958395957947,3.0353286266326904,0.6522549390792847,1587,0.833984375
-0.1928710639476776,433,0.5683192116558965,2.6181419980443383,True,0.5369659275435961,0.45635001747868953,0.9769250750541687,True,0.154296875,1.3618785245344043,0.1928710739593953,64.24609375,-0.8246399164199829,0.648176372051239,3.00854229927063,0.5957403182983398,1588,0.845703125
-0.2124023735523224,425,0.6956277715458589,2.7632046127319327,True,0.6625373043733483,0.49285008918959644,1.0236136317253113,True,0.169921875,1.51449971832335,0.212402374134399,64.57421875,-0.9900425672531128,0.7602617740631104,3.1983389854431152,0.7393388748168945,1589,0.830078125
-0.21240234375,425,0.5825330725838157,2.3303349350480462,True,0.5546264093062457,0.478353904816322,0.9616238176822662,True,0.169921875,1.4725356381386518,0.2124023570213467,65.357421875,-0.8691213726997375,0.7197936177253723,2.6781728267669678,0.6246468424797058,1590,0.830078125
-0.21240238845348358,425,0.6113091683387757,3.188471930447747,True,0.5731259616683511,0.4619728245539591,0.8733934462070465,True,0.169921875,1.4978346358984709,0.21240239893086255,65.9296875,-0.8930413722991943,0.6805990934371948,3.484931468963623,0.6389056444168091,1591,0.830078125
-0.177734375,439,0.5568064989560286,2.4573769471639926,True,0.5273784541594954,0.44681470992509276,0.9649769961833954,True,0.140625,1.52169881016016,0.17773437092546374,63.99609375,-0.7972796559333801,0.6442859768867493,2.754946708679199,0.586553692817688,1592,0.857421875
-0.20263677835464478,429,0.5732861933730421,2.3714400877207864,True,0.5448872594288735,0.46010180581361054,0.930646151304245,True,0.162109375,1.4267160389572382,0.20263677276670933,65.09375,-0.8656566143035889,0.7415215373039246,2.8677451610565186,0.6286775469779968,1593,0.837890625
-0.2177734673023224,423,0.6454792580706007,2.6509668370510666,True,0.6137328841162066,0.46439726897515354,0.8380259871482849,True,0.17578125,1.58037200383842,0.21777347242459655,64.759765625,-0.9355855584144592,0.7283178567886353,3.0465242862701416,0.6813287734985352,1594,0.826171875
-0.2241211235523224,420,0.5775083740552267,2.8906468084880284,True,0.5428917549905322,0.501175028574653,1.011888325214386,True,0.177734375,1.4935246165841818,0.22412112908205017,65.28125,-0.8577403426170349,0.6480675935745239,3.1178224086761475,0.5962820649147034,1595,0.8203125
-0.20751962065696716,427,0.5781112612689687,2.5703232366530626,True,0.5473306345157936,0.4919685479719192,1.0220239162445068,True,0.166015625,1.6008832268416882,0.20751959935296327,64.716796875,-0.8561931848526001,0.6867524981498718,2.9829704761505127,0.6129514575004578,1596,0.833984375
-0.1611327826976776,446,0.5533935996983618,2.1025518521065134,True,0.5282147179270005,0.4250758501933888,0.9437957108020782,True,0.12890625,1.5036782268434763,0.16113279561977834,62.703125,-0.7768591642379761,0.6417269110679626,2.355570077896118,0.5875174403190613,1597,0.87109375
-0.20751953125,427,0.6240252691912148,3.0292034205005662,True,0.5877493816739782,0.4590282533783466,0.8973141610622406,True,0.166015625,1.4409176278859377,0.20751953881699592,64.3359375,-0.9030718207359314,0.7353553771972656,3.426239490509033,0.6545217037200928,1598,0.833984375
-0.1909179389476776,434,0.584961140760079,3.005223632957529,True,0.5489724050469112,0.44606188009493053,0.9357601404190063,True,0.154296875,1.3598379716277122,0.1909179498325102,63.671875,-0.8287724256515503,0.6166499257087708,3.266592025756836,0.5987357497215271,1599,0.84765625
-0.1591796725988388,447,0.5759240332199156,2.6171679974135666,True,0.5445824269480353,0.4026955779525451,0.896478533744812,True,0.12890625,1.284404001198709,0.1591796677093953,62.2109375,-0.8053601980209351,0.6697207093238831,2.897695541381836,0.6114794015884399,1600,0.873046875
-0.1269530951976776,460,0.599239983247674,2.441050029837567,True,0.5700074408365333,0.40794832955580207,1.0704095363616943,True,0.1015625,1.3382667321711779,0.12695308547699824,61.328125,-0.7814008593559265,0.6143353581428528,2.709290027618408,0.6220028400421143,1601,0.8984375
-0.13427728414535522,457,0.6306771079090544,2.5258968048596544,True,0.6004284976347792,0.3912328826147132,0.9860559403896332,True,0.107421875,1.1948882304131985,0.13427728187525645,60.806640625,-0.8122789859771729,0.6615161299705505,2.7823548316955566,0.6446818113327026,1602,0.892578125
-0.12207037955522537,462,0.5800341414166736,2.63769277762541,True,0.5484467321660095,0.35097637682920324,0.8250732421875,True,0.09765625,1.2778269946575165,0.12207037571351975,60.50390625,-0.755695104598999,0.607820451259613,2.923892021179199,0.5986100435256958,1603,0.90234375
-0.12939453125,459,0.5839408550387116,2.6809047125523393,True,0.5518359709409328,0.3571646992932074,0.8363868296146393,True,0.103515625,1.2098560729064047,0.1293945275247097,59.77734375,-0.7743626832962036,0.6748970746994019,3.0088369846343994,0.608936071395874,1604,0.896484375
-0.10009771585464478,471,0.5987640439578176,2.397318080225821,True,0.5700552247132465,0.3183015593094751,0.8470344543457031,True,0.080078125,0.9759392337873578,0.10009770723991096,59.248046875,-0.73319411277771,0.5663344264030457,2.5361218452453613,0.6027254462242126,1605,0.919921875
-0.13134759664535522,458,0.5774975989062713,2.5469225629448364,True,0.5469972040975978,0.3915173708461225,1.0354443192481995,True,0.103515625,1.0616178810596466,0.13134761294350028,60.865234375,-0.7677466869354248,0.6432663202285767,2.9547970294952393,0.6010141372680664,1606,0.89453125
-0.1123046725988388,466,0.5697745529878805,2.5699225822743426,True,0.5389987258440435,0.38958364403806633,1.1025517284870148,True,0.08984375,1.135372307151556,0.1123046821448952,59.44140625,-0.7351120710372925,0.6612131595611572,2.8654098510742188,0.5884929895401001,1607,0.91015625
-0.11474612355232239,465,0.568359120558667,2.6096661906088543,True,0.5371073458143459,0.3733180408133194,0.9893038272857666,True,0.091796875,1.2142229545861483,0.11474612556048669,59.52734375,-0.7305893301963806,0.5742382407188416,2.7762370109558105,0.5825966596603394,1608,0.908203125
-0.12890633940696716,459,0.5839659152207552,2.5732724157553615,True,0.5531499733852145,0.38102098263334483,0.9502452611923218,True,0.1015625,1.2413116097450256,0.128906347672455,60.265625,-0.7767398357391357,0.6451302766799927,2.982145309448242,0.6121212244033813,1609,0.896484375
-0.146484375,452,0.6415343026144315,2.540299921964122,True,0.6111132233543733,0.398801240848843,0.9321706891059875,True,0.1171875,1.3176548853516579,0.1464843584690243,61.27734375,-0.8476482033729553,0.6622965335845947,2.8281760215759277,0.6672953367233276,1610,0.8828125
-0.10009761899709702,471,0.6273738287563283,3.2378699830130158,True,0.5885990873263899,0.3573219353333116,1.0208300948143005,True,0.080078125,1.0611659735441208,0.10009761690162122,58.916015625,-0.7630389928817749,0.5602477192878723,3.439753532409668,0.6217489838600159,1611,0.919921875
-0.09277340769767761,474,0.6672657358495495,2.876015892511682,True,0.6328243122825139,0.33440733366878705,0.9375162124633789,True,0.07421875,1.0826137606054544,0.09277340183325578,60.11328125,-0.7950055599212646,0.5958551168441772,3.0613653659820557,0.6655710935592651,1612,0.92578125
-0.10205075144767761,470,0.5722098850189371,2.4283446626460297,True,0.5431295060096903,0.369112018449232,1.0480576157569885,True,0.080078125,1.1489946264773607,0.10205076157581061,60.498046875,-0.7175885438919067,0.5707449913024902,2.728147029876709,0.5828671455383301,1613,0.91796875
-0.13916015625,455,0.6494497683022048,3.0098049562055986,True,0.6134061656155428,0.3748086903942749,0.8686791360378265,True,0.111328125,1.2382540926337242,0.1391601575887762,62.103515625,-0.8549214601516724,0.7017989158630371,3.366283893585205,0.6754487156867981,1614,0.888671875
-0.1049804762005806,469,0.5583247748265135,2.512879331483007,True,0.5282320634388467,0.3489007726195268,0.8871992528438568,True,0.083984375,1.3296088445931673,0.10498047896544449,62.07421875,-0.699211061000824,0.5326843857765198,2.675279140472412,0.5621930956840515,1615,0.916015625
-0.1347656399011612,457,0.6177606956963988,2.444565220265211,True,0.5884860614457328,0.38079163070069627,0.8825004696846008,True,0.109375,1.3905180040746927,0.13476563384756446,63.060546875,-0.8113363981246948,0.655494213104248,2.7497146129608154,0.6436418890953064,1616,0.892578125
-0.1367187350988388,456,0.5286673249905569,2.5346476571601735,True,0.49831391583409224,0.39578398688463495,0.9849371612071991,True,0.109375,1.2415560968220234,0.13671874860301614,62.810546875,-0.722138524055481,0.6148099899291992,2.8229949474334717,0.5516133308410645,1617,0.890625
-0.12207034230232239,462,0.5734476849630282,2.6225244978289584,True,0.5420419158357562,0.3395963049028069,0.8075889647006989,True,0.09765625,1.1201632302254438,0.1220703482395038,62.75,-0.7440025806427002,0.5800052881240845,2.872176170349121,0.5875368118286133,1618,0.90234375
-0.08544918894767761,477,0.5381805271972401,2.2803478760789284,True,0.5108724553879952,0.3140373137721326,0.8863693475723267,True,0.068359375,1.0262852180749178,0.08544918347615749,60.525390625,-0.6550401449203491,0.5077608227729797,2.5036990642547607,0.5396081805229187,1619,0.931640625
-0.10058598220348358,471,0.5290784047414289,2.263470660602464,True,0.5019724536093937,0.3408465928165242,0.905285507440567,True,0.08203125,1.184070162475109,0.10058598167961463,61.76171875,-0.6738120317459106,0.5514088273048401,2.4089388847351074,0.5443781018257141,1620,0.919921875
-0.10498046875,469,0.6244697720130116,2.565527795474413,True,0.5937465516361855,0.35352556195575746,0.9679452776908875,True,0.083984375,1.0991208646446466,0.10498046298744157,61.18359375,-0.7663370966911316,0.5680418014526367,2.8571434020996094,0.6271411776542664,1621,0.916015625
-0.08056636154651642,479,0.620148824002897,3.085728161768027,True,0.5831960164679364,0.3389243350713514,1.033021867275238,True,0.064453125,1.0350719168782234,0.08056636370019987,60.71875,-0.727167546749115,0.579117476940155,3.2412209510803223,0.607786238193512,1622,0.935546875
-0.06787113845348358,484,0.5834863274550636,2.827798575409188,True,0.5496223243800077,0.3250453435699455,1.0365139245986938,True,0.052734375,0.9974283399060369,0.06787114072358236,60.177734375,-0.6747620105743408,0.47814443707466125,2.9917263984680176,0.5710638761520386,1623,0.9453125
-0.0830077975988388,478,0.6131985828467492,2.934971967002837,True,0.5780511448572869,0.3424961315700784,1.0576083064079285,True,0.06640625,0.9593332773074508,0.08300780470017344,61.146484375,-0.7259830236434937,0.5278644561767578,3.1371541023254395,0.6054065227508545,1624,0.93359375
-0.1123046725988388,466,0.602334772056776,2.755338098358187,True,0.5693385222439091,0.3545901351550128,0.9607959091663361,True,0.08984375,1.0025256043300033,0.11230467190034688,62.3046875,-0.767074704170227,0.6006388664245605,3.0363829135894775,0.6184080839157104,1625,0.91015625
-0.1123046949505806,466,0.5955721871535665,2.500617414073371,True,0.5656263190021842,0.3490088038146496,0.9374890923500061,True,0.08984375,0.9841257184743881,0.11230469809379429,61.49609375,-0.7529053688049316,0.6010134816169739,2.7622060775756836,0.6075221300125122,1626,0.91015625
-0.09765632450580597,472,0.6217161962541483,3.328785015364825,True,0.5818526926687209,0.33996497957268734,0.9748274981975555,True,0.078125,0.9468631511554122,0.09765632078051567,61.572265625,-0.7585399150848389,0.5530138611793518,3.486018180847168,0.6191372871398926,1627,0.921875
-0.09033197909593582,475,0.6676182690419648,2.9165221967195203,True,0.6326917825247111,0.3191568928072229,0.8736371695995331,True,0.072265625,1.0819496558979154,0.09033197729149833,61.005859375,-0.7883716821670532,0.606972336769104,3.065903663635254,0.6613242030143738,1628,0.927734375
-0.08056640625,479,0.5835871967741739,3.024168503807084,True,0.5473715992710535,0.29844538593897596,0.8367931842803955,True,0.064453125,1.010406855493784,0.08056640543509275,61.623046875,-0.6941988468170166,0.5266759991645813,3.265252113342285,0.5745298266410828,1629,0.935546875
-0.05615239590406418,489,0.6024807901835881,2.5811479311047894,True,0.5715705252010643,0.2561495439265855,0.7640572786331177,True,0.044921875,0.9437138307839632,0.056152394390664995,59.953125,-0.6766847372055054,0.5175127387046814,2.6957974433898926,0.588249146938324,1630,0.955078125
-0.05859377980232239,488,0.5636729343992765,2.5120462022843904,True,0.5335902004945474,0.2942308295983821,0.9397641122341156,True,0.046875,0.9536844780668616,0.0585937826836016,60.638671875,-0.6320222616195679,0.38974422216415405,2.5756611824035645,0.5425839424133301,1631,0.953125
-0.07373052090406418,482,0.5667032411484303,2.697399525226894,True,0.5344008241946272,0.306510208081454,0.9049085080623627,True,0.060546875,1.035959598608315,0.07373052497860044,61.623046875,-0.6631367802619934,0.44606462121009827,2.793186664581299,0.5559567809104919,1632,0.94140625
-0.10742193460464478,468,0.6231241052986211,2.435030600963495,True,0.5939636688966019,0.3471413103980012,0.906047523021698,True,0.0859375,1.1701974552124739,0.10742193122860044,61.6875,-0.7812414765357971,0.646374523639679,2.5898032188415527,0.6428056955337524,1633,0.9140625
-0.09472650289535522,473,0.6421661855806509,3.144334737644639,True,0.6045115452740207,0.3319450233015232,0.9091376960277557,True,0.07421875,1.1078197043389082,0.09472649625968188,62.21484375,-0.7801494598388672,0.5962557196617126,3.408545970916748,0.6446042060852051,1634,0.923828125
-0.10253902524709702,470,0.6034622926661309,2.747578525543213,True,0.570558958992045,0.34603476320044135,0.9491998255252838,True,0.08203125,1.0731153497472405,0.10253902955446392,61.3671875,-0.7483071088790894,0.5896471738815308,2.9185755252838135,0.6108169555664062,1635,0.91796875
-0.10498046875,469,0.5863310102460736,2.490041657551519,True,0.5565117891155072,0.36238528339890763,0.9623295068740845,True,0.083984375,1.2987779006361961,0.10498048516456038,62.455078125,-0.715842604637146,0.504080057144165,2.617459774017334,0.5795170068740845,1636,0.916015625
-0.1123046725988388,466,0.5817372190082534,3.105431677445833,True,0.5445484623888532,0.360457789094653,0.9244498610496521,True,0.08984375,1.2652627173811197,0.1123046800494194,61.98828125,-0.7313641309738159,0.5768532752990723,3.3582029342651367,0.5788436532020569,1637,0.91015625
-0.09521478414535522,473,0.6411856130616107,2.8382927978265617,True,0.6071959396245366,0.33084034716011956,0.8821874856948853,True,0.076171875,1.1837612437084317,0.09521478699753061,61.25390625,-0.7789465188980103,0.6735002994537354,3.025691509246826,0.6474977731704712,1638,0.923828125
-0.1166992262005806,464,0.5944734092416434,2.4240659516433185,True,0.5654442741953093,0.3672102006152272,0.9335455000400543,True,0.091796875,1.2760373838245869,0.11669922966393642,62.787109375,-0.7613548636436462,0.6109955310821533,2.629222869873047,0.6131696701049805,1639,0.90625
-0.126953125,460,0.518273447389188,2.393435554919036,True,0.4896111296570819,0.3770102332928218,0.9048734605312347,True,0.1015625,1.3816481456160545,0.1269531324505806,62.146484375,-0.6812943816184998,0.5212570428848267,2.631789445877075,0.5228245258331299,1640,0.8984375
-0.15332040190696716,449,0.5856536417403041,2.329240590798563,True,0.5577600651435173,0.40255282381549473,0.9046884477138519,True,0.12109375,1.3658945057541132,0.15332040895009413,62.4921875,-0.8070147037506104,0.6685174107551575,2.696153163909912,0.6214069724082947,1641,0.876953125
-0.13427734375,457,0.5782091775399589,2.191591505931295,True,0.5519640217463873,0.3692822453798726,0.8089461624622345,True,0.107421875,1.4643132984638214,0.13427734631113708,62.974609375,-0.7530522346496582,0.5895612239837646,2.4439520835876465,0.5895076394081116,1642,0.892578125
-0.1074218600988388,468,0.6881234059985886,3.028098559787131,True,0.6518607412138556,0.38260738716926423,1.0239522457122803,True,0.0859375,1.4079014603048563,0.10742186522111297,62.259765625,-0.8243416547775269,0.6288765668869019,3.222104549407959,0.6783338785171509,1643,0.9140625
-0.13183602690696716,458,0.646774814639029,2.3007037090422284,True,0.6192229900297639,0.3756986526539549,0.902458667755127,True,0.10546875,1.2674180567264557,0.13183601381024346,61.98828125,-0.823848307132721,0.6257944703102112,2.5619750022888184,0.6613317728042603,1644,0.89453125
-0.1689453423023224,443,0.6071150465689716,2.8893763230562746,True,0.5725136311813077,0.438977869739756,0.9845777451992035,True,0.13671875,1.4623393416404724,0.16894535307073966,63.283203125,-0.8519556522369385,0.699597179889679,3.0714755058288574,0.6462281942367554,1645,0.865234375
-0.17382816970348358,441,0.5819819107347605,2.645476724825749,True,0.5503013046150035,0.43928841890301557,0.9597880244255066,True,0.140625,1.470052883028984,0.17382816993631423,62.5625,-0.8128834962844849,0.6323292851448059,3.004973888397217,0.6030696630477905,1646,0.861328125
-0.1635742336511612,445,0.5919546391187089,3.01848621314831,True,0.5558070868588566,0.43157080983510243,0.9912590384483337,True,0.130859375,1.3948954194784164,0.16357423120643944,63.78125,-0.8036496043205261,0.5974563956260681,3.3545360565185547,0.5999035239219666,1647,0.869140625
-0.18212890625,438,0.5637598146586656,2.558892658312027,True,0.5331160755462299,0.43109368331497533,0.8937281668186188,True,0.150390625,1.4043827839195728,0.18212891047005542,62.84765625,-0.8297939300537109,0.73534095287323,3.0110268592834473,0.6116067171096802,1648,0.85546875
-0.19042958319187164,434,0.5977179560518484,2.821869205219954,True,0.5639249681053073,0.45681292269146073,0.9857906699180603,True,0.15234375,1.3845040258020163,0.19042958709178492,63.302734375,-0.8375301361083984,0.6218836903572083,3.025527000427246,0.6108685731887817,1649,0.84765625
-0.2148437350988388,424,0.5604010977835026,2.240145846357885,True,0.5335744799308056,0.480487015703693,0.9500848054885864,True,0.171875,1.5125265289098024,0.21484372846316546,63.640625,-0.8446320295333862,0.6901320815086365,2.7356090545654297,0.5970282554626465,1650,0.828125
-0.1982422024011612,431,0.609350700804363,2.719536435023261,True,0.5767831939970534,0.4558182255364954,0.9508328437805176,True,0.16015625,1.348189047537744,0.1982422026921995,63.12890625,-0.861627995967865,0.6421316862106323,3.0522708892822266,0.6268336772918701,1651,0.841796875
-0.18457025289535522,436,0.5735859203776088,2.459745665209009,True,0.5441295061636409,0.4315586677170359,0.9185065031051636,True,0.14453125,1.2657421380281448,0.18457025778479874,62.689453125,-0.8115351796150208,0.6358530521392822,2.7957234382629395,0.5934849977493286,1652,0.8515625
-0.1806640326976776,438,0.5606900344700573,2.7581764726333966,True,0.5276597964164872,0.4291942254174501,0.8948091566562653,True,0.14453125,1.3913672808557749,0.18066402967087924,62.81640625,-0.787609338760376,0.624320387840271,2.8998589515686035,0.5722182989120483,1653,0.85546875
-0.15087890625,450,0.5987062528398304,2.616298592885335,True,0.567375054359436,0.42640294384909794,1.0421815514564514,True,0.119140625,1.3417544914409518,0.15087890706490725,60.75,-0.794969916343689,0.6150321960449219,2.7652618885040283,0.610975980758667,1654,0.87890625
-0.1621093451976776,446,0.5491349473929726,2.51775802999334,True,0.5189838092690626,0.41642908761277797,0.9326147735118866,True,0.1328125,1.3559359079226851,0.16210933669935912,62.314453125,-0.7566606998443604,0.5938208103179932,2.7094907760620117,0.5621041059494019,1655,0.87109375
-0.1831054836511612,437,0.6196145180706574,2.6061208703697956,True,0.5884051993318772,0.443661098415032,0.943912923336029,True,0.146484375,1.435460528358817,0.18310548539739102,62.794921875,-0.8838827610015869,0.7526799440383911,2.964939594268799,0.665270984172821,1656,0.853515625
-0.1264648735523224,460,0.6113812824954158,2.81318710990574,True,0.5776922661325206,0.3758958572056144,0.8847783207893372,True,0.099609375,1.4495064672082663,0.12646487017627805,61.205078125,-0.7677853107452393,0.5508910417556763,2.9523355960845947,0.6059650778770447,1657,0.8984375
-0.1440429389476776,453,0.6499701446255312,2.936702594062351,True,0.6148019860648688,0.3839404909871519,0.8713943958282471,True,0.115234375,1.3123734896071255,0.1440429352223873,62.25390625,-0.8498971462249756,0.6911963820457458,3.1619925498962402,0.6679881811141968,1658,0.884765625
-0.11474604159593582,465,0.5877934685317419,2.5844777286693614,True,0.5568433384741507,0.37209225333062934,0.9506705105304718,True,0.091796875,1.344242193736136,0.11474604133400135,62.43359375,-0.7469057440757751,0.6038385033607483,2.8013696670532227,0.5986121296882629,1659,0.908203125
-0.13916015625,455,0.5724828786902376,2.2035380709302292,True,0.5460946526501205,0.4027664801105857,0.9590481221675873,True,0.111328125,1.435933768749237,0.13916016841540113,62.0546875,-0.7475645542144775,0.575340747833252,2.4162561893463135,0.5794687867164612,1660,0.888671875
-0.1347656548023224,457,0.5438172157275077,2.4042234467729693,True,0.5150257060773002,0.407877494872082,1.0112175345420837,True,0.109375,1.417366661131382,0.13476565369637683,62.6640625,-0.7218840718269348,0.5888302326202393,2.659087657928467,0.5552748441696167,1661,0.892578125
-0.1293945610523224,459,0.6591235936856737,2.7895234888155747,True,0.6257179508022234,0.3733969267923385,0.8925426006317139,True,0.103515625,1.309876836836338,0.12939456198364496,62.0703125,-0.8310983180999756,0.6810259819030762,3.021308422088623,0.6655224561691284,1662,0.896484375
-0.1123046875,466,0.6501691840237303,2.5919684350746386,True,0.6191293615128348,0.372662880923599,0.9533634781837463,True,0.08984375,1.3937098570168018,0.11230469116708264,61.72265625,-0.8048055171966553,0.6418474316596985,2.678574800491333,0.660423755645752,1663,0.91015625
-0.10742184519767761,468,0.578326924234374,2.5420759029877495,True,0.5478845615672251,0.3531305382959545,0.9104355275630951,True,0.0859375,1.2724316148087382,0.1074218523572199,61.8359375,-0.7179999351501465,0.5990152359008789,2.708136796951294,0.5781470537185669,1664,0.9140625
-0.1269531100988388,460,0.5502907022185948,2.3018411237260574,True,0.5227252423763276,0.38407595796743405,0.9646926522254944,True,0.1015625,1.2836865317076445,0.12695310096023604,61.77734375,-0.7157124280929565,0.5680084228515625,2.532095432281494,0.558436393737793,1665,0.8984375
-0.09033207595348358,475,0.5950104694617422,2.2440618730846205,True,0.5681369470295152,0.3345134496688843,0.9169317483901978,True,0.072265625,1.2159005645662546,0.09033207118045539,60.103515625,-0.7151250839233398,0.5499380230903625,2.421133518218994,0.5957990884780884,1666,0.927734375
-0.09521484375,473,0.5910444971622927,2.7651784001646793,True,0.5579303930224123,0.32645637686364354,0.8721872270107269,True,0.076171875,1.1360817598178983,0.09521484264405444,59.9609375,-0.7059237957000732,0.48550885915756226,2.919703960418701,0.5757443904876709,1667,0.923828125
-0.07568357139825821,481,0.6295821717523983,2.668408937117167,True,0.597626941987234,0.2984627435449511,0.8155829012393951,True,0.060546875,1.1932516600936651,0.07568357815034688,59.306640625,-0.7283013463020325,0.5042768716812134,2.7816104888916016,0.6193069219589233,1668,0.939453125
-0.06787106394767761,484,0.4994260516048464,2.2819240467607482,True,0.4720991160258774,0.30085277057951315,0.8917962908744812,True,0.052734375,1.0924488492310047,0.0678710684296675,60.08203125,-0.587130606174469,0.42849937081336975,2.390148639678955,0.49063652753829956,1669,0.9453125
-0.09570302814245224,473,0.5359376404300553,2.409508528719493,True,0.5070828242231373,0.35010269469348715,0.9650458991527557,True,0.078125,1.2278096303343773,0.09570303349755704,60.958984375,-0.662047266960144,0.5038884878158569,2.584277629852295,0.5353964567184448,1670,0.923828125
-0.0439453050494194,494,0.6530309886584881,3.313112447136327,True,0.6133551679642094,0.2753750322619453,0.9440270662307739,True,0.03515625,0.8524863226339221,0.04394530213903636,60.615234375,-0.7105568647384644,0.45118841528892517,3.3616204261779785,0.6263548135757446,1671,0.96484375
-0.06591792404651642,485,0.5918653147122295,2.8330526200151938,True,0.557938381753017,0.3171281405375339,1.0207639634609222,True,0.052734375,0.9411482773721218,0.06591793248662725,61.646484375,-0.682259202003479,0.511379063129425,2.9696950912475586,0.5807780027389526,1672,0.947265625
-0.07080081105232239,483,0.6661907448038059,2.852761496668277,True,0.6320278045430194,0.310561990988208,0.9868727028369904,True,0.056640625,0.8477327851578593,0.07080080942250788,61.271484375,-0.7559353113174438,0.5511056184768677,3.0037145614624023,0.6491638422012329,1673,0.943359375
-0.08251953125,478,0.5893695199838742,2.58742920025622,True,0.5583840419059019,0.31690369570860644,0.923922598361969,True,0.064453125,0.9919929355382919,0.08251952892169356,63.193359375,-0.6965188980102539,0.4894719421863556,2.758317470550537,0.5809674263000488,1674,0.93359375
-0.0800781175494194,479,0.6666835083593158,3.281434375458321,True,0.6273870609996214,0.30658559704315846,0.8668598830699921,True,0.0625,1.06271014502272,0.0800781107682269,61.919921875,-0.7741448879241943,0.5475757122039795,3.3891103267669678,0.6534807682037354,1675,0.935546875
-0.07080081850290298,483,0.60480962419115,2.4912974713505185,True,0.574975361735184,0.3226591829094105,1.0034714937210083,True,0.056640625,1.0232813879847527,0.07080081355525181,62.736328125,-0.7007477879524231,0.5177386999130249,2.6451563835144043,0.5982702374458313,1676,0.943359375
-0.05859377980232239,488,0.6321145940999516,2.76531542324629,True,0.5989988465778163,0.30852839855942876,0.9712583422660828,True,0.046875,1.113659044727683,0.05859377744491212,63.123046875,-0.704004168510437,0.4702797830104828,2.8360071182250977,0.6114480495452881,1677,0.953125
-0.09033211320638657,475,0.6068181267537568,2.1367335625698693,True,0.5812299001844305,0.3233778617461212,0.8735848069190979,True,0.072265625,1.1665756665170193,0.09033211437053978,63.36328125,-0.7250925302505493,0.5201249122619629,2.3708465099334717,0.6063687205314636,1678,0.927734375
-0.05615236610174179,489,0.5850380742598653,2.4246335668310315,True,0.5560021439456746,0.2897756575024687,0.9241419732570648,True,0.044921875,0.9758979249745607,0.0561523653450422,60.72265625,-0.6567645072937012,0.46718117594718933,2.5053927898406982,0.5706090927124023,1679,0.955078125
-0.07373049855232239,482,0.5475042165562326,2.6867662910603887,True,0.5153291455442974,0.28735305750742557,0.8087865710258484,True,0.060546875,1.0373049154877663,0.07373049575835466,60.908203125,-0.649235725402832,0.5158860087394714,2.775228500366211,0.5422707796096802,1680,0.94140625
-0.04150394722819328,495,0.6196383029523522,2.5382578260970834,True,0.5892416556676229,0.29563970724120736,0.9939931333065033,True,0.033203125,1.1067426726222038,0.04150394554017112,60.55859375,-0.6718708276748657,0.44558265805244446,2.6017632484436035,0.5992097854614258,1681,0.966796875
-0.043945249170064926,494,0.6551793958494055,2.7636839913935796,True,0.6220832124412784,0.25818658436182884,0.7983330190181732,True,0.03515625,1.0914945844560862,0.04394524946110323,60.951171875,-0.711622416973114,0.43316957354545593,2.8246841430664062,0.6338503956794739,1682,0.96484375
-0.04150388389825821,495,0.6348006075078791,2.7480389228974924,True,0.6018917614763433,0.2713569184707012,0.912737250328064,True,0.033203125,0.9461116399616003,0.04150388500420377,59.767578125,-0.6901878714561462,0.44846808910369873,2.8395276069641113,0.6146795153617859,1683,0.966796875
-0.0634765475988388,486,0.5783994345017421,2.5547392456619833,True,0.5478054390522679,0.3089285493013449,0.984872967004776,True,0.05078125,0.9695481210947037,0.06347654812270775,60.58203125,-0.6665909290313721,0.48503348231315613,2.679882049560547,0.5710217356681824,1684,0.94921875
-0.046386681497097015,493,0.6325711512420531,3.1783080536260084,True,0.5945096696607965,0.29367801210610195,0.99376180768013,True,0.037109375,0.9707793379202485,0.046386682195588946,59.69140625,-0.6979519128799438,0.4929572343826294,3.286013603210449,0.6122139692306519,1685,0.962890625
-0.0463867262005806,493,0.6527187375703158,2.7835085278350484,True,0.6193851361893739,0.27715700842672963,0.9172373414039612,True,0.037109375,0.9464562609791756,0.04638672654982656,61.060546875,-0.7142919301986694,0.4499984383583069,2.8629343509674072,0.6336205005645752,1686,0.962890625
-0.056640639901161194,489,0.5882511279090539,2.3958569726085863,True,0.559559794718015,0.3029271198785864,0.9722607433795929,True,0.046875,1.0366866448894143,0.05664063774747774,61.171875,-0.6652029752731323,0.43768587708473206,2.5252034664154053,0.5783220529556274,1687,0.955078125
-0.06103508546948433,487,0.5796159018114118,2.8377119182805997,True,0.5456331784720293,0.2838794775889255,0.8509442210197449,True,0.048828125,1.053110932931304,0.06103508628439158,62.748046875,-0.6559078693389893,0.44744375348091125,2.921511650085449,0.5598864555358887,1688,0.951171875
-0.0390624925494194,496,0.6032024833463853,2.999461581630092,True,0.5672827651423792,0.2792578981840052,0.9464066028594971,True,0.03125,1.0182816609740257,0.039062493277015164,63.248046875,-0.6497068405151367,0.3785778880119324,3.0594496726989746,0.5740062594413757,1689,0.96875
-0.06787109375,484,0.5511263564598462,2.1334856285536583,True,0.5255770200540212,0.2996390065411106,0.8690637946128845,True,0.052734375,1.1591030098497868,0.06787109526339918,64.138671875,-0.6431999206542969,0.4546840786933899,2.2419185638427734,0.5484809875488281,1690,0.9453125
-0.06835934519767761,484,0.6058084417965787,2.8954404666404097,True,0.5711343943580122,0.325108459033072,0.9807631969451904,True,0.0546875,1.2119295224547386,0.06835934310220182,64.4921875,-0.699043869972229,0.5365815758705139,3.029788017272949,0.5944015979766846,1691,0.9453125
-0.05126948654651642,491,0.5852301280391677,2.824941772307495,True,0.551400349727716,0.2948531343368813,0.9206559062004089,True,0.041015625,1.1890493240207434,0.05126948416000232,63.59765625,-0.6604522466659546,0.45410874485969543,2.938638687133789,0.5739914178848267,1692,0.958984375
-0.051269590854644775,491,0.5982424631380986,2.43455776906062,True,0.5690876775992134,0.29375218953937293,0.9280296266078949,True,0.041015625,1.1375333918258548,0.05126959382323548,63.04296875,-0.6608279943466187,0.40079978108406067,2.5126688480377197,0.5794682502746582,1693,0.958984375
-0.04345706105232239,494,0.5871544222117436,2.972540822588963,True,0.5515570717784556,0.26288808435201644,0.8184572458267212,True,0.033203125,1.1147914454340935,0.043457061605295166,62.388671875,-0.6444748640060425,0.40898656845092773,3.078507423400879,0.5641514658927917,1694,0.96484375
-0.05126957595348358,491,0.5982277364206412,2.664782390089481,True,0.5663159120592711,0.286324826348573,0.9066463112831116,True,0.041015625,1.074519719928503,0.051269576768390834,62.060546875,-0.6723647713661194,0.445270836353302,2.7374050617218018,0.5883136987686157,1695,0.958984375
-0.058593735098838806,488,0.6227725392482321,2.65050995154459,True,0.5910316373481124,0.3037658524815925,0.9703038036823273,True,0.046875,1.022227137349546,0.05859373358543962,61.953125,-0.6986069679260254,0.4965221583843231,2.757655382156372,0.6069892048835754,1696,0.953125
-0.053710900247097015,490,0.6853569563554258,2.9392563532809826,True,0.650158188051107,0.2910373960738071,0.9494429230690002,True,0.04296875,0.9487581718713045,0.05371090123662725,60.818359375,-0.7625727653503418,0.5582855343818665,2.9955086708068848,0.6729894876480103,1697,0.95703125
-0.05419920012354851,490,0.6321623996812471,3.24515992378702,True,0.5933003250433474,0.29320428173523394,0.9376992583274841,True,0.044921875,1.0293045276775956,0.05419920274289325,61.62890625,-0.7045472860336304,0.4744623899459839,3.3453545570373535,0.6102861166000366,1698,0.95703125
-0.0659179836511612,485,0.6995846148618716,3.13834733471428,True,0.6620016769035575,0.29239858596702106,0.8543212711811066,True,0.052734375,1.1123268837109208,0.06591798702720553,61.947265625,-0.7809752225875854,0.5466809868812561,3.246025562286377,0.6761847734451294,1699,0.947265625
-0.04882809519767761,492,0.5841400230803142,2.268773246102217,True,0.5569705527003219,0.28871595743112266,0.9306280314922333,True,0.0390625,1.0752451112493873,0.04882809416449163,60.755859375,-0.6488513946533203,0.4436124265193939,2.338521957397461,0.572018563747406,1700,0.9609375
-0.07568357139825821,481,0.6088206611898982,2.618446271781367,True,0.5774637554886435,0.31910685407929124,0.8916418850421906,True,0.060546875,1.3018980622291565,0.07568357134005055,62.271484375,-0.707067608833313,0.5150566697120667,2.7451205253601074,0.5985100269317627,1701,0.939453125
-0.07080073654651642,483,0.5743542263596696,2.4845746834579217,True,0.5446004641105423,0.33084561650175603,0.9721980690956116,True,0.056640625,1.3121053725481033,0.07080073212273419,62.767578125,-0.6684854626655579,0.5201098918914795,2.6092934608459473,0.5664372444152832,1702,0.943359375
-0.05615238845348358,489,0.5873720682471807,2.2645967791660677,True,0.5602526191797238,0.3249846242601052,1.0398596227169037,True,0.044921875,1.2172061707824469,0.05615239031612873,61.310546875,-0.6659208536148071,0.5141704678535461,2.376084327697754,0.581313967704773,1703,0.955078125
-0.06542962789535522,485,0.6020400019036126,2.8614668457778465,True,0.5677728071655194,0.3248039298690856,0.9434051513671875,True,0.05078125,1.4138654004782438,0.06542962801177055,62.646484375,-0.6907852292060852,0.4949791133403778,2.9694418907165527,0.5897952318191528,1704,0.947265625
-0.0683593675494194,484,0.5401101136995742,2.1223700263283467,True,0.5146939153513632,0.3397682338021696,1.0454423427581787,True,0.0546875,1.2464080471545458,0.0683593611465767,63.0234375,-0.6227320432662964,0.4017620086669922,2.2276573181152344,0.5276955366134644,1705,0.9453125
-0.06103519722819328,487,0.5951556094618058,2.2890625499357196,True,0.5677431947886331,0.3036638345452957,0.9127256572246552,True,0.048828125,1.201670021750033,0.061035201826598495,61.9453125,-0.6770694851875305,0.6461946964263916,2.3731648921966553,0.5876147150993347,1706,0.951171875
-0.08544913679361343,477,0.5715830825284841,2.3051627134627015,True,0.5439778575732274,0.3309294615639374,0.8843087255954742,True,0.068359375,1.3723715897649527,0.0854491350473836,62.6875,-0.6790799498558044,0.5240424871444702,2.390867233276367,0.5649991631507874,1707,0.931640625
-0.126953125,460,0.6468709429968958,2.869438462672026,True,0.6125082941158958,0.3801014765398577,0.9273481070995331,True,0.1015625,1.353574650362134,0.1269531209836714,63.75390625,-0.7970423102378845,0.6076341271400452,3.0102715492248535,0.6340399980545044,1708,0.8984375
-0.078125,480,0.5663258055845896,2.867327356338501,True,0.5319884359836579,0.3232419064384885,0.9476232826709747,True,0.0625,1.11184514593333,0.07812499161809683,61.7421875,-0.6699397563934326,0.5057342648506165,3.0033774375915527,0.5558481812477112,1709,0.9375
-0.10791023075580597,468,0.5798448138257377,2.9264574499211764,True,0.5447993360014044,0.3731925584026612,1.0245307385921478,True,0.087890625,1.2075235787779093,0.10791022947523743,62.49609375,-0.7149547338485718,0.5129106044769287,3.0705857276916504,0.5702731609344482,1710,0.9140625
-0.12207024544477463,462,0.6184899523144678,2.643302138491626,True,0.5868353721125302,0.3688200754811988,0.9370934367179871,True,0.09765625,1.1866226941347122,0.12207025231327862,63.83984375,-0.7738783359527588,0.613004207611084,2.777708053588867,0.6185439229011536,1711,0.90234375
-0.0854492262005806,477,0.5892893905659642,2.3162972442259075,True,0.5615508285208569,0.3414687823271379,1.0098197162151337,True,0.068359375,1.0811122320592403,0.08544922666624188,61.189453125,-0.7036884427070618,0.5416199564933777,2.4431264400482178,0.5889818668365479,1712,0.931640625
-0.12451175600290298,461,0.5840711447525438,2.116231122916795,True,0.5587284381374101,0.3790958507102914,0.9718786478042603,True,0.099609375,1.2041671946644783,0.12451175978640094,63.12109375,-0.7437410950660706,0.5442836284637451,2.306410312652588,0.5916092395782471,1713,0.900390625
-0.09521479904651642,473,0.5432480659343729,2.3556845848454486,True,0.5150378085594096,0.33142987071769314,0.9124089479446411,True,0.076171875,1.0746656926348805,0.09521479599061422,62.197265625,-0.6633172035217285,0.4915405511856079,2.455254554748535,0.538699746131897,1714,0.923828125
-0.0927734524011612,474,0.5780329870272286,2.3366227683135725,True,0.5500510219280227,0.32541745469206945,0.8965084552764893,True,0.07421875,1.0668462608009577,0.09277344931615517,61.0,-0.6946682929992676,0.5204259753227234,2.4567525386810303,0.5724742412567139,1715,0.92578125
-0.11230466514825821,466,0.5539863257960699,2.3232876967974487,True,0.526164046045025,0.35589107787236574,0.9167235791683197,True,0.08984375,1.2048339769244194,0.11230466037523001,62.548828125,-0.7047566175460815,0.5682251453399658,2.559417724609375,0.5618019104003906,1716,0.91015625
-0.13671869039535522,456,0.5358561204190838,2.447161268769649,True,0.5065504019720513,0.389478744158987,0.9089827239513397,True,0.109375,1.419269885867834,0.1367187041323632,64.060546875,-0.7089423537254333,0.5492509603500366,2.575756549835205,0.5413779020309448,1717,0.890625
-0.1318359225988388,458,0.5997779418807883,2.663528892150612,True,0.5678811304954463,0.39217219382990154,0.957124799489975,True,0.10546875,1.378226263448596,0.1318359203869477,63.140625,-0.7767096161842346,0.5921818614006042,2.945413827896118,0.6096011400222778,1718,0.89453125
-0.1342773139476776,457,0.5462977348845166,2.4283380469295075,True,0.5172174233837252,0.39851699920836836,0.952458530664444,True,0.107421875,1.4749594051390886,0.1342773181386292,64.1171875,-0.7325238585472107,0.5928929448127747,2.711123466491699,0.5657797455787659,1719,0.892578125
-0.17333979904651642,441,0.5542546598549064,2.3899848780123825,True,0.5256336325961176,0.43733567646704613,0.9246670603752136,True,0.138671875,1.581249063834548,0.17333981161937118,64.763671875,-0.7725760340690613,0.6032853126525879,2.556431770324707,0.5686218738555908,1720,0.861328125
-0.1318359375,458,0.5903471263215011,2.5386707652604206,True,0.5599455606989464,0.4088524875929579,1.0282945930957794,True,0.10546875,1.4271527454257011,0.1318359290016815,63.23828125,-0.7518106698989868,0.5737847685813904,2.694319009780884,0.5877093076705933,1721,0.89453125
-0.12451176345348358,461,0.5355845076918861,2.4471027432191392,True,0.5062794784920335,0.37980949941556896,0.9357523024082184,True,0.099609375,1.362945644184947,0.12451175466412678,62.607421875,-0.6931051015853882,0.568980872631073,2.6575639247894287,0.5367680191993713,1722,0.900390625
-0.1684570163488388,443,0.5890630307369791,2.6618994412519057,True,0.5571857288513442,0.41094261601101606,0.8464590609073639,True,0.134765625,1.4638754688203335,0.16845702863065526,65.09765625,-0.7966636419296265,0.5896570682525635,2.843513250350952,0.5941544771194458,1723,0.865234375
-0.16357421875,445,0.6111048770754526,2.205556911564945,True,0.5846924595618517,0.42172735602362077,0.9204953014850616,True,0.130859375,1.4810818396508694,0.1635742029757239,64.087890625,-0.823131263256073,0.6916795969009399,2.5321340560913086,0.6292337775230408,1724,0.869140625
-0.1806640475988388,438,0.5743899407996436,2.715361366533253,True,0.5418724044817222,0.43679611035622656,0.8904929459095001,True,0.14453125,1.560669433325529,0.18066404724959284,64.650390625,-0.7929356098175049,0.6039819717407227,2.9351024627685547,0.5771225690841675,1725,0.85546875
-0.1513671875,450,0.5618257660335962,2.477312573856777,True,0.5321589703030057,0.4159977769944817,0.9207151532173157,True,0.12109375,1.6097510755062103,0.15136718915891834,64.271484375,-0.7675149440765381,0.6239474415779114,2.70373272895813,0.5837695002555847,1726,0.87890625
-0.1630859076976776,445,0.5940429613831338,2.4797957310515844,True,0.5643464240465272,0.4319003004115075,0.9573101699352264,True,0.12890625,1.5470470748841763,0.16308590944390744,64.322265625,-0.8162139058113098,0.6430174112319946,2.766554355621338,0.6199973821640015,1727,0.869140625
-0.1562500298023224,448,0.5719428317887442,2.5946353375911713,True,0.540871045419148,0.42779347077012064,0.988187313079834,True,0.125,1.4781193137168884,0.15625004249159247,63.513671875,-0.7699673771858215,0.6143332719802856,2.807053565979004,0.5801018476486206,1728,0.875
-0.10986331105232239,467,0.5853107595852151,2.4555670571786683,True,0.5559043900869644,0.35994172552600506,0.9152080416679382,True,0.087890625,1.3407360762357712,0.10986331274034455,62.658203125,-0.7205929756164551,0.5236993432044983,2.632809638977051,0.579200804233551,1729,0.912109375
-0.10009761899709702,471,0.579681688180142,2.657373381774643,True,0.5478586045799742,0.33720165388658646,0.8613553941249847,True,0.080078125,1.2966589741408825,0.10009762470144778,62.16796875,-0.7064744234085083,0.5291371941566467,2.7873356342315674,0.5729973316192627,1730,0.919921875
-0.12207033485174179,462,0.5847609392750314,2.407813599615386,True,0.5559264347924814,0.3695764714386314,0.9280224740505219,True,0.09765625,1.2380329463630915,0.12207032996229827,62.755859375,-0.749274492263794,0.5812123417854309,2.5884780883789062,0.5962061285972595,1731,0.90234375
-0.11474619060754776,465,0.6414841603848243,2.9221313986726987,True,0.606490502498483,0.34761504251509906,0.8582938313484192,True,0.091796875,1.2242016848176718,0.114746191597078,61.517578125,-0.7848183512687683,0.5649833679199219,3.0536434650421143,0.6335036754608154,1732,0.908203125
-0.0805663913488388,479,0.5336067147070779,2.1872892596278657,True,0.507413074591961,0.3287573937443085,0.9479487538337708,True,0.064453125,1.1720250751823187,0.08056638936977834,61.46875,-0.6352210640907288,0.47364309430122375,2.3216919898986816,0.5268514752388,1733,0.935546875
-0.11962894350290298,463,0.5634766814518181,2.5283579077113014,True,0.5331986072768918,0.3477687901468016,0.833715945482254,True,0.095703125,1.2279330966994166,0.11962894583120942,61.521484375,-0.7298086285591125,0.5816736817359924,2.685769557952881,0.5780165791511536,1734,0.904296875
-0.1318359225988388,458,0.537001875680607,2.2173018398243265,True,0.5104488078423463,0.35250174668617545,0.8372024595737457,True,0.10546875,1.0645065866410732,0.13183592492714524,62.72265625,-0.7013163566589355,0.5257208943367004,2.4214253425598145,0.5404828786849976,1735,0.89453125
-0.1044921725988388,469,0.7017777361341123,2.798526932689935,True,0.668264295500733,0.3372463640524075,0.9261282682418823,True,0.08203125,0.9505706811323762,0.10449217539280653,60.51953125,-0.8494710326194763,1.3041095733642578,2.8792214393615723,0.7104990482330322,1736,0.916015625
-0.1171875074505806,464,0.6087750813056682,2.5268356800079346,True,0.5785152213326816,0.35762211091350765,0.9361208081245422,True,0.09375,1.0642087389715016,0.11718751094304025,62.30078125,-0.7685556411743164,0.6334583759307861,2.7294163703918457,0.6186822652816772,1737,0.90625
-0.0908203050494194,475,0.6186584772561725,2.7112707138061523,True,0.586189963441146,0.3162815018673427,0.8684292733669281,True,0.07421875,1.0355068165808916,0.09082030376885086,62.302734375,-0.7252506017684937,0.523723840713501,2.7594237327575684,0.6013851165771484,1738,0.927734375
-0.1074218899011612,468,0.5705184615575349,2.245922312777267,True,0.543622652689616,0.3518098303466104,0.9654347598552704,True,0.0859375,1.0260198451578617,0.10742188477888703,61.625,-0.709107518196106,0.5284973978996277,2.3851633071899414,0.5731223821640015,1739,0.9140625
-0.12207037210464478,462,0.47054367599549235,1.858605315674951,True,0.44828615302131286,0.36615088023245335,0.9473411738872528,True,0.09765625,1.0922454632818699,0.12207037239568308,63.716796875,-0.6289818286895752,0.5078805685043335,2.017570972442627,0.4827502965927124,1740,0.90234375
-0.12402346730232239,461,0.5300414731600797,2.0471261222553876,True,0.5055263156228884,0.35659478954039514,0.8479198813438416,True,0.09765625,1.2597468681633472,0.12402346718590707,65.234375,-0.6961684226989746,0.5753558278083801,2.2229971885681152,0.5455237627029419,1741,0.900390625
-0.10693362355232239,468,0.6126712387443608,2.7869308871081753,True,0.5792966592006195,0.38532983009936284,1.07811039686203,True,0.083984375,1.2554826885461807,0.10693361511221156,64.59375,-0.746026873588562,0.5350831151008606,2.91632342338562,0.6041691899299622,1742,0.9140625
-0.1513671725988388,450,0.5889936256408691,2.605151629977756,True,0.5577959148089091,0.40488085390534256,0.87686488032341,True,0.12109375,1.5628144089132547,0.15136715746484697,66.62109375,-0.7969229221343994,0.665290355682373,2.7979378700256348,0.6120493412017822,1743,0.87890625
-0.1220703050494194,462,0.5626366982212315,2.614822795896819,True,0.5313231707651377,0.36712165200151503,0.8946628868579865,True,0.09765625,1.3223753608763218,0.12207030726131052,64.802734375,-0.7188907861709595,0.5844353437423706,2.8127059936523438,0.5631371736526489,1744,0.90234375
-0.15625005960464478,448,0.5781042277812958,2.561623760632106,True,0.5474277798618589,0.42740786557551474,0.9578678607940674,True,0.125,1.5916845612227917,0.15625006443588063,66.658203125,-0.7803627848625183,0.606382429599762,2.753826141357422,0.5911346673965454,1745,0.875
-0.126953125,460,0.6146679261456366,2.7141734527504964,True,0.5821646389753923,0.3936072649434209,0.9927162230014801,True,0.1015625,1.362217815592885,0.1269531273865141,64.4453125,-0.7843437790870667,0.688480019569397,2.8901731967926025,0.6227797269821167,1746,0.8984375
-0.08740237355232239,476,0.5876619936037464,2.5679277732592674,True,0.5569100597826373,0.365256342664361,1.045763611793518,True,0.068359375,1.3740247674286366,0.08740238088648766,63.208984375,-0.6958231925964355,0.4999045133590698,2.677349090576172,0.5763584971427917,1747,0.9296875
-0.1318359673023224,458,0.5985674251635522,3.118796535975027,True,0.5612186442035776,0.38690132056362925,0.9245997965335846,True,0.10546875,1.4029079377651215,0.1318359635770321,64.517578125,-0.7632129192352295,0.5792112350463867,3.302149534225464,0.5918325185775757,1748,0.89453125
-0.13427734375,457,0.6192789150797304,2.4724699235327656,True,0.5896701131920845,0.37143546395236626,0.8636292815208435,True,0.107421875,1.2886449787765741,0.1342773570213467,64.3515625,-0.8039189577102661,0.625154972076416,2.7809267044067383,0.6363388895988464,1749,0.892578125
-0.08300789445638657,478,0.6327165534805553,2.863819413604097,True,0.5984211878297717,0.3241932343458757,0.9249022901058197,True,0.06640625,1.1240975735709071,0.08300789695931599,61.849609375,-0.7454548478126526,0.5708574056625366,2.972869873046875,0.6268457174301147,1750,0.93359375
-0.12695308029651642,460,0.5937280305053876,2.5108756117198783,True,0.5636593181154003,0.3730869412771426,0.8870163857936859,True,0.1015625,1.3746115788817406,0.12695308402180672,63.04296875,-0.7648144364356995,0.6388442516326904,2.7362794876098633,0.6050933599472046,1751,0.8984375
-0.1025390625,470,0.502499590782409,2.323311507448237,True,0.47467701308270727,0.3592354573076591,0.9823965132236481,True,0.08203125,1.2043418195098639,0.10253906337311491,61.123046875,-0.644785463809967,0.5404908657073975,2.5315661430358887,0.5119299292564392,1752,0.91796875
-0.1464844048023224,452,0.5341661825644232,2.3476364929064184,True,0.506052303103219,0.3940170103218406,0.9044487476348877,True,0.1171875,1.3328571561723948,0.14648440055316314,63.158203125,-0.7261857390403748,0.5830681324005127,2.5629706382751465,0.5490087270736694,1753,0.8828125
-0.1342773139476776,457,0.586453423001834,2.3680640299941045,True,0.558094934509411,0.37702833018265663,0.8919749557971954,True,0.107421875,1.2871207427233458,0.13427730172406882,62.0859375,-0.7631429433822632,0.600659191608429,2.564657688140869,0.598152756690979,1754,0.892578125
-0.10009765625,471,0.6158387128208347,2.8877714485119865,True,0.5812565013608103,0.35673879773239603,0.9818166792392731,True,0.080078125,1.2055561048910022,0.1000976555806119,60.369140625,-0.7409390211105347,0.5644739270210266,3.0463595390319824,0.6043599843978882,1755,0.919921875
-0.09960928559303284,471,0.7202108253086195,2.563710906449903,True,0.6895093797624997,0.32536388135049493,0.8339895904064178,True,0.078125,1.1791334804147482,0.09960928733926266,61.779296875,-0.8547707200050354,0.8851691484451294,2.728351593017578,0.722488284111023,1756,0.919921875
-0.09033203125,475,0.6308264994621278,2.3340540183217904,True,0.6028753068572595,0.329876828182023,0.9048500657081604,True,0.072265625,1.1714955940842628,0.09033203357830644,60.900390625,-0.762668251991272,0.6015018820762634,2.534773349761963,0.6419813632965088,1757,0.927734375
-0.1025390625,470,0.5437277984111868,2.369183451571363,True,0.5153558944134001,0.3534253040095791,0.9376878440380096,True,0.08203125,1.2669733967632055,0.10253906270372681,62.033203125,-0.6701914072036743,0.48768800497055054,2.4473140239715576,0.5383447408676147,1758,0.91796875
-0.07324221730232239,482,0.5896993591083036,2.4700614377176118,True,0.560119405821646,0.3220984078303445,0.9621055722236633,True,0.05859375,1.128701395355165,0.0732422225701157,60.32421875,-0.6885411739349365,0.4560098946094513,2.5667800903320312,0.584560751914978,1759,0.94140625
-0.11962895840406418,463,0.6020690471770697,2.4248337910448248,True,0.5730307256686249,0.36259878620039676,0.9073595106601715,True,0.095703125,1.2299586283043027,0.11962895083706826,62.587890625,-0.7644858956336975,0.586916983127594,2.6332995891571045,0.6133221387863159,1760,0.904296875
-0.12451163679361343,461,0.5767224751687619,2.7453187665298033,True,0.5438462142830557,0.35267956887837504,0.7946033179759979,True,0.099609375,1.3849453553557396,0.12451163458172232,62.744140625,-0.7352250814437866,0.5473397970199585,2.9334139823913574,0.5755845308303833,1761,0.900390625
-0.1708984375,442,0.6106701595750869,2.744298185158639,True,0.5778060992378996,0.4186951632378623,0.8818167746067047,True,0.13671875,1.4286674298346043,0.1708984354045242,64.744140625,-0.8397244811058044,0.6765144467353821,2.963578224182129,0.633336067199707,1762,0.86328125
-0.13867200911045074,455,0.6131287883926223,2.636434554005717,True,0.5815564469976738,0.3979707109509036,0.9565460085868835,True,0.109375,1.3597899377346039,0.13867201178800315,64.48046875,-0.7893524169921875,0.5904068946838379,2.8686065673828125,0.6163278818130493,1763,0.888671875
-0.20751947164535522,427,0.5805354305396873,2.4352547804142333,True,0.55137229230979,0.4601996042067185,0.8786433041095734,True,0.166015625,1.5390295572578907,0.20751946211385075,66.49609375,-0.8576602935791016,0.6895999908447266,2.790388345718384,0.6167247891426086,1764,0.833984375
-0.1782226264476776,439,0.5773860343768005,2.7183029244320807,True,0.5448332780586016,0.44810505969217046,0.9768010079860687,True,0.142578125,1.4904444944113493,0.17822263156995177,66.24609375,-0.82322758436203,0.7221132516860962,3.0167436599731445,0.6088782548904419,1765,0.857421875
-0.1879882663488388,435,0.620110414357021,2.7773956370079653,True,0.5868500050457044,0.4579414336942136,0.9825476109981537,True,0.150390625,1.4688729122281075,0.1879882627981715,66.818359375,-0.8819994926452637,0.7817319631576538,3.0840938091278076,0.6570780277252197,1766,0.849609375
-0.2099609673023224,426,0.6573078309146452,3.2362570471606906,True,0.6185523785056083,0.47829897319898007,0.9603584110736847,True,0.16796875,1.5253261625766754,0.2099609802244231,67.55859375,-0.9763919711112976,0.8419062495231628,3.695500373840332,0.7221759557723999,1767,0.83203125
-0.1777343451976776,439,0.6351209702415727,2.6045338635021023,True,0.6039306439951504,0.44516705858986827,0.9758968353271484,True,0.140625,1.445067036896944,0.1777343408903107,65.62109375,-0.8635501861572266,0.648796021938324,2.7999048233032227,0.6522859334945679,1768,0.857421875
-0.1391601264476776,455,0.6592706566328532,2.5047279947406644,True,0.6292755517330799,0.4142329538008198,1.0498645901679993,True,0.111328125,1.3019979987293482,0.13916013386915438,65.12109375,-0.8345893025398254,0.6749610304832458,2.74517822265625,0.6625545620918274,1769,0.888671875
-0.107421875,468,0.5609513480439146,2.5838078617030744,True,0.5300092350723398,0.3500431420863606,0.8722468316555023,True,0.0859375,1.363437995314598,0.10742187465075403,64.279296875,-0.7135403156280518,0.5588847398757935,2.772895574569702,0.5729119181632996,1770,0.9140625
-0.17333978414535522,441,0.6191629992455853,2.838132831244782,True,0.5851752453920792,0.45410417306702583,1.0015767216682434,True,0.138671875,1.6089809332042933,0.17333978158421814,65.59375,-0.8621843457221985,0.686552107334137,3.183779716491699,0.6507174968719482,1771,0.861328125
-0.1289062649011612,459,0.6348634919309928,2.9514224077361857,True,0.5995190392911824,0.3894283479661681,0.9157103002071381,True,0.1015625,1.547600382938981,0.12890626676380634,64.12890625,-0.7967508435249329,0.5872809886932373,3.1802096366882324,0.6297602653503418,1772,0.896484375
-0.14648443460464478,452,0.6368440727217007,2.554224246371109,True,0.6062562486766714,0.39866359257139267,0.9124795198440552,True,0.1171875,1.3936651982367039,0.14648442712496035,64.509765625,-0.841744065284729,0.7196822762489319,2.891155958175659,0.6606369614601135,1773,0.8828125
-0.1416015923023224,454,0.6154699737805102,3.0098474771440817,True,0.5794258684838921,0.4006261475384235,0.9060171544551849,True,0.11328125,1.5564225893467665,0.14160158310551196,64.20703125,-0.8106917142868042,0.6603054404258728,3.2930517196655273,0.629654586315155,1774,0.88671875
-0.15332037210464478,449,0.5775130443225194,2.859595396271793,True,0.5432682693469232,0.40412520013051106,0.8822954595088959,True,0.12109375,1.4869148470461369,0.15332036471227184,64.1328125,-0.7756041288375854,0.6309610605239868,3.13051438331604,0.5847947001457214,1775,0.876953125
-0.10742190480232239,468,0.613808362911909,2.378675787876814,True,0.5853227853265585,0.3591435180511326,0.9073116183280945,True,0.0859375,1.4051856379956007,0.10742190998280421,62.919921875,-0.7519233822822571,0.5327786207199097,2.62988018989563,0.613007664680481,1776,0.9140625
-0.1416015326976776,454,0.5954612987157007,2.340930572165267,True,0.5674277456058805,0.39801801580470053,0.8905609250068665,True,0.11328125,1.5660858834162354,0.14160153217380866,63.458984375,-0.7849233746528625,0.6381167769432068,2.6076643466949463,0.6120939254760742,1777,0.88671875
-0.1367187201976776,456,0.6432198986672517,2.811338127705089,True,0.6095530244342068,0.38967289057327437,0.8885071873664856,True,0.109375,1.5050546377897263,0.13671872264239937,62.712890625,-0.8428933620452881,0.6917126178741455,3.0398898124694824,0.6697707176208496,1778,0.890625
-0.14648433029651642,452,0.6268704000827485,2.5023731800307214,True,0.5969034992488085,0.38798689773539086,0.8309737741947174,True,0.1171875,1.5061561241745949,0.14648433681577444,63.556640625,-0.8422431945800781,0.6981199979782104,2.9566736221313477,0.6603515148162842,1779,0.8828125
-0.1088867262005806,467,0.5714745825950288,2.2883866966664153,True,0.5440702705107613,0.34493267667712646,0.8326384127140045,True,0.083984375,1.3903654925525188,0.10888672026339918,61.447265625,-0.7146773934364319,0.5451958179473877,2.4028611183166504,0.5770154595375061,1780,0.912109375
-0.1464843451976776,452,0.5513991821656185,2.1935913879259497,True,0.5251300419326377,0.3879861239227467,0.8482089042663574,True,0.1171875,1.4371999837458134,0.14648434217087924,62.7578125,-0.7542130947113037,0.6108003854751587,2.420666217803955,0.5787402987480164,1781,0.8828125
-0.1298828125,459,0.5903474895003574,2.785844181877336,True,0.5569858876968004,0.41020156841259453,1.0255526304244995,True,0.10546875,1.5041643157601357,0.12988282431615517,62.541015625,-0.7752143144607544,0.6020762324333191,3.0270495414733887,0.6090813875198364,1782,0.896484375
-0.1899413764476776,434,0.543850007282424,2.5443741418249592,True,0.5133801289417778,0.4690966070862487,0.989971786737442,True,0.150390625,1.6232171840965748,0.1899413864593953,64.4765625,-0.7920395731925964,0.652375340461731,2.936837673187256,0.5669283866882324,1783,0.84765625
-0.13183589279651642,458,0.5603950326879992,2.674430910156283,True,0.5283676789317069,0.4137291348306462,1.0300248861312866,True,0.10546875,1.5177653450518847,0.13183588744141161,63.654296875,-0.743694543838501,0.6024095416069031,2.998175621032715,0.575954258441925,1784,0.89453125
-0.17089839279651642,442,0.6460812690570884,2.8543141977819384,True,0.6118997419042286,0.4358151358785108,0.8873871564865112,True,0.13671875,1.7487862855196,0.17089839174877852,64.966796875,-0.8941525220870972,0.7308043837547302,3.2519829273223877,0.6843103170394897,1785,0.86328125
-0.146484375,452,0.621198820065608,2.668282340058183,True,0.5892451025743402,0.41925989342853426,0.9315052032470703,True,0.1171875,1.7294896692037582,0.1464843661233317,63.04296875,-0.8181171417236328,0.6525629162788391,2.9520552158355713,0.6362807750701904,1786,0.8828125
-0.10986320674419403,467,0.5679211799031406,2.5493511209140753,True,0.537391695526989,0.36026534107513725,0.8893025815486908,True,0.087890625,1.4508324339985847,0.10986320185475051,62.970703125,-0.7266857028007507,0.5951103568077087,2.7853078842163086,0.5834672451019287,1787,0.912109375
-0.13671892881393433,456,0.5349373780844504,2.113958183087801,True,0.5096218983332316,0.4069221190875396,0.9683175384998322,True,0.109375,1.53079335950315,0.13671894383151084,63.431640625,-0.7442306876182556,0.6853305101394653,2.332900285720825,0.5795745253562927,1788,0.890625
-0.11474613845348358,465,0.5931999082206398,2.807128433130121,True,0.5595834356482312,0.3909094807226211,1.0473203361034393,True,0.091796875,1.3339855764061213,0.11474613531026989,61.0078125,-0.7476677894592285,0.564683198928833,2.9856319427490234,0.5971676111221313,1789,0.908203125
-0.1538086235523224,449,0.6218981449481905,2.4007223608233614,True,0.59314855302628,0.4015980459284037,0.8887919485569,True,0.123046875,1.4006206784397364,0.1538086204091087,63.255859375,-0.828675389289856,0.7097839117050171,2.7361059188842773,0.6421008706092834,1790,0.876953125
-0.13427729904651642,457,0.5828501514324214,2.4824498312739367,True,0.553121848101167,0.39733031813520936,1.0056707561016083,True,0.107421875,1.2383772861212492,0.13427730230614543,61.158203125,-0.7721884250640869,0.6390818953514099,2.7506279945373535,0.6049712896347046,1791,0.892578125
-0.11962890625,463,0.5980410775407088,2.69209117765818,True,0.5658022331367559,0.3743267551762983,0.9928680956363678,True,0.095703125,1.1224844083189964,0.11962891483562998,60.515625,-0.77327561378479,0.6123892068862915,2.9230034351348877,0.6186426877975464,1792,0.904296875
-0.1757812798023224,440,0.7972494548017329,2.8627730066126045,True,0.762966646931388,0.4390323662548326,0.985172301530838,True,0.140625,1.324332494288683,0.17578128050081432,63.205078125,-1.0376007556915283,1.7332284450531006,3.1506640911102295,0.8240891695022583,1793,0.859375
-0.1611327826976776,446,0.6350835482903125,2.426663857938997,True,0.6060232930386549,0.41266320245340465,0.9365218281745911,True,0.12890625,1.2845213683322072,0.16113276773830876,63.06640625,-0.8656164407730103,0.722582221031189,2.7709145545959473,0.6713008880615234,1794,0.87109375
-0.16796875,443,0.604736758139548,2.665686282831713,True,0.5728141138031573,0.42046475147944873,0.8766287863254547,True,0.1328125,1.5434048790484667,0.16796875017462298,62.517578125,-0.8186228275299072,0.6047202944755554,2.832759380340576,0.6167306900024414,1795,0.865234375
-0.13916015625,455,0.550662105686062,2.5545885547176823,True,0.5200698994018219,0.41069653516169635,1.0201557278633118,True,0.111328125,1.35010448936373,0.13916016425355338,62.701171875,-0.7515746355056763,0.6478263735771179,2.9412553310394287,0.5771917700767517,1796,0.888671875
-0.1440429985523224,453,0.5644610698517849,2.424285747883862,True,0.5354293030881988,0.40231475529726596,0.9436095356941223,True,0.115234375,1.3909971360117197,0.14404299203306437,63.998046875,-0.7762887477874756,0.6725254058837891,2.7287869453430176,0.5995674729347229,1797,0.884765625
-0.2001952826976776,430,0.6876760464768077,3.219653748357019,True,0.6491194241268691,0.4941343246726319,1.0835214853286743,True,0.16015625,1.5446949787437916,0.20019527606200427,65.330078125,-0.9865759015083313,0.8542320132255554,3.7156600952148438,0.7418841123580933,1798,0.83984375
-0.1318359673023224,458,0.6123599766643808,2.5292363723813183,True,0.5820713807141416,0.40210929589811717,1.0064792037010193,True,0.10546875,1.3795499466359615,0.13183595606824383,62.314453125,-0.8152470588684082,0.7362284064292908,2.7844977378845215,0.6500657796859741,1799,0.89453125
-0.1513671875,450,0.4973865485191345,1.9498526838090682,True,0.47403629912270445,0.40390419512987136,0.8981876969337463,True,0.12109375,1.4579893108457327,0.15136718901339918,64.72265625,-0.6807692646980286,0.534190833568573,2.0862483978271484,0.5044184923171997,1800,0.87890625
-0.1245117112994194,461,0.541480366294141,2.388329785454558,True,0.5128791830027698,0.38752818561624736,0.9504777193069458,True,0.099609375,1.4584184549748898,0.1245117150247097,63.283203125,-0.7297820448875427,0.6689835786819458,2.8203370571136475,0.5714956521987915,1801,0.900390625
-0.11914066225290298,463,0.5811135382039502,2.798846069216471,True,0.5475962465190475,0.3920119253918528,0.9626916646957397,True,0.09375,1.60665849968791,0.1191406644647941,63.74609375,-0.7275101542472839,0.5533565282821655,2.9100723266601562,0.573520302772522,1802,0.904296875
-0.14648428559303284,452,0.5619508180998068,2.684667743412794,True,0.5298008694585445,0.42941635455936195,0.9846407771110535,True,0.1171875,1.720078207552433,0.14648428780492395,64.689453125,-0.7464642524719238,0.5504187345504761,2.927954912185669,0.5649164319038391,1803,0.8828125
-0.1293945610523224,459,0.6137316341883218,2.8844334157204057,True,0.5791894212397616,0.39022122193127873,0.901476263999939,True,0.103515625,1.610627867281437,0.1293945739744231,63.3125,-0.789420485496521,0.6220739483833313,3.16951584815979,0.622069776058197,1804,0.896484375
-0.18798822164535522,435,0.5082740897419809,2.3927418242925884,True,0.479620067210033,0.4507692071143538,0.8524956107139587,True,0.150390625,1.8456371501088142,0.18798822804819793,65.67578125,-0.7689011693000793,0.6902758479118347,2.682373285293579,0.5487903356552124,1805,0.849609375
-0.16113287210464478,446,0.5317542472762377,2.5890842980868083,True,0.5007489410483783,0.4686276771593839,1.0975657105445862,True,0.12890625,1.759633295238018,0.1611328671569936,65.400390625,-0.7459825277328491,0.6064977049827576,2.9378185272216797,0.5496682524681091,1806,0.87109375
-0.13427734375,457,0.5946822711623212,2.5585129018424637,True,0.5640430628470832,0.39187221466563643,0.8677803575992584,True,0.107421875,1.6807758808135986,0.13427734572906047,63.791015625,-0.7621445655822754,0.6265255212783813,2.7336957454681396,0.5951300859451294,1807,0.892578125
-0.1611327975988388,446,0.5573334621741632,2.462920387764148,True,0.5278390172885673,0.4209361076820642,0.8509132862091064,True,0.12890625,1.7924130335450172,0.16113279742421582,64.236328125,-0.7704155445098877,0.6172471642494202,2.751957893371582,0.5763269066810608,1808,0.87109375
-0.1313476860523224,458,0.5731465709782062,2.2151710284328874,True,0.5466190219966605,0.3835748981451616,0.8780484199523926,True,0.103515625,1.5323501378297806,0.13134770427132025,62.779296875,-0.770684003829956,0.7027119398117065,2.550457000732422,0.6087935566902161,1809,0.89453125
-0.12207041680812836,462,0.5807895895206567,2.513756715890133,True,0.5506863557931149,0.3909065233543515,0.9906612634658813,True,0.09765625,1.4140769597142935,0.12207042251247913,63.291015625,-0.7485322952270508,0.6123284101486206,2.850043535232544,0.5923316478729248,1810,0.90234375
-0.10742183029651642,468,0.5620792520861342,2.9089469919856796,True,0.5272434741003901,0.34689761174377054,0.8758747577667236,True,0.0859375,1.28601642139256,0.10742183832917362,62.337890625,-0.7025856971740723,0.5386571884155273,3.096676826477051,0.5580798387527466,1811,0.9140625
-0.1220703274011612,462,0.5918704753830318,2.705899020810148,True,0.5594662694961994,0.3617387493723072,0.9054608643054962,True,0.09765625,1.1715251505374908,0.12207031846628524,62.462890625,-0.7834851145744324,0.7019588947296143,2.9391160011291504,0.626217782497406,1812,0.90234375
-0.1049804762005806,469,0.5821400867469275,2.627594542147509,True,0.5506736054095124,0.3288027446484193,0.8026509284973145,True,0.083984375,1.2658414915204048,0.10498048306908458,61.970703125,-0.7145985960960388,0.5089448690414429,2.754732370376587,0.576629102230072,1813,0.916015625
-0.1318359375,458,0.6515962942198374,2.810086499655611,True,0.6179444006436777,0.3982638525078073,1.0012856721878052,True,0.10546875,1.3234156593680382,0.1318359329015948,62.376953125,-0.8231315016746521,0.631562352180481,3.178260326385498,0.6532347202301025,1814,0.89453125
-0.10986331105232239,467,0.5708529841976452,2.5611283911882694,True,0.5401824770188179,0.3727669595042244,0.9730731248855591,True,0.087890625,1.3657804504036903,0.10986331070307642,61.67578125,-0.7265149354934692,0.6246023178100586,2.767279624938965,0.5835124254226685,1815,0.912109375
-0.08105466514825821,479,0.596727717146744,2.6802954285528062,True,0.5646301329384765,0.3406149920774624,0.9635251760482788,True,0.06640625,1.3371058385819197,0.0810546641878318,60.802734375,-0.7028213739395142,0.4764956831932068,2.8168375492095947,0.58803391456604,1816,0.935546875
-0.1586913764476776,447,0.582594815916663,2.283989965515649,True,0.5552431370987988,0.41458163092611355,0.9022487998008728,True,0.126953125,1.508809681981802,0.15869138372363523,64.18359375,-0.7825875878334045,0.5947008728981018,2.503551483154297,0.5939151644706726,1817,0.873046875
-0.1025390625,470,0.52827620239968,2.7793759599645087,True,0.4949920990365617,0.3430885219830089,0.8551976978778839,True,0.08203125,1.3901983965188265,0.10253906185971573,62.6171875,-0.6614017486572266,0.4865407943725586,2.935882091522217,0.5237043499946594,1818,0.91796875
-0.0878906324505806,476,0.5035270988440314,2.495927944904616,True,0.4736373837755507,0.34969675700413066,0.9651586711406708,True,0.0703125,1.375487769022584,0.08789063221774995,62.564453125,-0.6216204762458801,0.4798974096775055,2.6764345169067383,0.5016785264015198,1819,0.9296875
-0.05078122764825821,491,0.5493603036748416,2.534730146470235,True,0.519005921610504,0.30992404479766267,1.0037547051906586,True,0.0390625,1.16783750616014,0.050781227080733515,60.001953125,-0.6179828643798828,0.4369800388813019,2.608471632003784,0.5359641313552856,1820,0.958984375
-0.1298828423023224,459,0.5535114008227205,2.616975294024337,True,0.5221720937809914,0.3744824064546265,0.9391130208969116,True,0.10546875,1.1355391591787338,0.129882842884399,62.373046875,-0.7220280170440674,0.564495325088501,2.8200738430023193,0.5583736896514893,1821,0.896484375
-0.07812494039535522,480,0.5831234375635783,2.583499852816264,True,0.5521850188573202,0.29516722534317524,0.847615659236908,True,0.0625,0.9503830457106233,0.0781249396968633,60.552734375,-0.6820075511932373,0.48647341132164,2.6513829231262207,0.5721312761306763,1822,0.9375
-0.09765629470348358,472,0.5746437230352629,2.465589838512873,True,0.5451173176199703,0.31191208412637933,0.815917044878006,True,0.078125,1.0214476566761732,0.09765629010507837,60.73046875,-0.7136836647987366,0.5793329477310181,2.63336181640625,0.5844918489456177,1823,0.921875
-0.09033209830522537,475,0.5376459343809831,2.546621931477597,True,0.5071491424660933,0.3176812883466482,0.8919373154640198,True,0.072265625,0.9792345724999905,0.09033209522021934,61.396484375,-0.6661420464515686,0.5113422870635986,2.7378334999084473,0.543023407459259,1824,0.927734375
-0.09277346730232239,474,0.562746980270756,2.637364325141102,True,0.5311634932892232,0.32227914293762294,0.8990291059017181,True,0.07421875,0.993997105397284,0.09277346421731636,61.181640625,-0.688555121421814,0.5131661295890808,2.858776092529297,0.5615466833114624,1825,0.92578125
-0.07568353414535522,481,0.6275906890568762,2.842701451446311,True,0.5935482165917537,0.30803298573009674,0.8878932297229767,True,0.060546875,1.0954160280525684,0.07568353682290763,61.333984375,-0.7201927304267883,0.5728952288627625,2.900348424911499,0.6097763776779175,1826,0.939453125
-0.08300784975290298,478,0.6281501132075258,2.8812365317444417,True,0.5936461758164681,0.32023159046657385,0.8973473906517029,True,0.06640625,1.1550851874053478,0.08300785126630217,61.115234375,-0.7476587295532227,0.5598849654197693,3.0670454502105713,0.6279218196868896,1827,0.93359375
-0.09277348220348358,474,0.5655055450990732,2.617709677933641,True,0.5341574466681178,0.34073839276097717,0.9345121383666992,True,0.07421875,1.221249457448721,0.09277349064359441,62.1328125,-0.6923806071281433,0.5235069394111633,2.8237056732177734,0.5657922029495239,1828,0.92578125
-0.0849609449505806,477,0.6033174815417836,2.620343739631541,True,0.5719378445633302,0.33270790586248045,0.9325345754623413,True,0.06640625,1.22480096668005,0.08496094221482053,62.8203125,-0.7217729091644287,0.5478765368461609,2.7731237411499023,0.6036027073860168,1829,0.931640625
-0.10986331850290298,467,0.6737776766242001,2.8759133795344094,True,0.6393374854287958,0.3590135967824608,0.9140186011791229,True,0.087890625,1.326931033283472,0.1098633233923465,62.021484375,-0.8136239051818848,0.5939090251922607,3.0166139602661133,0.667635440826416,1830,0.912109375
-0.09765615314245224,472,0.561131845086308,2.7581424389855336,True,0.5281019938194145,0.36317421931307764,0.9640783667564392,True,0.078125,1.454047754406929,0.09765615459764376,63.001953125,-0.6843599081039429,0.5408045053482056,2.8309521675109863,0.5528018474578857,1831,0.921875
-0.0947265774011612,473,0.5583870706422132,2.3459223032501737,True,0.530293722296366,0.3562961114803329,0.9842139482498169,True,0.07421875,1.294534832239151,0.09472657786682248,62.849609375,-0.6962360143661499,0.6044668555259705,2.5085408687591553,0.571468710899353,1832,0.923828125
-0.0927734375,474,0.5751847863700319,2.622099053507615,True,0.5437841422950165,0.33508525281213225,0.9023720622062683,True,0.07421875,1.236748043447733,0.09277343741268851,61.67578125,-0.6953834295272827,0.5477611422538757,2.705850601196289,0.5702064037322998,1833,0.92578125
-0.10009763389825821,471,0.6114955755808803,2.649520071701892,True,0.5797665414663384,0.38274168126517905,1.0760540068149567,True,0.080078125,1.3486649114638567,0.10009763389825821,61.77734375,-0.7331188917160034,0.5203918814659119,2.794187068939209,0.5995597839355469,1834,0.919921875
-0.10546880215406418,469,0.6041891121152622,3.0129450307980274,True,0.56810790961231,0.3677670845296234,0.9677882790565491,True,0.0859375,1.3748124353587627,0.10546880567562766,62.203125,-0.7395740747451782,0.5514581799507141,3.149181365966797,0.5963925719261169,1835,0.916015625
-0.09033210575580597,475,0.5730286047333164,2.6728113987571316,True,0.5410206311627438,0.3602457854780369,1.0248289704322815,True,0.072265625,1.2989575173705816,0.09033211279893294,61.53515625,-0.6946412324905396,0.5373217463493347,2.8288002014160156,0.5704331994056702,1836,0.927734375
-0.0976562350988388,472,0.5940575862334947,2.8956596406839656,True,0.559380913184861,0.3533974911319092,0.9783820509910583,True,0.078125,1.20129687897861,0.09765623597195372,61.712890625,-0.7096925973892212,0.5475144982337952,2.9110231399536133,0.5771757364273071,1837,0.921875
-0.1098632961511612,467,0.6808327536000942,3.113889201805475,True,0.6435427225376349,0.3594750503427349,0.9354848265647888,True,0.087890625,1.2502956856042147,0.1098633007495664,61.244140625,-0.81644606590271,0.6000672578811646,3.23779296875,0.6678089499473572,1838,0.912109375
-0.1171875,464,0.5432281000860806,2.4753030415239006,True,0.5135853824944331,0.357847333047539,0.8832992315292358,True,0.09375,1.2799996752291918,0.11718750017462298,61.701171875,-0.6836841106414795,0.49316173791885376,2.58331561088562,0.5355603694915771,1839,0.90625
-0.10693361610174179,468,0.6207472116519244,2.7972332330850453,True,0.58724923673858,0.38186517342692244,1.0610805749893188,True,0.083984375,1.2543087471276522,0.10693362029269338,61.705078125,-0.7685501575469971,0.6401712894439697,2.920729160308838,0.626639723777771,1840,0.9140625
-0.11474615335464478,465,0.5639365743565302,2.5113390438018306,True,0.5338622986629444,0.3524956859881058,0.8554697930812836,True,0.091796875,1.3331115487962961,0.11474614881444722,61.767578125,-0.7166727781295776,0.5396458506584167,2.638712167739868,0.5703270435333252,1841,0.908203125
-0.1459961086511612,452,0.5762979915711732,2.1927007173014954,True,0.5500395374487986,0.4010253358166665,0.9373000860214233,True,0.115234375,1.3513842094689608,0.14599610556615517,62.439453125,-0.7684789896011353,0.5977628827095032,2.3902978897094727,0.5938581228256226,1842,0.8828125
-0.13916020095348358,455,0.6020823179365514,2.4812743134550996,True,0.5723680961918045,0.39546369437593965,0.965291291475296,True,0.111328125,1.2649047020822763,0.13916019967291504,61.935546875,-0.7951700687408447,0.6284360885620117,2.6970345973968506,0.623711884021759,1843,0.888671875
-0.14160165190696716,454,0.5685560393438466,2.300681099492548,True,0.5410044847080887,0.3818406899692491,0.8828284442424774,True,0.11328125,1.2734671011567116,0.14160164393251762,62.529296875,-0.7579339742660522,0.5920082330703735,2.4528939723968506,0.5869580507278442,1844,0.88671875
-0.11474616080522537,465,0.5443143603622272,2.0054175787074593,True,0.5202987032551919,0.37188719717087226,0.9790628850460052,True,0.091796875,1.2265690742060542,0.11474616511259228,62.6796875,-0.7101982831954956,0.6185539364814758,2.181403160095215,0.569329023361206,1845,0.908203125
-0.10253903269767761,470,0.6445320880159419,2.5851760265675,True,0.6135735935353218,0.32875720458105206,0.8351822197437286,True,0.08203125,1.1836345940828323,0.10253902958356775,62.66796875,-0.773776650428772,0.5613124370574951,2.68408203125,0.6390947103500366,1846,0.91796875
-0.11474606394767761,465,0.605039959248676,2.8513416346683296,True,0.570894024064464,0.35584498922107743,0.8734740018844604,True,0.091796875,1.3280823696404696,0.11474606965202838,63.02734375,-0.7519146203994751,0.603996992111206,2.98860502243042,0.6013787984848022,1847,0.908203125
-0.1123046875,466,0.5903191369490562,2.399610090665039,True,0.561582864098283,0.34226145286811516,0.8271609246730804,True,0.08984375,1.290491670370102,0.11230468301801011,63.400390625,-0.7297662496566772,0.5794306397438049,2.55856990814209,0.5868216753005981,1848,0.91015625
-0.09960942715406418,471,0.5500226115724842,2.4733694748767117,True,0.5204030344314129,0.3735914576333016,1.0320310592651367,True,0.078125,1.3515163883566856,0.09960942680481821,63.08984375,-0.6712345480918884,0.4731362462043762,2.5898983478546143,0.5406100749969482,1849,0.919921875
-0.10498044639825821,469,0.5501583149946575,2.5784551670302203,True,0.5192803017366161,0.3654409420443699,0.9706956744194031,True,0.083984375,1.3264273554086685,0.10498043824918568,63.681640625,-0.6929962635040283,0.5481780171394348,2.8423268795013428,0.5539778470993042,1850,0.916015625
-0.0708007663488388,483,0.5589703315286656,2.4513085145140776,True,0.5296149598145338,0.3053169773309492,0.8831056356430054,True,0.056640625,1.1579017378389835,0.07080076221609488,62.287109375,-0.6487497687339783,0.46008068323135376,2.5784244537353516,0.5470713376998901,1851,0.943359375
-0.0830078125,478,0.6548593640327453,2.5231245551647996,True,0.6246439452949428,0.3305878004408441,0.9226420819759369,True,0.06640625,1.2610314283519983,0.08300781191792339,63.076171875,-0.7584050893783569,0.6210386157035828,2.615738868713379,0.6440727710723877,1852,0.93359375
-0.1025390774011612,470,0.5882853406540892,2.815552971718159,True,0.5545680030863336,0.33791306673083454,0.8596163988113403,True,0.08203125,1.269014298915863,0.10253907018341124,62.5234375,-0.7138803601264954,0.5294373035430908,3.001220226287842,0.5754005312919617,1853,0.91796875
-0.07324214279651642,482,0.6085562295438838,2.3993895063756416,True,0.5798225946940821,0.29400854766136036,0.8150977492332458,True,0.05859375,1.1549369562417269,0.07324214978143573,61.28125,-0.7035449743270874,0.5104634165763855,2.506655216217041,0.6002846360206604,1854,0.94140625
-0.07080066204071045,483,0.5712899653314311,2.90294178968631,True,0.5365260827121774,0.3129884918686002,0.9214121401309967,True,0.056640625,1.1581079550087452,0.07080066337948665,62.083984375,-0.6626256704330444,0.4472326934337616,3.026526927947998,0.5555810332298279,1855,0.943359375
-0.07080081105232239,483,0.6985069847131615,3.1898668056689434,True,0.6603070722418543,0.30791051054839047,0.9008326828479767,True,0.056640625,1.1388633735477924,0.07080080453306437,60.11328125,-0.8017629384994507,0.6235576868057251,3.3377299308776855,0.6909915208816528,1856,0.943359375
-0.1171874850988388,464,0.5586410966412774,2.464910096135633,True,0.5291228294372559,0.3605193533701822,0.8907321989536285,True,0.09375,1.3037086892873049,0.11718747881241143,62.82421875,-0.7096604108810425,0.5582311749458313,2.5882725715637207,0.5614773631095886,1857,0.90625
-0.05859372764825821,488,0.6342822723701352,2.906589926266279,True,0.5994747173590739,0.2839488093857654,0.8256887793540955,True,0.046875,1.2043465413153172,0.05859372499980964,60.73828125,-0.7091224789619446,0.5735889673233032,2.9672982692718506,0.6149941682815552,1858,0.953125
-0.0688476413488388,484,0.6044938879564774,2.6780998391553394,True,0.5724225970339183,0.3245862230542116,0.9607373178005219,True,0.056640625,1.2718223165720701,0.0688476421055384,60.08984375,-0.6975585222244263,0.5122760534286499,2.8020448684692383,0.5951553583145142,1859,0.9453125
-0.10791023075580597,468,0.6440061078621792,3.0013719552602525,True,0.6080634922553332,0.34929701550863684,0.8846685886383057,True,0.087890625,1.2890613488852978,0.1079102274379693,61.814453125,-0.7830859422683716,0.6070858240127563,3.0790295600891113,0.638303279876709,1860,0.9140625
-0.087890625,476,0.6353543380729291,2.902627271764419,True,0.6005942475895922,0.3293710875324905,0.9205037951469421,True,0.0703125,1.1475941091775894,0.08789062229334377,59.703125,-0.7493859529495239,0.5488421320915222,3.1126482486724854,0.624220073223114,1861,0.9296875
-0.08056648075580597,479,0.5656344432049354,2.4861390204917417,True,0.5358619425515788,0.32158041973598306,0.9359453022480011,True,0.064453125,1.0764975938946009,0.08056647895136848,59.384765625,-0.6696037650108337,0.5160332918167114,2.594369649887085,0.55796879529953,1862,0.935546875
-0.043945327401161194,494,0.5745209677499314,2.3486841048306304,True,0.5463945516931865,0.27940321972128,0.9414939880371094,True,0.03515625,0.9431819263845682,0.04394532414153218,57.5859375,-0.6306876540184021,0.3998270630836487,2.4108800888061523,0.5578711032867432,1863,0.96484375
-0.05810544639825821,488,0.5456200838088989,2.690378294616449,True,0.5134017658038217,0.2909746907535009,0.9066464006900787,True,0.044921875,1.030799075961113,0.058105455129407346,58.513671875,-0.6229081153869629,0.4388495087623596,2.7985634803771973,0.531288743019104,1864,0.953125
-0.078125,480,0.5306746224562328,2.301664034525553,True,0.5031112869580587,0.38341566774761304,1.2215566635131836,True,0.0625,1.2195867523550987,0.07812499543069862,59.966796875,-0.6293120384216309,0.4398946166038513,2.4190335273742676,0.5222181677818298,1865,0.9375
-0.08544924855232239,477,0.5184489881592477,2.4018086832274435,True,0.48968638264158243,0.3369018753990531,0.9278417527675629,True,0.068359375,1.3176854271441698,0.0854492518119514,60.423828125,-0.6328966021537781,0.46632876992225647,2.5533690452575684,0.5168697834014893,1866,0.931640625
-0.07080083340406418,483,0.6442479403616233,2.9153848365720516,True,0.6093350794497978,0.32823395382147286,0.9624985158443451,True,0.056640625,1.2986683174967766,0.0708008335204795,60.677734375,-0.7417868375778198,0.5705097317695618,3.0812501907348633,0.6340868473052979,1867,0.943359375
-0.0903320163488388,475,0.5729415236021344,2.592007187291195,True,0.54190122817692,0.3532042770413682,0.9436941742897034,True,0.072265625,1.482668500393629,0.09033201483543962,62.078125,-0.687164306640625,0.4882509708404541,2.721890449523926,0.5642366409301758,1868,0.927734375
-0.0903320461511612,475,0.5675829719242296,2.9536902728833656,True,0.5322113720366829,0.34077092919033025,0.9033974409103394,True,0.072265625,1.3951877132058144,0.09033205325249583,61.51953125,-0.6835875511169434,0.4995863735675812,3.0476224422454834,0.5567589998245239,1869,0.927734375
-0.10986333340406418,467,0.5943935276737049,2.362161023713792,True,0.5661057298265126,0.35562504669651385,0.8688630759716034,True,0.087890625,1.4397820569574833,0.10986332618631423,62.857421875,-0.7226433753967285,0.514422595500946,2.4829061031341553,0.5830462574958801,1870,0.912109375
-0.06591801345348358,485,0.5663589134658735,2.6093950071900163,True,0.5351103831812278,0.3029806945240125,0.874958723783493,True,0.052734375,1.2414188031107187,0.06591801007743925,62.03125,-0.6432527303695679,0.47304704785346985,2.670605182647705,0.5453532934188843,1871,0.947265625
-0.08056643605232239,479,0.6640725173133897,3.078053371393606,True,0.6272116205139797,0.3115285618812777,0.8498745560646057,True,0.064453125,1.2197442650794983,0.08056643715826795,61.748046875,-0.773525059223175,0.569290041923523,3.191251039505005,0.6547421813011169,1872,0.935546875
-0.1074218824505806,468,0.6121042327493684,2.406008164087931,True,0.5832913459366204,0.3455024778260849,0.8563377559185028,True,0.0859375,1.3362607965245843,0.1074218867579475,62.125,-0.7435638904571533,0.5714156627655029,2.5587058067321777,0.6055005192756653,1873,0.9140625
-0.1318359673023224,458,0.5568160529219948,2.278152677169533,True,0.5295342886291737,0.4084186292951927,1.0310606360435486,True,0.10546875,1.4074105713516474,0.131835971144028,63.166015625,-0.7414940595626831,0.6739994883537292,2.469308853149414,0.5800871849060059,1874,0.89453125
-0.1411132663488388,454,0.5877450003497927,2.198037815776691,True,0.5614226274028224,0.39863900947384534,0.9506663978099823,True,0.111328125,1.3478492740541697,0.1411132657667622,63.58984375,-0.7802122831344604,0.6437275409698486,2.388883113861084,0.6104912161827087,1875,0.88671875
-0.1538086086511612,449,0.6126529326152163,2.58128043511397,True,0.5817410763361406,0.4118787274492206,0.9310069680213928,True,0.123046875,1.4373744744807482,0.15380860739969648,64.244140625,-0.798956036567688,0.5791672468185425,2.8127400875091553,0.6114637851715088,1876,0.876953125
-0.15869145095348358,447,0.49484525604269386,2.2682362152159343,True,0.4676822405266815,0.44135136051336304,1.0304904580116272,True,0.126953125,1.531236281618476,0.1586914531653747,64.5625,-0.681999146938324,0.5208360552787781,2.453378677368164,0.493927538394928,1877,0.873046875
-0.1660155951976776,444,0.5548156768352063,2.253333480508478,True,0.527831118386071,0.4499053642852232,1.001278281211853,True,0.1328125,1.6726822052150965,0.16601559496484697,64.869140625,-0.759078323841095,0.6096276640892029,2.44394588470459,0.5637954473495483,1878,0.8671875
-0.2197265326976776,422,0.6600193192043574,2.998019053472727,True,0.6241168817637656,0.49916051668114964,0.951287031173706,True,0.17578125,1.783531490713358,0.21972653327975422,65.30078125,-0.9217090010643005,0.8317700624465942,3.229430675506592,0.6633087396621704,1879,0.82421875
-0.25341796875,408,0.5639062231662226,2.3293554876364917,True,0.5360112821354586,0.5386141032213345,0.9193985164165497,True,0.201171875,2.0263287825509906,0.2534179569920525,66.78515625,-0.9055523872375488,0.7800592184066772,2.658482551574707,0.6202980279922485,1880,0.796875
-0.21972665190696716,422,0.5721538453870476,2.395856177637363,True,0.5434625195383461,0.537440351000987,1.123001754283905,True,0.17578125,1.8622668720781803,0.21972665190696716,65.595703125,-0.8632749915122986,0.6996042132377625,2.690809965133667,0.6113249063491821,1881,0.82421875
-0.1928710639476776,433,0.5287055600322697,2.494450962020398,True,0.49883351893127653,0.49077639188617467,1.0105467736721039,True,0.154296875,1.9159192256629467,0.192871073493734,64.736328125,-0.7700967788696289,0.5966913104057312,2.666510581970215,0.5452932119369507,1882,0.845703125
-0.1855469048023224,436,0.5307683277567592,2.1342977722850414,True,0.5052092860051252,0.4687541353516281,0.9308179318904877,True,0.1484375,1.9408726952970028,0.1855469128349796,64.25390625,-0.7634444832801819,0.6102880239486694,2.3043527603149414,0.5503020882606506,1883,0.8515625
-0.1928711086511612,433,0.5944565436856576,2.6821485909248333,True,0.5623367490724384,0.48657761299982666,0.9931632280349731,True,0.154296875,1.9014770351350307,0.19287111307494342,63.955078125,-0.8401061296463013,0.6951298713684082,2.8728508949279785,0.6128314733505249,1884,0.845703125
-0.2050781100988388,428,0.6052757969526488,2.814689016787805,True,0.5715687890476155,0.48775801951996983,0.9489238858222961,True,0.1640625,1.8579024784266949,0.20507811603602022,64.03515625,-0.8548673987388611,0.6629114151000977,3.0396547317504883,0.613388180732727,1885,0.8359375
-0.18310546875,437,0.6085113407681683,2.535524509591424,True,0.5781474408077704,0.4676846869057044,0.9376634955406189,True,0.146484375,1.9409301728010178,0.18310547614237294,64.185546875,-0.8486403226852417,0.6935245394706726,2.7972865104675293,0.6320362091064453,1886,0.853515625
-0.22021479904651642,422,0.5615783878977265,2.3808642744453032,True,0.5330666100244387,0.5225680520990863,0.9806825816631317,True,0.177734375,2.124334290623665,0.22021482209675014,64.53515625,-0.8361963033676147,0.6670514345169067,2.7847437858581543,0.5826331377029419,1887,0.82421875
-0.1831054538488388,437,0.5632969288313143,2.651046750201786,True,0.5315496070434081,0.4344723172252998,0.7982246577739716,True,0.146484375,1.834438607096672,0.18310545396525413,63.626953125,-0.7878726720809937,0.6317738890647888,2.761929512023926,0.5716919898986816,1888,0.853515625
-0.1655273288488388,444,0.5802848529708278,2.4214385651253365,True,0.5512871672441294,0.430981126637198,0.8801679611206055,True,0.130859375,1.7884039711207151,0.16552733280695975,63.228515625,-0.7877480983734131,0.6239636540412903,2.670738697052002,0.5902376174926758,1889,0.8671875
-0.1586914360523224,447,0.5903316322855768,2.7941218665248866,True,0.5568709254798208,0.43729251150507475,0.9678212404251099,True,0.126953125,1.7007367201149464,0.15869142499286681,62.17578125,-0.7852681875228882,0.5811666250228882,2.9468259811401367,0.59128737449646,1890,0.873046875
-0.2294922173023224,418,0.5176202623467695,2.0338733390187533,True,0.4932638209972656,0.49111812056507914,0.8516634404659271,True,0.18359375,1.8258644584566355,0.22949220950249583,63.7421875,-0.8069087862968445,0.6635509729385376,2.3936448097229004,0.548751711845398,1891,0.81640625
-0.19531244039535522,432,0.5629741924780387,2.6838832431369357,True,0.5308336328577112,0.47606914048083127,0.9513543546199799,True,0.15625,1.8097164444625378,0.19531244575046003,63.810546875,-0.8113657236099243,0.6496643424034119,2.8869192600250244,0.5814811587333679,1892,0.84375
-0.1831054836511612,437,0.5562528180857818,2.254074195429717,True,0.5292594007278197,0.4489281005691737,0.8597067594528198,True,0.146484375,1.8776252456009388,0.18310548266163096,63.046875,-0.7849804162979126,0.6233541965484619,2.4752094745635986,0.5722333192825317,1893,0.853515625
-0.1977538764476776,431,0.6069053321592769,2.359775705846446,True,0.5786460939526835,0.4878880953416228,0.9959695041179657,True,0.158203125,1.8188061565160751,0.19775388564448804,63.609375,-0.8720660209655762,0.7403189539909363,2.7347018718719482,0.6415629982948303,1894,0.841796875
-0.2319335639476776,417,0.6778483548038582,2.9734821342449966,True,0.6422397328509415,0.5119171935599297,0.9426707327365875,True,0.185546875,1.8289897087961435,0.2319335593492724,63.603515625,-0.9630372524261475,0.7389618754386902,3.2207274436950684,0.6925341486930847,1895,0.814453125
-0.16357427835464478,445,0.653794715645608,3.4618874903475305,True,0.6123372373955974,0.4078804876189679,0.7981957495212555,True,0.130859375,1.6933409236371517,0.16357429028721526,61.9140625,-0.8607684373855591,0.6185122728347778,3.630079746246338,0.6537225246429443,1896,0.869140625
-0.24658198654651642,411,0.6570176982531581,2.7236746575710544,True,0.6244006387508699,0.5141098212916404,0.9070424735546112,True,0.197265625,1.7223864942789078,0.24658200016710907,64.6484375,-0.9478011131286621,0.7248595356941223,3.0952439308166504,0.6641522645950317,1897,0.802734375
-0.2148437798023224,424,0.4812767404430317,2.1240024139296327,True,0.455840972234618,0.5075572976376861,1.0402957201004028,True,0.171875,1.6930877082049847,0.2148437659488991,64.279296875,-0.746097981929779,0.6225678324699402,2.3044514656066895,0.5036575198173523,1898,0.828125
-0.21484380960464478,424,0.591305026468241,2.6495632585489526,True,0.5595754756117767,0.4948352111969143,0.9575724601745605,True,0.171875,1.7695385329425335,0.21484378987224773,63.470703125,-0.8697006702423096,0.6982461810112,3.0038068294525146,0.6188852190971375,1899,0.828125
-0.1630859225988388,445,0.5648330432645391,2.3093325555994273,True,0.5371778717201748,0.4325223161606118,0.8753966391086578,True,0.12890625,1.8871411941945553,0.16308592539280653,63.015625,-0.769748330116272,0.5811223387718201,2.482150077819824,0.5769376754760742,1900,0.869140625
-0.12939447164535522,459,0.6868899230863534,2.646777592323445,True,0.6551937301823776,0.3793848075903952,0.8379670083522797,True,0.103515625,1.6479386538267136,0.1293944709468633,60.58984375,-0.8568992018699646,0.6783889532089233,2.8111140727996826,0.693840503692627,1901,0.896484375
-0.1616210788488388,446,0.5896471589135482,2.837323875170652,True,0.555669087732854,0.41811711145564917,0.8813435137271881,True,0.130859375,1.6045464910566807,0.1616210809443146,62.119140625,-0.7954143285751343,0.6209362745285034,3.075279712677002,0.5969656109809875,1902,0.87109375
-0.1953125,432,0.5539821761625785,2.1157220690338696,True,0.5286455728389597,0.4399629047838971,0.8066791296005249,True,0.15625,1.66629171743989,0.19531249231658876,64.15234375,-0.8015604615211487,0.6385743021965027,2.3815243244171143,0.577728271484375,1903,0.84375
-0.185546875,436,0.5831996470416358,2.6290925117807658,True,0.5517152192395763,0.45178104310762135,0.9592858254909515,True,0.1484375,1.4875401128083467,0.18554687348660082,63.51953125,-0.8225497007369995,0.6759451031684875,2.8903627395629883,0.6023895740509033,1904,0.8515625
-0.1269531548023224,460,0.5263797824797424,2.520248162228128,True,0.49619881536649624,0.3874912208644673,0.9039932787418365,True,0.1015625,1.5947881508618593,0.12695315439486876,63.046875,-0.6984129548072815,0.5758110880851746,2.682058811187744,0.5393410921096802,1905,0.8984375
-0.12939459085464478,459,0.5448758109981977,2.3577090379719126,True,0.5166413224340785,0.4126125358976424,0.9890187084674835,True,0.103515625,1.7082843221724033,0.12939457746688277,62.818359375,-0.7176735401153564,0.5784380435943604,2.5967886447906494,0.5571814775466919,1906,0.896484375
-0.1684570014476776,443,0.5474547973873921,2.458604990225075,True,0.5180120333591918,0.43643716161604973,0.9280402660369873,True,0.134765625,1.6474420931190252,0.16845700272824615,63.95703125,-0.7773724794387817,0.6631985902786255,2.670264720916748,0.5769380331039429,1907,0.865234375
-0.1708984076976776,442,0.6279641014957861,2.8890841573611654,True,0.593366190723704,0.45635703965090213,0.9953673481941223,True,0.13671875,1.727703420445323,0.1708983948919922,63.99609375,-0.8348255157470703,0.6245237588882446,3.0790185928344727,0.6270546317100525,1908,0.86328125
-0.1494140625,451,0.5949253624928765,2.728380824932766,True,0.5622519430458679,0.4182058597682044,0.9687135219573975,True,0.12109375,1.500981805846095,0.14941406541038305,62.92578125,-0.7724266052246094,0.5714609026908875,2.9263367652893066,0.5879685282707214,1909,0.880859375
-0.18066400289535522,438,0.6238970135989255,2.4694126370834977,True,0.594324814130182,0.4403524697059765,0.9013215005397797,True,0.14453125,1.5884834341704845,0.18066399404779077,64.27734375,-0.8515185117721558,0.676979124546051,2.749476194381714,0.6379283666610718,1910,0.85546875
-0.15380853414535522,449,0.5648574572894515,2.342563778892126,True,0.5368043337606375,0.4209035181207582,0.9076601564884186,True,0.123046875,1.711258802562952,0.15380854724207893,64.115234375,-0.7602364420890808,0.5951846241950989,2.5251853466033936,0.5761877298355103,1911,0.876953125
-0.2290038764476776,418,0.5995439797212062,2.7126718331752206,True,0.5670586661858992,0.5066211335593834,0.9272134602069855,True,0.181640625,1.8434910401701927,0.22900388995185494,66.224609375,-0.8676836490631104,0.6584764122962952,2.924898624420166,0.6036528944969177,1912,0.81640625
-0.2041015625,428,0.5676873535196357,2.099060575538706,True,0.5425502777656661,0.5003560838056729,0.9731555879116058,True,0.16015625,2.0324681382626295,0.2041015537979547,64.53125,-0.8343126773834229,0.6618581414222717,2.503782272338867,0.6002272963523865,1913,0.8359375
-0.2270507514476776,419,0.5875563422364665,2.734598284974019,True,0.5548084472130479,0.5125182757154108,0.92782923579216,True,0.181640625,1.998033281415701,0.22705076215788722,65.638671875,-0.8853025436401367,0.7272163033485413,2.993138313293457,0.6224077939987183,1914,0.818359375
-0.1782226264476776,439,0.5924425275830854,2.6988707973636634,True,0.5601225150473298,0.46646131307352334,0.977223664522171,True,0.142578125,1.8558789202943444,0.17822263110429049,64.861328125,-0.8196748495101929,0.6274159550666809,2.867969274520874,0.6071071624755859,1915,0.857421875
-0.2416992336511612,413,0.6846425159502836,3.3862050722644064,True,0.644091376380828,0.5068075334653258,0.8384333848953247,True,0.193359375,1.9484321922063828,0.24169924430316314,66.24609375,-0.9750219583511353,0.6986541152000427,3.7542548179626465,0.6883640289306641,1916,0.806640625
-0.2343750149011612,416,0.6040950188269982,2.508307997996991,True,0.5740570425987244,0.5148863461334259,0.9168847799301147,True,0.1875,1.942687563598156,0.23437501129228622,66.052734375,-0.906427264213562,0.7013704180717468,2.881627082824707,0.6375436782836914,1917,0.8125
-0.2050780951976776,428,0.6640431635847714,2.480787402001497,True,0.634334742465866,0.4718657785793766,0.8849822282791138,True,0.1640625,1.7958248183131218,0.2050780860008672,63.990234375,-0.9183164834976196,0.736361563205719,2.764986753463745,0.6801266074180603,1918,0.8359375
-0.1909179836511612,434,0.5521729098212335,2.7813766964020274,True,0.5188648379343446,0.4838272058404982,0.9706506133079529,True,0.154296875,1.9755819160491228,0.1909179850772489,64.390625,-0.8105303645133972,0.653861939907074,2.9909133911132812,0.5837950706481934,1919,0.84765625
-0.18310542404651642,437,0.5988264327327502,2.302108573695342,True,0.57125779918184,0.4521800849586725,0.8784335255622864,True,0.146484375,1.8677589669823647,0.183105428237468,64.048828125,-0.8335102200508118,0.6417691111564636,2.5481247901916504,0.6198899745941162,1920,0.853515625
-0.181640625,436,0.5925289129992145,2.5084149881240427,True,0.562489652305568,0.4552890601800755,0.8416338860988617,True,0.1328125,2.1064335368573666,0.18164060509297997,63.921875,-0.8291791677474976,0.6560391783714294,2.77307391166687,0.6143298745155334,1921,0.8515625
-0.2734375,400,0.6356558942794801,2.8377675342559816,True,0.6016725182533263,0.5632854033727199,0.9308830797672272,True,0.21875,2.073425844311714,0.27343749278225005,66.298828125,-0.9962610006332397,0.7869900465011597,3.102638006210327,0.6856681704521179,1922,0.78125
-0.2514648139476776,409,0.5886028340509876,2.5056522906846697,True,0.5585966665470805,0.5457150607369841,0.9613951444625854,True,0.201171875,2.0394242107868195,0.25146481790579855,66.71875,-0.9116616249084473,0.7001569867134094,2.9905731678009033,0.6243835091590881,1923,0.798828125
-0.1977538913488388,431,0.5614632094265966,2.7639699679239724,True,0.528363585472107,0.48547929171472787,0.944354772567749,True,0.158203125,1.9770890064537525,0.19775388843845576,63.849609375,-0.8142641186714172,0.6411250233650208,3.0722646713256836,0.5797185897827148,1924,0.841796875
-0.224609375,420,0.5553066006728581,2.3551681348255706,True,0.5271025515737987,0.5003152096178383,0.8542685210704803,True,0.1796875,2.0970422215759754,0.22460938920266926,65.19921875,-0.8340781927108765,0.6486524939537048,2.6312718391418457,0.577958345413208,1925,0.8203125
-0.2392578423023224,414,0.651245493531803,3.107707232092889,True,0.6140294619228529,0.5223611040972174,0.8897677958011627,True,0.19140625,2.102994132786989,0.23925783392041922,66.509765625,-0.9389586448669434,0.6731006503105164,3.276723861694336,0.6604608297348022,1926,0.80859375
-0.3105469048023224,385,0.5897736707291046,2.682772672331178,True,0.5576464042261048,0.6062342619756237,0.892887532711029,True,0.25,2.3421969786286354,0.31054690666496754,68.255859375,-0.9893195629119873,0.7620753049850464,3.0932464599609375,0.6417298316955566,1927,0.751953125
-0.2050780951976776,428,0.684532362724019,3.1038622544190595,True,0.6473623770419682,0.4886490310542285,0.9575571417808533,True,0.1640625,1.8411903250962496,0.20507808815455064,64.37109375,-0.9498320817947388,0.7383744716644287,3.514000177383423,0.7026724219322205,1928,0.8359375
-0.29052734375,393,0.5740369979965172,2.532807591003923,True,0.5437056480624901,0.5884363113436848,0.9455795586109161,True,0.232421875,2.175861317664385,0.290527337230742,66.505859375,-0.9300161600112915,0.7027316093444824,3.034466505050659,0.6031498908996582,1929,0.767578125
-0.2412109375,413,0.6701940983606021,2.8621524569486017,True,0.6359187161085392,0.515521268825978,0.8598656952381134,True,0.19140625,2.0467438250780106,0.24121093621943146,65.544921875,-0.9712786674499512,0.7241025567054749,3.1580793857574463,0.6922484636306763,1930,0.806640625
-0.2314453125,417,0.5507561784568166,2.0483577657374834,True,0.5262262789751414,0.475424422044307,0.7078508734703064,True,0.18359375,2.0481787212193012,0.23144531017169356,66.408203125,-0.8505876064300537,0.7173826098442078,2.615631103515625,0.5878190994262695,1931,0.814453125
-0.2636718451976776,404,0.6067004661158758,2.4789189442549606,True,0.5770144371112974,0.5527864475501701,0.8787280023097992,True,0.2109375,2.2673799470067024,0.2636718442081474,65.662109375,-0.9386640787124634,0.7102059125900269,2.8360698223114014,0.6410291790962219,1932,0.7890625
-0.2246093451976776,420,0.5696618738628569,2.809709903172085,True,0.5360145040920803,0.5107291947584599,0.8814484179019928,True,0.1796875,2.1966036297380924,0.2246093270368874,64.17578125,-0.8520572185516357,0.6677566766738892,3.089921236038208,0.590444803237915,1933,0.8203125
-0.1875,435,0.5642105798611696,2.4821491901901953,True,0.5344858657354596,0.4582393599208444,0.8594988584518433,True,0.1484375,1.976791499182582,0.1875000107102096,63.349609375,-0.805387020111084,0.6464707255363464,2.799168109893799,0.5843659043312073,1934,0.849609375
-0.1953125,432,0.5690061582459344,2.523108447039569,True,0.5387909434459828,0.4678979583783075,0.9007084667682648,True,0.15625,1.8488750979304314,0.19531250814907253,62.3125,-0.8207637071609497,0.6390829086303711,2.83292818069458,0.5915257930755615,1935,0.84375
-0.14892578125,451,0.5534251851676043,2.392206146024548,True,0.5247775774837333,0.42850129331927744,0.9048138856887817,True,0.119140625,1.9722548499703407,0.14892577100545168,61.921875,-0.7486838102340698,0.6244361400604248,2.633129596710205,0.5682252645492554,1936,0.880859375
-0.1635741889476776,445,0.5881298398033956,2.9008147962977375,True,0.5533914547288017,0.42698259894968943,0.8812474310398102,True,0.130859375,1.7431786432862282,0.16357418015832081,61.61328125,-0.7909269332885742,0.5892083048820496,3.0853285789489746,0.5904046893119812,1937,0.869140625
-0.16357417404651642,445,0.6794336019607072,2.4720000240240205,True,0.6498304231113264,0.43738444480113686,0.9275042116641998,True,0.130859375,1.7661887109279633,0.1635741660138592,61.5390625,-0.8771935105323792,0.6663888692855835,2.730502128601074,0.680920422077179,1938,0.869140625
-0.1708984673023224,442,0.550612489697081,2.257628809812382,True,0.5235764993801377,0.44934624356683345,0.9278567731380463,True,0.13671875,1.8575286231935024,0.17089845519512892,62.599609375,-0.754375696182251,0.5621737837791443,2.5095014572143555,0.5534249544143677,1939,0.86328125
-0.14892572164535522,451,0.6174205100192728,3.012420555440391,True,0.5813455815590142,0.3966287133749574,0.827451229095459,True,0.119140625,1.6442547142505646,0.1489257294451818,61.99609375,-0.7926348447799683,0.5782119035720825,3.1242878437042236,0.6062945127487183,1940,0.880859375
-0.20019526779651642,430,0.5440577224243519,2.220338897926863,True,0.5174683052440022,0.47863061593379824,0.9117940962314606,True,0.16015625,1.9215307012200356,0.20019526133546606,63.908203125,-0.8006144762039185,0.6450284719467163,2.5077335834503174,0.5703880786895752,1941,0.83984375
-0.2119140625,425,0.5845088155129377,2.7834800835216744,True,0.5511755507132586,0.49663990580011164,0.942579448223114,True,0.16796875,1.9241990968585014,0.2119140578142833,63.97265625,-0.8512473702430725,0.6492035984992981,3.0214715003967285,0.6031500101089478,1942,0.830078125
-0.2490234375,410,0.6475980316720358,3.1061315850513735,True,0.6104008788015787,0.5437044832855463,0.9861616492271423,True,0.19921875,1.9489743914455175,0.24902343150461093,65.5703125,-0.9633712768554688,0.7270565629005432,3.4160730838775635,0.6734390258789062,1943,0.80078125
-0.2495117485523224,410,0.6612485974300198,3.345585452056513,True,0.6211839226687826,0.534101381804794,0.9148589074611664,True,0.201171875,2.0323570109903812,0.24951174948364496,65.826171875,-0.9652408957481384,0.7265959978103638,3.5756821632385254,0.6729090213775635,1944,0.80078125
-0.23681645095348358,415,0.6352849902876888,3.037602910650782,True,0.5989085078239441,0.5273306684568524,0.9644678831100464,True,0.189453125,1.9524132870137691,0.2368164244107902,65.50390625,-0.9244259595870972,0.6758909821510315,3.2698047161102295,0.6484524011611938,1945,0.810546875
-0.2221679985523224,421,0.6541613726887737,2.9458261753770913,True,0.6188839388714834,0.5088158904574812,0.9366061389446259,True,0.177734375,1.9865335635840893,0.2221679831854999,64.240234375,-0.9516835808753967,0.7452873587608337,3.272615671157837,0.6903247833251953,1946,0.822265625
-0.17578120529651642,440,0.6678215709599582,2.756371983614835,True,0.6348129380833019,0.4805615201592445,1.068881243467331,True,0.140625,1.8200814723968506,0.17578119618701749,63.0859375,-0.9058773517608643,0.7197880148887634,3.016995906829834,0.6939663887023926,1947,0.859375
-0.1928711086511612,433,0.7028508036296307,3.1481209241765753,True,0.6651508252697784,0.4927215081406757,0.9720101952552795,True,0.154296875,2.1089672446250916,0.1928711046348326,63.1484375,-0.9474397897720337,0.6985141634941101,3.41221022605896,0.7137061357498169,1948,0.845703125
-0.1391601711511612,455,0.5456313870110356,2.565091841299455,True,0.5149134117168384,0.4080970864510164,0.9263701438903809,True,0.111328125,1.6732577420771122,0.13916016893927008,60.806640625,-0.7126278877258301,0.5371719002723694,2.6971936225891113,0.5411677360534668,1949,0.888671875
-0.14404296875,453,0.5977247832363541,2.779582686508465,True,0.564438196470669,0.4001139155589044,0.8600412309169769,True,0.115234375,1.681254256516695,0.1440429554786533,61.580078125,-0.7765401005744934,0.5845012068748474,2.9455952644348145,0.5972224473953247,1950,0.884765625
-0.15380853414535522,449,0.5730663786884935,2.3835803251754997,True,0.5445220824206592,0.4135676173027605,0.8947496116161346,True,0.123046875,1.616182928904891,0.15380854858085513,62.197265625,-0.7799621820449829,0.6384766697883606,2.651791572570801,0.5943973064422607,1951,0.876953125
-0.13623052835464478,456,0.6284933132037783,2.784797582709998,True,0.5951442807389978,0.41025527109159154,0.9567725956439972,True,0.107421875,1.653404463082552,0.1362305280053988,60.265625,-0.7996944189071655,0.5926065444946289,2.986018180847168,0.6277052164077759,1952,0.890625
-0.10986325144767761,467,0.5417903216926647,2.4762775509975197,True,0.5121359234831319,0.38127740526106213,0.9403804838657379,True,0.087890625,1.6667612455785275,0.10986324382247403,60.376953125,-0.6868029832839966,0.5505270957946777,2.639451026916504,0.5453312397003174,1953,0.912109375
-0.08056638389825821,479,0.6108866753309404,2.7152020470832237,True,0.5783710593594886,0.330690263514407,0.8639929890632629,True,0.064453125,1.5465057790279388,0.08056637656409293,58.388671875,-0.7166876792907715,0.5202905535697937,2.7970011234283447,0.6026260852813721,1954,0.935546875
-0.1147460788488388,465,0.560009334612918,2.71299109561469,True,0.5275202012831165,0.39224307173863054,0.9691322445869446,True,0.091796875,1.6734108850359917,0.11474607832496986,60.7734375,-0.6998735666275024,0.5273191928863525,2.9027271270751953,0.5503661632537842,1955,0.908203125
-0.10742191225290298,468,0.5930522509619721,3.12953880098131,True,0.5555747887517651,0.35964128272607926,0.8666642308235168,True,0.0859375,1.577730443328619,0.10742191318422556,60.728515625,-0.723548173904419,0.5182204842567444,3.16341495513916,0.5782431960105896,1956,0.9140625
-0.11962892860174179,463,0.546463047840168,2.4998229034003634,True,0.5165266954615616,0.376232367719058,0.8902255594730377,True,0.095703125,1.5711664911359549,0.1196289291838184,62.0234375,-0.6974918842315674,0.5347777605056763,2.627359628677368,0.5463992953300476,1957,0.904296875
-0.0927734225988388,474,0.5496469693344856,2.5042030519573997,True,0.5196581533186546,0.35730611183098515,0.9569646716117859,True,0.07421875,1.4627950093708932,0.09277342748828232,61.20703125,-0.671609103679657,0.5053796768188477,2.6739821434020996,0.5468137264251709,1958,0.92578125
-0.1245117336511612,461,0.5802798272472142,2.6750312710015227,True,0.5482452842134199,0.3812604453763925,0.8835929334163666,True,0.099609375,1.6006023082882166,0.12451173970475793,61.767578125,-0.74329674243927,0.5746994018554688,2.8116416931152344,0.5851145386695862,1959,0.900390625
-0.1757812649011612,440,0.598827483437278,2.499430771307512,True,0.5688958113843745,0.42770272970665246,0.8429144322872162,True,0.140625,1.6667716018855572,0.17578126210719347,63.640625,-0.8149847388267517,0.6278812289237976,2.7587175369262695,0.6061667203903198,1960,0.859375
-0.13427725434303284,457,0.5768065228243103,2.6042041663789646,True,0.5456201593255058,0.3892869262257591,0.8942505419254303,True,0.107421875,1.5231911204755306,0.13427726129884832,62.689453125,-0.7357919216156006,0.5278261303901672,2.804945707321167,0.5679242610931396,1961,0.892578125
-0.12451174855232239,461,0.6239228227262641,2.79902399310321,True,0.5904034207415426,0.388123862631619,0.940261572599411,True,0.099609375,1.5111958123743534,0.12451175507158041,62.708984375,-0.7833921313285828,0.6422410011291504,2.9164347648620605,0.6239550113677979,1962,0.900390625
-0.08056638389825821,479,0.543728620747186,2.5086588324485093,True,0.5136864410561658,0.3517199902329594,0.9841656386852264,True,0.064453125,1.4864095468074083,0.08056638244306669,61.888671875,-0.6414886713027954,0.45964065194129944,2.5866856575012207,0.5299456715583801,1963,0.935546875
-0.1318359076976776,458,0.5946215549931255,2.611090009389486,True,0.5633527168019891,0.415261869225651,1.0243994295597076,True,0.10546875,1.570921428501606,0.13183590909466147,63.099609375,-0.7569141983985901,0.6161076426506042,2.74324893951416,0.5922268033027649,1964,0.89453125
-0.11230473965406418,466,0.5680813839251391,2.337676167999726,True,0.5400867955879081,0.3806147721363231,0.9251869320869446,True,0.08984375,1.6654528733342886,0.1123047414876055,64.302734375,-0.7161990404129028,0.5914934873580933,2.49045729637146,0.5740700960159302,1965,0.91015625
-0.0854492336511612,477,0.5968691577951364,2.9347030666639218,True,0.5617249381242309,0.3412180762854405,0.9167658388614655,True,0.068359375,1.4483134038746357,0.0854492349899374,63.84765625,-0.7027088403701782,0.47226810455322266,3.0374510288238525,0.5808849334716797,1966,0.931640625
-0.1142577975988388,465,0.6103318939285893,2.5774780775911066,True,0.5794655770383854,0.3891337518580258,0.9977160394191742,True,0.08984375,1.5066548995673656,0.11425779794808477,64.26953125,-0.758283257484436,0.6130955219268799,2.794093370437622,0.6105650663375854,1967,0.908203125
-0.10888686776161194,467,0.559005950069019,2.3944435147708183,True,0.5303315502417929,0.34178457251982763,0.8580389618873596,True,0.083984375,1.2257983991876245,0.1088868597871624,62.455078125,-0.7009471654891968,0.5169636011123657,2.566429376602173,0.5613263845443726,1968,0.912109375
-0.11962887644767761,463,0.535336043484525,2.5117926901411542,True,0.5052563474065027,0.3798950580938254,0.9710661470890045,True,0.095703125,1.3210588386282325,0.11962888448033482,64.1796875,-0.6835992932319641,0.5186415314674377,2.5723066329956055,0.5331659913063049,1969,0.904296875
-0.18017573654651642,438,0.524721927294448,2.1289143257489487,True,0.4992273449897767,0.4236322992714122,0.8631801307201385,True,0.142578125,1.4164105523377657,0.18017574329860508,65.234375,-0.7566080093383789,0.6189442873001099,2.425436496734619,0.547386646270752,1970,0.85546875
-0.1757812649011612,440,0.6298664298924531,3.1579907894134527,True,0.5920482472939924,0.43757001815829427,0.9500651657581329,True,0.140625,1.4355142312124372,0.17578127211891115,65.6484375,-0.8411170244216919,0.6370736956596375,3.431412696838379,0.6242432594299316,1971,0.859375
-0.12207034230232239,462,0.652373144120881,3.042747735977173,True,0.6159350549503839,0.3769429539097473,0.9205766022205353,True,0.09765625,1.4151454623788595,0.12207035810570233,63.896484375,-0.7955211400985718,0.5862041711807251,3.2438035011291504,0.6346049308776855,1972,0.90234375
-0.15136727690696716,450,0.6033213639259338,2.3465558444129093,True,0.5752204467190637,0.43062016626354305,0.9429027438163757,True,0.12109375,1.813446830958128,0.1513672722503543,64.849609375,-0.7956295609474182,0.6114926934242249,2.580723762512207,0.6133571863174438,1973,0.87890625
-0.1845703423023224,436,0.5942481346086624,2.4038866944269306,True,0.5654606474648922,0.45714165074750784,0.8576426208019257,True,0.14453125,2.0208558049052954,0.18457033578306437,66.009765625,-0.8240834474563599,0.6987356543540955,2.683929681777954,0.6073720455169678,1974,0.8515625
-0.16308586299419403,445,0.5405103024472012,2.247173140022192,True,0.5135995152291287,0.43629406616091726,0.8523661196231842,True,0.12890625,2.0546994507312775,0.1630858692806214,65.3359375,-0.7647355794906616,0.6394649147987366,2.56681227684021,0.5709110498428345,1975,0.869140625
-0.1977538764476776,431,0.6254170375191141,2.9550425895682064,True,0.5900292415906547,0.4900042571127415,0.9041818082332611,True,0.158203125,2.228280283510685,0.19775387947447598,66.14453125,-0.8835672736167908,0.7850387096405029,3.163177728652954,0.6479331254959106,1976,0.841796875
-0.20947259664535522,426,0.5625011436816113,2.9122514165063422,True,0.5276257832285385,0.4834630990866572,0.7967504560947418,True,0.166015625,2.2928079552948475,0.20947260892717168,65.93359375,-0.816814124584198,0.635288655757904,2.9090001583099365,0.5725050568580627,1977,0.83203125
-0.23193363845348358,417,0.6628302481534671,2.7632767771073667,True,0.6297389330337944,0.5227736448869109,0.9122741222381592,True,0.185546875,2.167703688144684,0.23193363437894732,67.43359375,-0.9400397539138794,0.695841908454895,2.9861299991607666,0.6723459959030151,1978,0.814453125
-0.3105469346046448,385,0.5305743788743947,2.7741636232896285,True,0.49735267920927567,0.6109361197566614,0.9450929760932922,True,0.25,2.2274118419736624,0.3105469314614311,68.19921875,-0.9080960154533386,0.7120637893676758,3.0525717735290527,0.5609933733940125,1979,0.751953125
-0.3564453721046448,366,0.5613202451031066,2.7767938720723975,True,0.5280670474787227,0.6583759925095365,0.930951327085495,True,0.28515625,2.31480697914958,0.3564453728031367,69.8984375,-1.0030440092086792,0.7842293381690979,3.2427990436553955,0.6077648997306824,1980,0.71484375
-0.51025390625,303,0.5937629249623113,2.6712373166587877,True,0.5617738147773366,0.8185610530897975,0.8161357939243317,True,0.408203125,2.901599522680044,0.5102539132349193,73.876953125,-1.2531613111495972,0.8377411365509033,3.5732803344726562,0.7001159191131592,1981,0.591796875
-0.56689453125,280,0.5745808873857771,2.544762638636998,True,0.5441063608442034,0.9249437690712512,0.9371554255485535,True,0.455078125,3.4123627692461014,0.5668945400975645,75.96484375,-1.2980625629425049,0.8574751615524292,3.320082664489746,0.6914086937904358,1982,0.546875
-0.5273436903953552,296,0.6178645145248723,2.5004018963994206,True,0.5879211901007473,0.8683402554132044,0.9993190467357635,True,0.421875,2.822654828429222,0.5273436922580004,73.44921875,-1.319364309310913,0.9734266400337219,3.3743815422058105,0.7516109943389893,1983,0.578125
-0.5927734375,269,0.7052767734323735,2.928392250741724,True,0.6702081398228287,0.9442142069339753,0.9990794062614441,True,0.47265625,3.032497651875019,0.5927734356373549,75.607421875,-1.4316097497940063,0.9259045124053955,3.6905264854431152,0.794640839099884,1984,0.525390625
-0.51220703125,302,0.507678305865913,2.3936378624265555,True,0.47901355746566066,0.8420132828876377,0.9421614706516266,True,0.408203125,2.8274796679615974,0.5122070112265646,73.326171875,-1.1740803718566895,0.8422486186027527,3.1588199138641357,0.6240452527999878,1985,0.58984375
-0.44189453125,331,0.6304374895427162,3.042117057610134,True,0.5940069540929938,0.7507909644395113,0.8990730047225952,True,0.353515625,2.581636417657137,0.4418945354409516,71.177734375,-1.169311285018921,0.8412294387817383,3.4575979709625244,0.6860106587409973,1986,0.646484375
-0.3247069716453552,379,0.6147020924688956,2.9362190197514355,True,0.5795397387330954,0.620473485533148,0.9329256117343903,True,0.259765625,2.18362776003778,0.3247069763019681,67.12109375,-1.0131261348724365,0.7387905716896057,3.364807605743408,0.6481242775917053,1987,0.740234375
-0.3051758408546448,387,0.578461983715225,2.5956101004775496,True,0.5473785412711998,0.5899959996342659,0.8512573540210724,True,0.244140625,2.2913735397160053,0.30517585086636245,67.033203125,-0.9545650482177734,0.718475878238678,2.993802547454834,0.6135373115539551,1988,0.755859375
-0.24169921875,413,0.6207734995113448,2.690679324308262,True,0.5885515570929206,0.5387186581210699,1.009683609008789,True,0.193359375,1.901653990149498,0.24169923726003617,63.771484375,-0.936330258846283,0.7495054602622986,3.177515983581543,0.6565790772438049,1989,0.806640625
-0.2050780951976776,428,0.7077733294986117,3.3213136084725923,True,0.6679993065718178,0.4765696958173066,0.8769837915897369,True,0.1640625,1.9218967761844397,0.20507809278205968,62.3671875,-0.9823499917984009,0.7392351627349854,3.519807815551758,0.7351207733154297,1990,0.8359375
-0.1391601413488388,455,0.6473122264002705,3.0275036015353365,True,0.6110566712342773,0.3977000271086581,0.8966943025588989,True,0.111328125,1.5840206183493137,0.13916013395646587,60.75390625,-0.8299495577812195,0.6465621590614319,3.1807572841644287,0.6526985764503479,1991,0.888671875
-0.14892572164535522,451,0.5717027443739898,3.013827939784183,True,0.5356109964345354,0.39844596181064845,0.8324322700500488,True,0.119140625,1.6606755554676056,0.1489257297362201,60.712890625,-0.7760988473892212,0.6481198072433472,3.183972120285034,0.5890437960624695,1992,0.880859375
-0.1123046800494194,466,0.6145350344702921,2.3775879374901114,True,0.5860624892773035,0.3739401874365285,0.9271228909492493,True,0.08984375,1.5242186039686203,0.11230467609129846,60.462890625,-0.7605552673339844,0.5806297063827515,2.5818686485290527,0.6173316240310669,1993,0.91015625
-0.0932617336511612,474,0.6046864453247327,2.672235745417921,True,0.5726853724773424,0.3450960122980178,0.8961937725543976,True,0.076171875,1.4519106317311525,0.09326172666624188,58.869140625,-0.728472113609314,0.5459757447242737,2.9151768684387207,0.6003000140190125,1994,0.92578125
-0.10742194950580597,468,0.6187611031226623,2.7667246394687233,True,0.5856284911815937,0.3347204063553363,0.7808327972888947,True,0.0859375,1.422637840732932,0.10742195369675756,58.849609375,-0.7539478540420532,0.5355086922645569,2.9677634239196777,0.6109858751296997,1995,0.9140625
-0.058593686670064926,488,0.5861060707295528,2.8428404682972395,True,0.5520619320087746,0.32875353407580404,1.0029008388519287,True,0.046875,1.3915935307741165,0.0585936882707756,57.06640625,-0.6695684790611267,0.4942517876625061,2.966168165206909,0.5754537582397461,1996,0.953125
-0.09765627980232239,472,0.6299732438588547,3.2879441673472782,True,0.5905988438654755,0.3786169797647745,0.9841259717941284,True,0.078125,1.6827100589871407,0.09765628119930625,58.025390625,-0.770469069480896,0.5702435374259949,3.5139927864074707,0.6307313442230225,1997,0.921875
-0.07324214279651642,482,0.5489023696337497,2.779473298812803,True,0.5156170818568266,0.3358018114930019,0.9315260648727417,True,0.05859375,1.5250891726464033,0.07324213953688741,56.689453125,-0.6531460285186768,0.5164183974266052,2.8872551918029785,0.54532790184021,1998,0.94140625
-0.07568354904651642,481,0.5424961224663035,2.835179656558126,True,0.5085437345529545,0.34256405558553527,0.9704042673110962,True,0.060546875,1.4559930507093668,0.07568354869727045,57.849609375,-0.6486489176750183,0.4965744614601135,3.014331817626953,0.5368674993515015,1999,0.939453125
-0.061035219579935074,487,0.5741049231200248,2.501810303458932,True,0.5441447665926368,0.3349482107209042,0.9885406196117401,True,0.048828125,1.5240974659100175,0.06103521311888471,57.873046875,-0.6521757245063782,0.4802910089492798,2.5915143489837646,0.5601061582565308,2000,0.951171875
-0.08544921875,477,0.5650233492661323,2.287470637127538,True,0.5376299980801358,0.3583109157159925,0.9987982511520386,True,0.068359375,1.4620409421622753,0.08544921746943146,59.38671875,-0.6889113783836365,0.5585280060768127,2.476407527923584,0.5738061666488647,2001,0.931640625
-0.06347659975290298,486,0.6046867640420733,2.3871075498714376,True,0.5761002150092107,0.3359454286284745,1.0076362490653992,True,0.05078125,1.4188315253704786,0.06347660208120942,58.42578125,-0.6907713413238525,0.46724164485931396,2.5334529876708984,0.5969557166099548,2002,0.94921875
-0.053710874170064926,490,0.5694943402494703,2.5750569509000196,True,0.538657017873258,0.2913522826507688,0.8442299365997314,True,0.04296875,1.375908425077796,0.05371087303501554,59.7265625,-0.6469361782073975,0.4928947985172272,2.6907601356506348,0.561002254486084,2003,0.95703125
-0.06103520467877388,487,0.6340840251416398,2.4607627259632396,True,0.604615432036241,0.310154624725692,0.9340105652809143,True,0.048828125,1.2463460601866245,0.0610352071817033,58.767578125,-0.713811993598938,0.5023680329322815,2.555461883544922,0.6221742630004883,2004,0.951171875
-0.04882816597819328,492,0.6249887419909967,2.709180665210011,True,0.5925452403905916,0.3009050302091055,1.0021076202392578,True,0.0390625,1.033106779679656,0.04882816656026989,59.041015625,-0.6888617277145386,0.491743803024292,2.797039031982422,0.606537938117981,2005,0.9609375
-0.0610351525247097,487,0.5720960430540833,2.4993228158422083,True,0.5421656644319851,0.331048004841432,1.0681659579277039,True,0.048828125,1.1275932732969522,0.06103514792630449,60.458984375,-0.6666983366012573,0.5204831957817078,2.6293458938598633,0.5741758346557617,2006,0.951171875
-0.04394535720348358,494,0.6414863397235331,2.9485076274949042,True,0.6061767996081456,0.2754328676499427,0.8912798166275024,True,0.03515625,1.064630906097591,0.04394535787287168,60.595703125,-0.6999425888061523,0.4521804451942444,3.0152335166931152,0.6198887228965759,2007,0.96484375
-0.056640613824129105,489,0.601387687012218,2.9053853794109603,True,0.5665945441201177,0.28876242000842467,0.8495442569255829,True,0.046875,1.2442590277642012,0.05664061562856659,61.9609375,-0.7077731490135193,0.6447574496269226,3.1072325706481934,0.6139221787452698,2008,0.955078125
-0.03662116825580597,497,0.5580872249315443,2.5785355289697165,True,0.5272082448965107,0.29190005401615055,0.9763892590999603,True,0.029296875,1.2000206261873245,0.03662116947816685,61.92578125,-0.6128672361373901,0.43914055824279785,2.6956124305725098,0.5439651012420654,2009,0.970703125
-0.036621108651161194,497,0.6303171242026976,2.8612937140512757,True,0.5960519939840919,0.2823598092305474,0.9288321733474731,True,0.029296875,1.1994454469531775,0.03662110079312697,61.302734375,-0.6810900568962097,0.46250221133232117,2.9333481788635254,0.6093409657478333,2010,0.970703125
-0.07080087065696716,483,0.5602568988350854,2.3770795384302392,True,0.5317904450631783,0.3081973852880765,0.8920515775680542,True,0.056640625,1.1797239468432963,0.07080086940550245,61.873046875,-0.6807935237884521,0.5901062488555908,2.6338157653808594,0.5784517526626587,2011,0.943359375
-0.05859377235174179,488,0.5772568339207131,2.7407173328712338,True,0.5444356535301835,0.2982708593131974,0.9027619957923889,True,0.046875,1.182493856176734,0.05859376664739102,61.255859375,-0.659090518951416,0.4743976294994354,2.8776397705078125,0.5660359263420105,2012,0.953125
-0.09033203125,475,0.6308462991212543,2.8859986935163793,True,0.5962853268573158,0.3336609125835821,0.9604674577713013,True,0.072265625,1.0247077951207757,0.09033202944556251,60.89453125,-0.765640139579773,0.601590633392334,3.03208327293396,0.6389976739883423,2013,0.927734375
-0.0634765699505806,486,0.6043403011290623,2.753072719024533,True,0.5713711737850565,0.31981456136563796,0.996547520160675,True,0.05078125,1.1405697297304869,0.06347656965954229,60.19921875,-0.6847977638244629,0.47366973757743835,2.850360155105591,0.5871869325637817,2014,0.94921875
-0.06591793894767761,485,0.5584323184391887,2.5613210230758514,True,0.5277595028434832,0.28781880157766865,0.8264963924884796,True,0.052734375,1.132031748071313,0.06591793621191755,60.20703125,-0.66361403465271,0.5179343223571777,2.7663276195526123,0.5645682215690613,2015,0.947265625
-0.1289062201976776,459,0.5641945129126505,2.6863802159793497,True,0.532024056953023,0.36560807881178337,0.8781684637069702,True,0.1015625,1.2213630694895983,0.12890623148996383,61.771484375,-0.7466268539428711,0.6071277856826782,2.98602294921875,0.5819617509841919,2016,0.896484375
-0.0849609449505806,477,0.5159464404767914,2.2591455367626136,True,0.4888922917642934,0.35529390042647724,1.0588639378547668,True,0.06640625,1.1712033301591873,0.08496094588190317,60.583984375,-0.6323776841163635,0.48559677600860596,2.4416537284851074,0.5181769728660583,2017,0.931640625
-0.10742190480232239,468,0.484341962215228,2.224001538040292,True,0.4577086679955833,0.3594575354130939,0.9018085598945618,True,0.0859375,1.4334783982485533,0.10742190206656232,60.783203125,-0.63619065284729,0.5444799065589905,2.492053985595703,0.49892544746398926,2018,0.9140625
-0.12353515625,461,0.5649854911252888,2.1109918508508976,True,0.5397055337201488,0.4007769241346978,0.9992257952690125,True,0.095703125,1.5479321219027042,0.12353515886934474,61.619140625,-0.7759027481079102,0.7297865748405457,2.4114434719085693,0.6234896183013916,2019,0.900390625
-0.1464843899011612,452,0.5399243958228458,2.279616152818224,True,0.5126250955910809,0.41122043260838836,0.9196150302886963,True,0.1171875,1.6162607446312904,0.14648438501171768,62.9609375,-0.7384335994720459,0.6141130924224854,2.4943056106567383,0.5620789527893066,2020,0.8828125
-0.21972651779651642,422,0.5819424369606362,2.8093338012695317,True,0.5482995411231055,0.5118162749218754,1.0054813623428345,True,0.17578125,1.819869694299996,0.21972651581745595,63.478515625,-0.8808259963989258,0.6964682936668396,3.3462157249450684,0.6210272312164307,2021,0.82421875
-0.2026367485523224,429,0.565889690236334,2.6138658284585237,True,0.5345876113379197,0.46008171106223017,0.791947990655899,True,0.162109375,1.9811073914170265,0.2026367395883426,63.87109375,-0.8545891046524048,0.7447880506515503,2.9528870582580566,0.6165904402732849,2022,0.837890625
-0.2221679538488388,421,0.5160945707007428,2.2890820401298178,True,0.48868192141242944,0.5185127545613796,0.925739973783493,True,0.177734375,2.2239363566040993,0.22216794078121893,66.15234375,-0.8567936420440674,0.8304673433303833,2.9100046157836914,0.5997772216796875,2023,0.822265625
-0.3027343451976776,388,0.5508570225582909,2.386654834157413,True,0.5222758884282457,0.6120396195910871,0.9333761036396027,True,0.2421875,2.45260102301836,0.3027343468856998,66.85546875,-1.0336153507232666,0.9787679314613342,3.2162389755249023,0.692365288734436,2024,0.7578125
-0.25634765625,407,0.5219573274584308,2.7688781863641383,True,0.4887989276164287,0.5957012704573572,1.0652461051940918,True,0.205078125,2.5260875560343266,0.2563476690556854,65.921875,-0.8865320682525635,0.807837188243866,3.1581568717956543,0.5923642516136169,2025,0.794921875
-0.2343750298023224,416,0.5380697158666757,2.077863106360802,True,0.5131864983301897,0.5421805960824713,0.9310547113418579,True,0.1875,2.4318924136459827,0.23437503108289093,65.64453125,-0.8757606744766235,0.7377853393554688,2.5898561477661133,0.6103711724281311,2026,0.8125
-0.255859375,407,0.5786891655781345,2.5696350672906974,True,0.5479167855049527,0.5673843387980014,0.9144866168498993,True,0.203125,2.5725526809692383,0.2558593776775524,65.80078125,-0.9474309682846069,0.7924094200134277,3.133420705795288,0.6540476679801941,2027,0.794921875
-0.28515625,395,0.5306548542614226,2.2166418661045126,True,0.5041096940825257,0.6199011014774441,1.0511006712913513,True,0.2265625,2.490493942052126,0.2851562690921128,67.146484375,-0.9382433891296387,0.8049602508544922,2.944366455078125,0.6178271770477295,2028,0.771484375
-0.2465820163488388,411,0.6197519568486226,2.214192369268469,True,0.5932361387133307,0.5549318367615342,0.9467838406562805,True,0.197265625,2.379860579967499,0.2465820360230282,66.021484375,-1.0037362575531006,0.9788796305656433,2.7472262382507324,0.7242550849914551,2029,0.802734375
-0.2612304389476776,405,0.5532954703142614,2.3108994166056314,True,0.5256215461978208,0.5653651461936534,0.9121752381324768,True,0.208984375,2.4339931793510914,0.26123043964616954,67.025390625,-0.9131845235824585,0.7595368027687073,2.7394022941589355,0.6191486120223999,2030,0.791015625
-0.2319335639476776,417,0.5767904488588694,2.410025988265479,True,0.5479294381839194,0.5563912175130099,1.0279734432697296,True,0.185546875,2.3772590160369873,0.23193357943091542,65.380859375,-0.9085859656333923,0.7694182991981506,2.963015556335449,0.6411690711975098,2031,0.814453125
-0.1562499850988388,448,0.5366242974996567,2.4573149255343845,True,0.507196986249515,0.4503068384481594,0.9241347908973694,True,0.125,2.1845979914069176,0.15624997962731868,63.701171875,-0.743993878364563,0.595212459564209,2.7605643272399902,0.5546850562095642,2032,0.875
-0.23681649565696716,415,0.6089010581912766,2.8197972441294104,True,0.5751328914998527,0.5444652745965868,0.9596872925758362,True,0.189453125,2.3142265118658543,0.23681649065110832,65.943359375,-0.9585526585578918,0.8233515024185181,3.425619125366211,0.6807130575180054,2033,0.810546875
-0.1640625,445,0.504122202182084,2.3791235867511022,True,0.4756312570545112,0.4519729014020413,0.8908644914627075,True,0.1328125,2.194750066846609,0.16406249767169356,63.333984375,-0.7204771041870117,0.5988861918449402,2.608518362045288,0.5251765847206116,2034,0.869140625
-0.19287119805812836,433,0.513974792825157,2.542502577255284,True,0.4835273174022692,0.48896451769396665,0.9147502183914185,True,0.154296875,2.26286556199193,0.19287119037471712,64.73046875,-0.7866520881652832,0.6979690194129944,2.995746612548828,0.5579057931900024,2035,0.845703125
-0.2099609673023224,426,0.6665159626186175,2.967775803776414,True,0.6309756961227023,0.4998890137299895,0.9165658354759216,True,0.16796875,2.1322974152863026,0.2099609729484655,64.5,-0.9722947478294373,0.8605033159255981,3.345618486404419,0.72226881980896,2036,0.83203125
-0.1489257514476776,451,0.5765069583038532,2.522859122034187,True,0.5462947297519168,0.43646596358157697,0.9245763421058655,True,0.119140625,2.052498672157526,0.14892575959675014,62.8671875,-0.7737944722175598,0.6195666790008545,2.7122642993927,0.5923882722854614,2037,0.880859375
-0.21484383940696716,424,0.600760281085968,2.7228364831996412,True,0.5681532418952797,0.504239026689902,0.9411853551864624,True,0.171875,2.0231621712446213,0.21484384557697922,64.162109375,-0.8832138776779175,0.746523380279541,3.0453758239746094,0.6319005489349365,2038,0.828125
-0.1904297173023224,434,0.6182983144087726,2.2904226587664693,True,0.5908696027944714,0.4860538291046396,0.9787109792232513,True,0.15234375,1.9976383950561285,0.1904297108994797,63.873046875,-0.8632739782333374,0.6701545715332031,2.622650623321533,0.6414370536804199,2039,0.84765625
-0.1684570610523224,443,0.6191125394393843,2.636143576749022,True,0.5875436837866935,0.44369190428405997,0.8846950232982635,True,0.134765625,1.9659168608486652,0.16845705595915206,62.64453125,-0.8571987152099609,0.7389146089553833,2.950625419616699,0.6534067392349243,2040,0.865234375
-0.1953125298023224,432,0.5927811187726479,2.014196197191874,True,0.5686603254742093,0.4871666977182031,0.9719921350479126,True,0.15625,1.9491148386150599,0.1953125299187377,63.583984375,-0.9167690277099609,0.8764424920082092,2.5481464862823486,0.6909414529800415,2041,0.84375
-0.1630859076976776,445,0.5798629016018986,2.683013489541043,True,0.547732747672649,0.44104370891582223,0.9002284407615662,True,0.12890625,1.9582420568913221,0.16308591701090336,62.033203125,-0.822003960609436,0.708023726940155,2.9468328952789307,0.6236284971237183,2042,0.869140625
-0.20507816970348358,428,0.564961759286506,2.5510206322803675,True,0.5344122751293895,0.4845148572698236,0.9191488921642303,True,0.1640625,1.9121379479765892,0.20507817971520126,63.076171875,-0.868871808052063,0.7728275060653687,2.8733773231506348,0.6293838024139404,2043,0.8359375
-0.1611327826976776,446,0.6003885015243907,2.5797198342635492,True,0.56949534063382,0.4445486723445356,0.9607647955417633,True,0.12890625,1.8252586051821709,0.1611327812424861,61.3828125,-0.8598751425743103,0.8019914627075195,2.918937921524048,0.6637868881225586,2044,0.87109375
-0.13916015625,455,0.577002205822494,2.449440132916628,True,0.5476692026788061,0.41466985847800975,0.9202069938182831,True,0.111328125,1.8293658196926117,0.13916016794973984,60.7890625,-0.7547600269317627,0.5658362507820129,2.701258659362793,0.5832512378692627,2045,0.888671875
-0.0991211086511612,471,0.5120855662853094,2.2833586559174166,True,0.48474146650348765,0.37292004060000183,0.9192910492420197,True,0.076171875,1.7988142669200897,0.09912111470475793,59.673828125,-0.6428169012069702,0.48511743545532227,2.453939914703369,0.5143089294433594,2046,0.919921875
-0.1123047024011612,466,0.5999179070599601,2.544763827272751,True,0.5694433570931398,0.39015960856340826,0.9675109386444092,True,0.08984375,1.687054269015789,0.11230470548616722,59.6171875,-0.7586287260055542,0.617189884185791,2.781359910964966,0.6130162477493286,2047,0.91015625
-0.11181634664535522,466,0.5765838048744611,2.6075309417790096,True,0.545357592244005,0.37310997080057856,0.8804353773593903,True,0.087890625,1.704130919650197,0.11181634641252458,61.375,-0.7648003101348877,0.7121906280517578,2.8478660583496094,0.6188796758651733,2048,0.91015625
-0.06591792404651642,485,0.601355688473613,2.9381958312595016,True,0.566169638732045,0.3226451460737735,0.9058930277824402,True,0.052734375,1.51097247377038,0.0659179154317826,59.4140625,-0.6869802474975586,0.49068859219551086,2.9995064735412598,0.5851420164108276,2049,0.947265625
-0.12207025289535522,462,0.6388615109187701,2.9918819144690705,True,0.6030325519316125,0.3769013958051801,0.9318738579750061,True,0.09765625,1.3691273694857955,0.12207025330280885,61.6171875,-0.8119056820869446,0.6414303779602051,3.263475179672241,0.6507539749145508,2050,0.90234375
-0.09521488100290298,473,0.5745995303667122,2.3738938438967976,True,0.5461712198580041,0.34568780187983067,0.9142400920391083,True,0.076171875,1.3524981699883938,0.09521487302845344,61.568359375,-0.7170050144195557,0.5805714726448059,2.558896064758301,0.5911464691162109,2051,0.923828125
-0.1220703199505806,462,0.5295713724512042,2.644704769184063,True,0.4978999950927057,0.36610334848519416,0.8938789963722229,True,0.09765625,1.3051445679739118,0.1220703215803951,62.171875,-0.7131408452987671,0.6241768002510071,2.9835124015808105,0.5553417205810547,2052,0.90234375
-0.11474612355232239,465,0.5658713685568943,2.7253299646480103,True,0.5332344714672332,0.37443108879961073,0.9900766611099243,True,0.091796875,1.2333926167339087,0.11474612553138286,62.142578125,-0.7525118589401245,0.7412976622581482,2.858206272125244,0.6035375595092773,2053,0.908203125
-0.1000976711511612,471,0.5401294606000248,2.1544736945198855,True,0.5143287904449836,0.3576298830565065,0.9983662664890289,True,0.080078125,1.1571791861206293,0.10009766870643944,62.171875,-0.6883002519607544,0.5906684398651123,2.419046401977539,0.5592336058616638,2054,0.919921875
-0.1069335788488388,468,0.5844403087583363,2.8003654989421882,True,0.5509048341176449,0.38278827000176535,1.063588172197342,True,0.083984375,1.2627409137785435,0.10693358865682967,62.341796875,-0.7367041707038879,0.5926219820976257,3.0314531326293945,0.5934677124023438,2055,0.9140625
-0.10693351924419403,468,0.5903066462940642,2.5662650409926715,True,0.5595746076005137,0.3575938907219097,0.9136223495006561,True,0.083984375,1.3587180729955435,0.10693351583904587,62.900390625,-0.7627823948860168,0.6375263929367065,2.93735933303833,0.6206727623939514,2056,0.9140625
-0.0683593824505806,484,0.5793842185627329,2.385186861369235,True,0.5508206600000051,0.3213267033454031,0.9369581043720245,True,0.0546875,1.3115138821303844,0.06835938603035174,62.0234375,-0.6777584552764893,0.4806486666202545,2.571321725845337,0.5786064863204956,2057,0.9453125
-0.0805664211511612,479,0.5515836094018063,2.3321999776836226,True,0.5236546015191924,0.3390111675485969,0.9363055527210236,True,0.064453125,1.4236726518720388,0.08056642179144546,62.2734375,-0.6580508947372437,0.46581441164016724,2.4641799926757812,0.5479750037193298,2058,0.935546875
-0.087890625,476,0.6263058936896444,2.884010962077549,True,0.5917687270821642,0.3473851855844259,0.9260370433330536,True,0.0703125,1.4857430811971426,0.08789062133291736,62.9140625,-0.7472230195999146,0.5551729798316956,3.062077522277832,0.6226627826690674,2059,0.9296875
-0.0756835788488388,481,0.566072621365347,2.3993802060704223,True,0.5373390945228371,0.3436259124660864,0.9693500697612762,True,0.060546875,1.4814463760703802,0.07568357832496986,62.07421875,-0.6904561519622803,0.6054625511169434,2.5169386863708496,0.5846312046051025,2060,0.939453125
-0.08544916659593582,477,0.5282559927154636,2.208354999434273,True,0.501810083349296,0.3413301545660943,0.90257927775383,True,0.068359375,1.5073026288300753,0.0854491667705588,63.103515625,-0.6806670427322388,0.6741442680358887,2.480743169784546,0.5655099153518677,2061,0.931640625
-0.07519514113664627,481,0.645706135864813,3.0369201618519743,True,0.6093378075690875,0.33485303311608733,0.9346292018890381,True,0.05859375,1.4546409007161856,0.07519514695741236,61.546875,-0.7448205351829529,0.5387430191040039,3.1920132637023926,0.6313995718955994,2062,0.939453125
-0.08544907718896866,477,0.558262328306834,2.665200287441038,True,0.526345512339654,0.33231875544879586,0.871749222278595,True,0.068359375,1.450396677479148,0.0854490763740614,62.73828125,-0.6831989288330078,0.5539459586143494,2.8807859420776367,0.5632511973381042,2063,0.931640625
-0.0756835862994194,481,0.5988750944762121,2.7237008207800986,True,0.5662577219168015,0.3081164850853384,0.8365640938282013,True,0.060546875,1.3024015054106712,0.07568359017022885,62.2734375,-0.7019789218902588,0.5259248614311218,2.852437973022461,0.5921362638473511,2064,0.939453125
-0.06591792404651642,485,0.5120939220349814,2.2104837486424396,True,0.4856225145846298,0.3048753623617813,0.8690544068813324,True,0.052734375,1.3029312584549189,0.06591791787650436,60.638671875,-0.6174108982086182,0.5199280977249146,2.390946388244629,0.5228603482246399,2065,0.947265625
-0.07080082595348358,483,0.5795203499172045,2.998843391489539,True,0.5436080253025513,0.2877798315603286,0.7788291573524475,True,0.056640625,1.2242634799331427,0.07080082455649972,60.53515625,-0.684346616268158,0.5179756283760071,3.17873215675354,0.57547926902771,2066,0.943359375
-0.058593716472387314,488,0.5757866794945765,2.3804565541079787,True,0.5472797683027925,0.29393807974411174,0.8917131423950195,True,0.046875,1.1400347761809826,0.05859371070982888,59.603515625,-0.656074047088623,0.5351452827453613,2.4946541786193848,0.5676057934761047,2067,0.953125
-0.11474616825580597,465,0.5387750748665102,2.3941792662425705,True,0.5101038247667333,0.34408859810791914,0.8212218582630157,True,0.091796875,1.3019609414041042,0.11474617768544704,62.560546875,-0.6962072849273682,0.5645990967750549,2.634809970855713,0.5499082803726196,2068,0.908203125
-0.04394533857703209,494,0.5857127253343218,2.3388697213006893,True,0.5577038439661868,0.2887947751558386,0.9405734539031982,True,0.03515625,1.1346948463469744,0.04394534166203812,60.224609375,-0.6501690149307251,0.4607667624950409,2.44150710105896,0.5769857168197632,2069,0.96484375
-0.04394526034593582,494,0.717637496197272,3.2676706121035437,True,0.6785058412957288,0.26079548373818395,0.7876174449920654,True,0.03515625,1.186534732580185,0.04394525632960722,60.73828125,-0.7708736062049866,0.5157474279403687,3.31136155128479,0.687273383140564,2070,0.96484375
-0.058593738824129105,488,0.5255463934335552,2.0081096516280876,True,0.5014984910605383,0.3369911263580434,1.0860568284988403,True,0.046875,1.2237204853445292,0.058593735739123076,61.23046875,-0.6071028709411621,0.4347198009490967,2.138338088989258,0.5229016542434692,2071,0.953125
-0.04150392860174179,495,0.5370826865687515,2.0481788107843113,True,0.5125549477760238,0.2762296240893193,0.8805237412452698,True,0.033203125,1.1724189259111881,0.041503928834572434,61.857421875,-0.5889463424682617,0.35982662439346313,2.1399381160736084,0.5218157768249512,2072,0.966796875
-0.05615241080522537,489,0.5332000019725847,2.0672629791290973,True,0.5084437057528272,0.3081315640709363,0.9408850371837616,True,0.044921875,1.2760428432375193,0.05615241453051567,63.0,-0.6109193563461304,0.4327157437801361,2.1412811279296875,0.52912437915802,2073,0.955078125
-0.07568366825580597,481,0.5945997914752444,2.5507324225193746,True,0.5640537737560868,0.323955775401555,0.9355378746986389,True,0.060546875,1.2232905738055706,0.07568366883788258,63.490234375,-0.6946493983268738,0.48375633358955383,2.686021327972412,0.5867996215820312,2074,0.939453125
-0.06347653269767761,486,0.5819062521918811,2.5299116108152604,True,0.5516095686351321,0.30116280047222976,0.8971839547157288,True,0.05078125,1.1649893335998058,0.06347654131241143,62.572265625,-0.6663340330123901,0.4533449411392212,2.6246449947357178,0.571426272392273,2075,0.94921875
-0.04882819205522537,492,0.49947572723636785,2.117375497895528,True,0.47411932644805305,0.29495908961398526,0.9328370690345764,True,0.0390625,1.1912695616483688,0.048828195373062044,62.802734375,-0.5674795508384705,0.4176173806190491,2.1923599243164062,0.4923970699310303,2076,0.9609375
-0.0922851711511612,474,0.613029545621027,2.636475885970682,True,0.5814567351643043,0.3452015710296109,0.945597767829895,True,0.072265625,1.2759368270635605,0.09228517540032044,63.107421875,-0.7366117238998413,0.5418676733970642,2.8623392581939697,0.6100488901138306,2077,0.92578125
-0.08984380215406418,475,0.5952706958118237,2.67926010533383,True,0.5631855172859994,0.35396186714060607,0.9622582495212555,True,0.0703125,1.4333282746374607,0.08984380327456165,63.427734375,-0.7240285873413086,0.5678586363792419,2.8772435188293457,0.5997287631034851,2078,0.927734375
-0.0810547024011612,479,0.550775680387692,2.8035632040903806,True,0.517201905459601,0.35208609129767865,0.9679262340068817,True,0.06640625,1.5489228814840317,0.08105470018927008,63.349609375,-0.6507819890975952,0.45903506875038147,2.8584229946136475,0.5354965925216675,2079,0.935546875
-0.07812494784593582,480,0.6274509370326995,2.773469126224518,True,0.5942375659942628,0.35894530825316906,1.018560379743576,True,0.0625,1.5421655923128128,0.07812494941754267,62.287109375,-0.7400705218315125,0.5380293726921082,2.8915719985961914,0.6273177862167358,2080,0.9375
-0.11035154014825821,466,0.5738163981826522,3.027663480570388,True,0.5375589398355443,0.39372548789251594,0.9761418700218201,True,0.08203125,1.762911394238472,0.11035154265118763,63.68359375,-0.7164262533187866,0.5126240849494934,3.25067400932312,0.5671465396881104,2081,0.91015625
-0.14892573654651642,451,0.6013954618817686,3.1226582432004673,True,0.564000390982152,0.43491858374327425,0.9198338091373444,True,0.119140625,2.040521517395973,0.14892574574332684,64.072265625,-0.8110565543174744,0.6440981030464172,3.395599365234375,0.621467113494873,2082,0.880859375
-0.13720707595348358,456,0.532313747364178,2.86658677720187,True,0.4979852594827351,0.45907054252456875,1.1405227184295654,True,0.111328125,1.8751784637570381,0.13720707379980013,63.94140625,-0.718396782875061,0.5739814043045044,3.0510244369506836,0.5446525812149048,2083,0.890625
-0.20312494039535522,429,0.6221252006667477,3.0056569651290252,True,0.5861312913033234,0.501737202797085,0.9904543161392212,True,0.1640625,2.010428123176098,0.20312493108212948,66.115234375,-0.8930667638778687,0.722105085849762,3.2675905227661133,0.6508110761642456,2084,0.837890625
-0.1489257663488388,451,0.5131345841942764,2.2888382131403144,True,0.4857248498700939,0.43756924546323717,0.9594692289829254,True,0.119140625,1.934992652386427,0.14892576570855454,64.2421875,-0.7020274996757507,0.5635932683944702,2.489431142807007,0.5232897996902466,2085,0.880859375
-0.1953124850988388,432,0.5310613601296035,2.1681941438604286,True,0.505096392499076,0.49720247397199274,1.016692578792572,True,0.15625,1.971029482781887,0.19531248434213921,64.884765625,-0.7965295910835266,0.6763057112693787,2.4687891006469727,0.5716524124145508,2086,0.84375
-0.2368164360523224,415,0.5155839983239232,2.240094843255468,True,0.48875799222164845,0.542068655253388,0.9871159493923187,True,0.189453125,2.15658038854599,0.23681644105818123,65.51171875,-0.8396106958389282,0.7143723368644714,2.6238222122192383,0.5713729858398438,2087,0.810546875
-0.2021484673023224,429,0.6228226554560495,2.5887816827613994,True,0.5918209718796479,0.4932986022904515,0.9041401743888855,True,0.16015625,2.206442119553685,0.2021484598517418,64.486328125,-0.8957125544548035,0.7329260110855103,2.9097979068756104,0.6587182283401489,2088,0.837890625
-0.23193359375,417,0.6105814398907358,2.5716749098089386,True,0.5797846328726203,0.5077792533673346,0.8539111316204071,True,0.185546875,2.101268846541643,0.23193358292337507,65.26953125,-0.9305736422538757,0.7852582335472107,2.9081435203552246,0.6638138890266418,2089,0.814453125
-0.3022461533546448,388,0.5890370429176646,2.76053881890995,True,0.5559785107976383,0.6023013385012745,0.9289849400520325,True,0.240234375,2.285164024680853,0.30224614863982424,67.111328125,-1.0136555433273315,0.8446884751319885,3.6008951663970947,0.6682872772216797,2090,0.7578125
-0.2534179389476776,408,0.5468199323205386,2.2692087491353354,True,0.5196452596608331,0.5601315207313746,0.993538498878479,True,0.201171875,2.16011768206954,0.2534179335925728,65.732421875,-0.8920197486877441,0.7243501543998718,2.7954840660095215,0.605124831199646,2091,0.796875
-0.2661132514476776,403,0.5945388843344696,2.4254243799829602,True,0.5654934746751715,0.5594594648457132,0.9236516654491425,True,0.212890625,2.1723171789199114,0.2661132696084678,65.41796875,-0.9565236568450928,0.7903909087181091,2.8652234077453613,0.6560981869697571,2092,0.787109375
-0.2270508110523224,419,0.5343228451960981,2.547514321411424,True,0.5038153607407163,0.5346157221123576,0.9699019491672516,True,0.181640625,2.271690160036087,0.2270508180372417,64.82421875,-0.8636171817779541,0.7641867399215698,2.923344135284424,0.6015582084655762,2093,0.818359375
-0.2001953423023224,430,0.5936837254568588,2.6145243389661923,True,0.5623737737189891,0.5013159406837076,0.9351033568382263,True,0.16015625,2.281998712569475,0.20019533386221156,63.982421875,-0.846560001373291,0.6570116281509399,2.7706944942474365,0.6131845116615295,2094,0.83984375
-0.2294921725988388,418,0.5314258682100397,2.627441508918288,True,0.49996122233034895,0.5099998772609979,0.8921118974685669,True,0.18359375,2.0417063646018505,0.22949218045687303,64.611328125,-0.8464692831039429,0.7409878969192505,2.8791322708129883,0.58249831199646,2095,0.81640625
-0.1806640625,438,0.5495885811984266,1.9279969293777253,True,0.5265000481583756,0.4786938312929123,1.0057460367679596,True,0.14453125,1.9376108832657337,0.18066407751757652,62.54296875,-0.8401697874069214,0.7961932420730591,2.3873913288116455,0.6309158205986023,2096,0.85546875
-0.1704101264476776,442,0.545996242384026,2.391467346864588,True,0.5173574819554032,0.44618286895565684,0.8756621778011322,True,0.134765625,2.012806110084057,0.1704101306386292,62.9921875,-0.7998372316360474,0.7528892159461975,2.6007516384124756,0.5982820987701416,2097,0.86328125
-0.1362304538488388,456,0.5690018686286189,2.69995094888043,True,0.5366688987665009,0.4226251501590014,0.9466996490955353,True,0.107421875,1.9410952292382717,0.13623045664280653,62.255859375,-0.7390823364257812,0.5948573350906372,2.842961549758911,0.5688062310218811,2098,0.890625
-0.1562499850988388,448,0.5307219603231975,2.571086977209364,True,0.4999321720429829,0.44762739008292557,0.9717235565185547,True,0.125,1.9406537637114525,0.15624998742714524,62.37109375,-0.7444202899932861,0.6188618540763855,2.8740460872650146,0.5537525415420532,2099,0.875
-0.1142578274011612,465,0.5445290735331914,2.41240403703464,True,0.5156395858333956,0.38651804530527445,0.9407026767730713,True,0.08984375,1.6823935769498348,0.11425782978767529,60.904296875,-0.7050141096115112,0.6128085851669312,2.622945547103882,0.559345543384552,2100,0.908203125
-0.10986324399709702,467,0.6485410600071037,2.7207879037366944,True,0.6159585820275661,0.3611347242956981,0.8304227292537689,True,0.087890625,1.7037386372685432,0.1098632444627583,61.947265625,-0.7896731495857239,0.6549859642982483,2.908029079437256,0.6449850797653198,2101,0.912109375
-0.13183587789535522,458,0.6087123629307643,3.0273475063940323,True,0.5724586779373703,0.4005810650298372,0.9450577795505524,True,0.10546875,1.5946724936366081,0.13183588098036125,61.63671875,-0.8002289533615112,0.667614221572876,3.1843602657318115,0.630259096622467,2102,0.89453125
-0.09277350455522537,474,0.5244878663795406,2.4521192639185907,True,0.4951227732348542,0.34205805757083,0.8667630255222321,True,0.07421875,1.5186388492584229,0.09277350956108421,61.763671875,-0.6576749086380005,0.5328385829925537,2.6990742683410645,0.5325789451599121,2103,0.92578125
-0.107421875,468,0.524142647910322,2.1914840824583655,True,0.4978987561841297,0.3679478674195707,0.9493500590324402,True,0.0859375,1.4131195582449436,0.1074218760477379,61.326171875,-0.6598683595657349,0.5001831650733948,2.3842110633850098,0.5238946676254272,2104,0.9140625
-0.13378910720348358,457,0.5800017509079605,2.7680572279172604,True,0.5468531841130956,0.3812266007065773,0.8872341811656952,True,0.10546875,1.399813063442707,0.13378910784376785,62.94921875,-0.7526128888130188,0.5655351281166077,2.989325523376465,0.5830254554748535,2105,0.892578125
-0.1098632961511612,467,0.5742985228399647,2.575781404589177,True,0.5434525394592857,0.3691855604876764,0.9695761501789093,True,0.087890625,1.308140678331256,0.10986329347360879,61.94140625,-0.7194505929946899,0.5840489864349365,2.6793112754821777,0.5775015354156494,2106,0.912109375
-0.06347649544477463,486,0.6282316095544478,2.6056683818989823,True,0.5970277101905259,0.2887888304307126,0.8763841986656189,True,0.05078125,1.0007099891081452,0.06347648956580088,61.107421875,-0.7150044441223145,0.5130227208137512,2.688579559326172,0.6193311214447021,2107,0.94921875
-0.11962898075580597,463,0.6702778693409254,2.510954108660474,True,0.6402082230823345,0.3491351888515055,0.8608034253120422,True,0.095703125,1.1469103526324034,0.11962898395722732,63.037109375,-0.8332607746124268,0.6442714929580688,2.720759868621826,0.6810497045516968,2108,0.904296875
-0.1318359225988388,458,0.5761861887040617,2.801451217659696,True,0.5426377128305392,0.3732895573601127,0.9077695906162262,True,0.10546875,1.1979942601174116,0.13183592428686097,63.314453125,-0.7618875503540039,0.601455569267273,3.038717269897461,0.5936617851257324,2109,0.89453125
-0.09277346730232239,474,0.5499634689922572,2.3064214167212636,True,0.5223431622428732,0.3327585283084773,0.9079318642616272,True,0.07421875,1.1679737884551287,0.0927734641591087,61.95703125,-0.6698601245880127,0.5335984230041504,2.4138290882110596,0.548180103302002,2110,0.92578125
-0.08789055794477463,476,0.6036678299683482,2.7547642613659384,True,0.5706784429670382,0.34241195330396296,0.9508440494537354,True,0.0703125,1.287051621824503,0.08789056070963852,63.27734375,-0.7133772969245911,0.5247040390968323,2.8511602878570557,0.5913429856300354,2111,0.9296875
-0.1318359076976776,458,0.5658860797444806,1.9963499094200963,True,0.5419789888452754,0.3671382501255721,0.824869692325592,True,0.10546875,1.4065682496875525,0.1318358974531293,63.58984375,-0.7564641237258911,0.675635814666748,2.2938735485076904,0.5971581935882568,2112,0.89453125
-0.0854492038488388,477,0.558733848780706,2.4190250402726465,True,0.5297650784816382,0.34189629154279827,0.9284622371196747,True,0.068359375,1.4150930009782314,0.08544919214909896,62.40234375,-0.6763409972190857,0.5115295052528381,2.5541391372680664,0.5603049993515015,2113,0.931640625
-0.06347662210464478,486,0.5930919213059508,2.724590157285149,True,0.560463901409887,0.32572199378628286,0.9584821462631226,True,0.05078125,1.410978963598609,0.06347661564359441,62.78125,-0.6724660396575928,0.48012441396713257,2.8480682373046875,0.5748827457427979,2114,0.94921875
-0.0830077975988388,478,0.47214465635092184,1.965487598375296,True,0.4486071699333989,0.3366613370366395,0.8822007179260254,True,0.06640625,1.544267801567912,0.08300780309946276,62.83984375,-0.5784937143325806,0.4413301348686218,2.1216623783111572,0.47007811069488525,2115,0.93359375
-0.099609375,471,0.5725396155931388,2.628002775955605,True,0.5410682559013368,0.3608836432453245,0.874097615480423,True,0.078125,1.7290949523448944,0.09960937075084075,63.52734375,-0.7104945778846741,0.552997350692749,2.8199996948242188,0.5771146416664124,2116,0.919921875
-0.1533202826976776,449,0.6257428846805292,2.831765478597186,True,0.591831375867593,0.41526459392625836,0.8662016987800598,True,0.12109375,1.7740793861448765,0.15332028223201632,64.392578125,-0.835494875907898,0.6588292717933655,3.0049350261688232,0.646189272403717,2117,0.876953125
-0.10742191970348358,468,0.5719274758783162,2.4370803262433443,True,0.5427424826173701,0.36051943800412123,0.8270266056060791,True,0.0859375,1.7538439258933067,0.10742191824829206,63.220703125,-0.7216075658798218,0.594384491443634,2.62302303314209,0.5827739834785461,2118,0.9140625
-0.1806640923023224,438,0.6064119657425031,2.615466344302103,True,0.57509072866614,0.47320280675776305,0.9682774245738983,True,0.14453125,1.9776648133993149,0.180664079496637,64.796875,-0.8429486751556396,0.651748538017273,2.8890695571899414,0.6276868581771851,2119,0.85546875
-0.15136723220348358,450,0.5965793000327214,2.606954519483778,True,0.5653599929809571,0.4338002304546535,0.913692057132721,True,0.12109375,1.9938918054103851,0.15136722795432433,63.3984375,-0.8100669980049133,0.6576656699180603,2.8168482780456543,0.6249669790267944,2120,0.87890625
-0.13671886920928955,456,0.6060609901160525,2.3837747406541254,True,0.5775143347288433,0.42429792261682453,0.965555876493454,True,0.109375,1.8893577102571726,0.13671885919757187,63.603515625,-0.8197078704833984,0.6997695565223694,2.742231845855713,0.6501498222351074,2121,0.890625
-0.15625,448,0.5635275053126471,2.112407667296273,True,0.5382306001016072,0.4381504391785711,0.92938631772995,True,0.125,1.9204636104404926,0.15624999222927727,63.845703125,-0.7816652059555054,0.7120964527130127,2.3900227546691895,0.5967937111854553,2122,0.875
-0.18310552835464478,437,0.5385079113105888,2.3960921022384607,True,0.5098137850073983,0.4648133696522564,0.9639559388160706,True,0.146484375,1.778332782909274,0.18310553976334631,63.8828125,-0.7779865264892578,0.6313025951385498,2.829045057296753,0.5610021352767944,2123,0.853515625
-0.1464843451976776,452,0.5430825964539451,2.5536841227944977,True,0.5125012379304498,0.4025153901427984,0.9050662219524384,True,0.1171875,1.5003557540476322,0.14648435544222593,62.349609375,-0.7402858734130859,0.5873237252235413,2.771674871444702,0.5606095790863037,2124,0.8828125
-0.0878906175494194,476,0.5669373308911042,2.4175831069465445,True,0.5379858287442632,0.37170171650359407,1.0920745134353638,True,0.0703125,1.3079238552600145,0.087890618306119,60.216796875,-0.6844581961631775,0.5184210538864136,2.605672836303711,0.5653636455535889,2125,0.9296875
-0.1538086235523224,449,0.5441854549675582,2.42094445042727,True,0.5151937112112619,0.4035972547950223,0.8914779424667358,True,0.123046875,1.429861031472683,0.15380861406447366,62.509765625,-0.770484447479248,0.6680673956871033,2.7909493446350098,0.5832530856132507,2126,0.876953125
-0.1245117038488388,461,0.6244336669201965,2.7292974951986118,True,0.5917492603273041,0.3792306324932724,0.9319419264793396,True,0.099609375,1.366610899567604,0.12451169895939529,62.748046875,-0.7945488095283508,0.6366390585899353,3.0186290740966797,0.6338878273963928,2127,0.900390625
-0.20019537210464478,430,0.5607078463532205,2.412424402458723,True,0.5318181085032087,0.4695057852892205,0.9723180830478668,True,0.16015625,1.4969357438385487,0.20019537932239473,64.228515625,-0.8381870985031128,0.7135866284370422,2.7875328063964844,0.6046099662780762,2128,0.83984375
-0.10302734375,470,0.6332360305684678,2.736461453742169,True,0.6004658310971361,0.3600615763687529,0.9422388076782227,True,0.083984375,1.3717293702065945,0.10302734340075403,61.306640625,-0.7623456120491028,0.5650017857551575,2.892667293548584,0.6246774792671204,2129,0.91796875
-0.07031258940696716,483,0.6251456280919584,3.1830958727724066,True,0.5870268028962191,0.3053505918127485,0.8611851632595062,True,0.0546875,1.2560194097459316,0.0703125863801688,60.98828125,-0.7179533839225769,0.5208836793899536,3.3112478256225586,0.6079874038696289,2130,0.943359375
-0.1459960788488388,452,0.5875369898513355,2.702758114949792,True,0.5551703994253041,0.4255865368526429,0.9877167344093323,True,0.115234375,1.6409420669078827,0.14599608618300408,63.404296875,-0.7922695875167847,0.6446368098258972,3.0151448249816895,0.6101659536361694,2131,0.8828125
-0.09765620529651642,472,0.5293927642248444,2.223727028248674,True,0.5027627621666859,0.3620933765312657,0.9786439836025238,True,0.078125,1.3741674106568098,0.09765620867256075,62.29296875,-0.6721853613853455,0.5440104603767395,2.438589572906494,0.5453259944915771,2132,0.921875
-0.0781249925494194,480,0.5440609792868296,2.3081632932027185,True,0.516419796148936,0.3304266277235001,0.906522810459137,True,0.0625,1.4199415650218725,0.07812498745624907,62.23828125,-0.6426494121551514,0.497122198343277,2.414783000946045,0.5356064438819885,2133,0.9375
-0.10498043149709702,469,0.5836252866269175,2.702164913291362,True,0.5512658061503346,0.3510454393690452,0.8774769306182861,True,0.083984375,1.4113924391567707,0.10498043030383997,62.6015625,-0.7296048402786255,0.5965797901153564,2.874640941619873,0.5901994109153748,2134,0.916015625
-0.11718753725290298,464,0.5570350597644673,2.7271094938804366,True,0.5243768517313332,0.38920876707416024,0.992898166179657,True,0.09375,1.4688321389257908,0.11718752811430022,63.76953125,-0.728691816329956,0.6195513606071472,2.887662649154663,0.5769234299659729,2135,0.90625
-0.19531244039535522,432,0.5084923031153503,2.211309627250389,True,0.4820109981077688,0.4744438215391711,0.9610626995563507,True,0.15625,1.7383762635290623,0.19531246437691152,66.294921875,-0.787563681602478,0.6909486651420593,2.6169261932373047,0.5609124898910522,2136,0.84375
-0.1440429985523224,453,0.5408352309504881,2.517798799552665,True,0.5106836137655818,0.4333548657363281,1.0128886699676514,True,0.115234375,1.7346826642751694,0.14404299802845344,64.521484375,-0.724662184715271,0.5799368619918823,2.7457666397094727,0.5477375984191895,2137,0.884765625
-0.13427734375,457,0.6145691310159486,2.690268691311258,True,0.5823521059112423,0.43021874756086614,1.0576723217964172,True,0.107421875,1.688138734549284,0.13427734619472176,64.369140625,-0.8038573265075684,0.6634705066680908,2.926926612854004,0.6345289349555969,2138,0.892578125
-0.11230471730232239,466,0.6369778356582823,2.9458415651526066,True,0.6017002363573328,0.37079934268258513,0.9021127820014954,True,0.08984375,1.5614412780851126,0.11230472032912076,64.37109375,-0.8109939098358154,0.7382031083106995,3.148344039916992,0.6609866619110107,2139,0.91015625
-0.1616210639476776,446,0.6317987472754423,2.7188897624678674,True,0.5992389731610301,0.4338005497818813,0.8967695534229279,True,0.130859375,1.8565112873911858,0.1616210716892965,64.775390625,-0.8785386085510254,0.7743778824806213,2.9739699363708496,0.6813030242919922,2140,0.87109375
-0.0903320461511612,475,0.6048069901215403,2.745937704287077,True,0.5719233018473576,0.34089326616376636,0.9108841717243195,True,0.072265625,1.367687702178955,0.0903320451034233,62.703125,-0.7365292906761169,0.6287552118301392,3.0157549381256104,0.6100824475288391,2141,0.927734375
-0.07080073654651642,483,0.5748637004545264,2.7007055203613537,True,0.5425216905448746,0.31633195688482374,0.9090456366539001,True,0.056640625,1.2744417916983366,0.07080073858378455,61.9140625,-0.7022714614868164,0.6387153267860413,2.8175292015075684,0.5977296829223633,2142,0.943359375
-0.06591794639825821,485,0.527959812670639,2.185437803170116,True,0.5017883426135349,0.3081137971952558,0.9099410176277161,True,0.052734375,1.2041527852416039,0.06591795425629243,62.91796875,-0.6210792064666748,0.47547072172164917,2.318434953689575,0.527397096157074,2143,0.947265625
-0.0859374850988388,477,0.5797906687924448,2.6083415254356974,True,0.5485547591055464,0.32904348502634095,0.903672844171524,True,0.0703125,1.2474285941570997,0.08593748568091542,62.962890625,-0.6848061084747314,0.5004376173019409,2.714221954345703,0.5663647651672363,2144,0.931640625
-0.07080087810754776,483,0.5976056712014335,2.113865725989174,True,0.5722912943017656,0.30427001224597916,0.9140492975711823,True,0.056640625,1.0131854880601168,0.07080087723443285,61.619140625,-0.6988874673843384,0.5202044248580933,2.3078393936157227,0.6004493832588196,2145,0.943359375
-0.07324215769767761,482,0.628431044920846,2.7277160858217613,True,0.5957655885654862,0.30506922682980075,0.8523949980735779,True,0.05859375,1.2269613463431597,0.07324215985136107,61.8828125,-0.7304297685623169,0.543723464012146,2.9107232093811035,0.6223305463790894,2146,0.94140625
-0.08789072930812836,476,0.5307537364859541,2.179300095854687,True,0.5046557593746345,0.3601347984513268,1.0498833656311035,True,0.0703125,1.2453479897230864,0.08789072505169315,61.71875,-0.6431778073310852,0.497379869222641,2.321986675262451,0.5274804830551147,2147,0.9296875
-0.07373049855232239,482,0.6679074744465934,2.8237824533984868,True,0.634091581051775,0.3178034504875541,0.9056478440761566,True,0.060546875,1.2588677257299423,0.0737304940703325,62.142578125,-0.7714847326278687,0.6566833257675171,2.9393410682678223,0.6625545024871826,2148,0.94140625
-0.0556640699505806,489,0.5593204303265593,2.498155640678172,True,0.5294040457358878,0.2972412157803774,0.8745695054531097,True,0.04296875,1.3332648370414972,0.05566407380683813,61.9375,-0.6300340890884399,0.417990118265152,2.584987163543701,0.5434138178825378,2149,0.955078125
-0.0634765774011612,486,0.5678843083205045,2.4962450368904774,True,0.5379907812601256,0.2988564748317003,0.8556489944458008,True,0.05078125,1.2850020322948694,0.06347657303558663,62.03515625,-0.6634910106658936,0.5082606673240662,2.6455931663513184,0.5683324337005615,2150,0.94921875
-0.06347662210464478,486,0.5861153016365115,2.9262116239885256,True,0.5510727665061323,0.31434915235731753,0.9487636089324951,True,0.05078125,1.2223961306735873,0.06347662344342098,61.90625,-0.6751434803009033,0.46836408972740173,3.045290946960449,0.5751983523368835,2151,0.94921875
-0.07324216514825821,482,0.5863359281136288,2.719537812149871,True,0.5537683926677309,0.34076946531422436,1.0081884264945984,True,0.05859375,1.3177921790629625,0.07324216928100213,61.419921875,-0.6874370574951172,0.52593994140625,2.898634195327759,0.5794825553894043,2152,0.94140625
-0.05126950889825821,491,0.5977119425892101,3.0177555686344677,True,0.5615731290790068,0.2937227610033005,0.883012443780899,True,0.041015625,1.3170154057443142,0.05126950051635504,62.080078125,-0.6746079921722412,0.49495914578437805,3.121734857559204,0.585954487323761,2153,0.958984375
-0.07128901779651642,483,0.5371616343286961,2.596108520006294,True,0.5060722226928728,0.3109042684081942,0.864662379026413,True,0.05859375,1.3336555678397417,0.07128901407122612,61.994140625,-0.6415728330612183,0.49520009756088257,2.7479114532470703,0.5373764038085938,2154,0.943359375
-0.0903320163488388,475,0.5660174289502595,2.511163194555986,True,0.5359452721947118,0.34913992683868855,0.9365338087081909,True,0.072265625,1.4300229474902153,0.09033201652346179,63.4140625,-0.6923272609710693,0.5711631774902344,2.6321048736572266,0.5704746842384338,2155,0.927734375
-0.06835933774709702,484,0.5689199276206908,2.423267443318013,True,0.539900348206197,0.31429472237359735,0.8994455337524414,True,0.0546875,1.320925522595644,0.06835933856200427,62.1953125,-0.669292151927948,0.5189658999443054,2.5571095943450928,0.5703103542327881,2156,0.9453125
-0.0439453199505806,494,0.6212702377846367,2.5708723343335667,True,0.5904830347912514,0.29395225057378416,0.9376684725284576,True,0.03515625,1.249464776366949,0.04394531610887498,62.232421875,-0.67710942029953,0.45490142703056335,2.6699771881103516,0.6011900901794434,2157,0.96484375
-0.06152341887354851,487,0.5085907210070005,2.2710190158360306,True,0.4813943865730043,0.3193398272385821,0.9648300111293793,True,0.05078125,1.2970082201063633,0.06152341194683686,62.66015625,-0.590319037437439,0.4787563383579254,2.3865668773651123,0.5002155303955078,2158,0.951171875
-0.060546889901161194,487,0.5807579408191312,2.7888062710145176,True,0.547360885559411,0.29821220219600947,0.8788459599018097,True,0.046875,1.2379223965108395,0.06054689089069143,62.9453125,-0.6625550985336304,0.4634850025177002,2.9097537994384766,0.567162811756134,2159,0.951171875
-0.0849609225988388,477,0.4930306053261587,2.3273065934890975,True,0.46516020449202516,0.3364049999974668,0.9395540356636047,True,0.06640625,1.2706655133515596,0.08496091503184289,64.74609375,-0.6127369403839111,0.48237690329551697,2.4850516319274902,0.4980165958404541,2160,0.931640625
-0.10986332595348358,467,0.5629955313190403,2.386026681873477,True,0.5344219119696852,0.3785704173147678,0.9815715551376343,True,0.087890625,1.4478554408997297,0.10986333066830412,65.978515625,-0.7419313192367554,0.6600350737571716,2.7302463054656982,0.5993722677230835,2161,0.912109375
-0.10986331850290298,467,0.6150483564340072,2.965303240292078,True,0.5795376926213821,0.3816936305025592,1.033289611339569,True,0.087890625,1.3034478444606066,0.10986331367166713,64.861328125,-0.7824740409851074,0.657091498374939,3.275662660598755,0.6333833932876587,2162,0.912109375
-0.0732421949505806,482,0.5698868476503618,2.5330071399815353,True,0.5395530803569619,0.324257550900802,0.9487228393554688,True,0.05859375,1.2254156861454248,0.07324219751171768,64.3046875,-0.6819826364517212,0.5778743028640747,2.749135971069336,0.5758185386657715,2163,0.94140625
-0.0708007737994194,483,0.5386977316676708,2.5068413110500045,True,0.5086773227954257,0.3020253682276234,0.8394868969917297,True,0.056640625,1.2665442675352097,0.07080077467253432,64.66796875,-0.6471256017684937,0.5343966484069824,2.6021761894226074,0.5451626777648926,2164,0.943359375
-0.048828087747097015,492,0.5730666930113382,2.27346739148706,True,0.5458410299890409,0.3105367609648965,0.9969843327999115,True,0.0390625,1.2462360579520464,0.04882809065748006,63.68359375,-0.6366860270500183,0.43108394742012024,2.3106863498687744,0.5601865649223328,2165,0.9609375
-0.0805664211511612,479,0.5895713986459505,2.624769328158185,True,0.5581387604950364,0.3202109860954806,0.8740888833999634,True,0.064453125,1.2965357201173902,0.08056642231531441,65.39453125,-0.6931278705596924,0.5154417753219604,2.709285259246826,0.5801167488098145,2166,0.935546875
-0.0683593675494194,484,0.5301240401819717,2.319277727899473,True,0.5023497761773669,0.3202586491475813,0.9192090034484863,True,0.0546875,1.3611495103687048,0.06835937086725608,63.751953125,-0.6265355348587036,0.4578823149204254,2.4941623210906982,0.5283076763153076,2167,0.9453125
-0.0952148288488388,473,0.5473899054980933,2.5131439139424616,True,0.5172940177594885,0.3428629303816706,0.8764106035232544,True,0.076171875,1.4473194256424904,0.09521483641583472,64.087890625,-0.6783217191696167,0.5121228694915771,2.7254719734191895,0.5504682660102844,2168,0.923828125
-0.1079101413488388,468,0.5066383715368744,1.8143987375446877,True,0.4849102385023721,0.358921358617954,0.9374450445175171,True,0.087890625,1.2704441379755735,0.1079101418145001,64.3984375,-0.6512691974639893,0.5339083671569824,2.015953540802002,0.5192172527313232,2169,0.9140625
-0.0849609375,477,0.6292267919086562,2.24690810189557,True,0.6023191803406369,0.33640224549453707,0.9177029728889465,True,0.06640625,1.3580141067504883,0.08496094401925802,62.9140625,-0.7445038557052612,0.524192750453949,2.3554937839508057,0.6313349008560181,2170,0.931640625
-0.1074218600988388,468,0.5660576280365643,2.6444751014057393,True,0.5343889904837323,0.34544159271754327,0.8280105590820312,True,0.0859375,1.4483521487563848,0.1074218712747097,64.57421875,-0.7126531600952148,0.5991849899291992,2.84281587600708,0.5711874961853027,2171,0.9140625
-0.1069335862994194,468,0.6064559205984459,2.4517285151359367,True,0.5770955126509707,0.36508055911399423,0.9393019378185272,True,0.083984375,1.4057316947728395,0.10693358612479642,62.259765625,-0.751124382019043,0.5922185778617859,2.5980257987976074,0.6130784749984741,2172,0.9140625
-0.08593747764825821,477,0.5071944935516741,2.269176983983262,True,0.48002021417677787,0.3168045888654888,0.8107599318027496,True,0.0703125,1.3743024859577417,0.08593747799750417,62.4921875,-0.6263058185577393,0.4900224506855011,2.483766794204712,0.5106241703033447,2173,0.931640625
-0.1586914360523224,447,0.601288636925503,2.3553733847018594,True,0.5730821008916936,0.40871077524498106,0.8697854578495026,True,0.126953125,1.5212448593229055,0.15869143774034455,64.876953125,-0.8236424922943115,0.6737493276596069,2.6946911811828613,0.6326810717582703,2174,0.873046875
-0.1074218899011612,468,0.5214511869300126,2.230158644863683,True,0.4947441607458979,0.36324328251648696,0.8939625024795532,True,0.0859375,1.5405776500701904,0.10742189851589501,63.318359375,-0.6657180786132812,0.5368179678916931,2.409092903137207,0.5294463634490967,2175,0.9140625
-0.06591787934303284,485,0.5205371001332076,2.378085632668328,True,0.49205858897917043,0.32664969507604835,0.9534712433815002,True,0.052734375,1.400751255452633,0.06591788289370015,61.841796875,-0.607267439365387,0.4352361857891083,2.4668188095092773,0.5118083953857422,2176,0.947265625
-0.09960946440696716,471,0.5930884398219438,2.395389095233504,True,0.5644027082024107,0.3535600275499746,0.899420827627182,True,0.078125,1.4813279882073402,0.09960946219507605,63.154296875,-0.7159016728401184,0.527988851070404,2.4662649631500244,0.5867577791213989,2177,0.919921875
-0.10986320674419403,467,0.5635133545199604,2.594875345904005,True,0.5324387076835306,0.37254671168047937,0.9122971892356873,True,0.087890625,1.6044812500476837,0.10986320930533111,63.220703125,-0.7095010280609131,0.5619432330131531,2.8470475673675537,0.5655432939529419,2178,0.912109375
-0.10253900289535522,470,0.5569949890704865,2.2809560405447127,True,0.5296796498146462,0.35850065425038335,0.9167492687702179,True,0.08203125,1.4522361122071743,0.1025389934075065,62.865234375,-0.6980533599853516,0.5390938520431519,2.4674952030181885,0.5659650564193726,2179,0.91796875
-0.12939459085464478,459,0.5233369470941215,2.19325270891709,True,0.4970718717652989,0.399736384418793,0.9387429356575012,True,0.103515625,1.651864130049944,0.12939458870096132,63.478515625,-0.6918348073959351,0.5475904941558838,2.442112445831299,0.5331950187683105,2180,0.896484375
-0.10156245529651642,470,0.6063821698756927,2.354960447676638,True,0.5781805910962694,0.3783615588909015,0.9972439706325531,True,0.078125,1.5470059681683779,0.10156246327096596,62.130859375,-0.7519756555557251,0.6016699075698853,2.595414161682129,0.6193320751190186,2181,0.91796875
-0.1293945610523224,459,0.6100082507190622,2.819644088838615,True,0.5762419069514555,0.3778861142927781,0.8160485327243805,True,0.103515625,1.705637063831091,0.12939454847946763,63.9140625,-0.7992345094680786,0.6878548264503479,3.126743793487549,0.6323959827423096,2182,0.896484375
-0.10986331850290298,467,0.5296697220914623,2.512212212131672,True,0.49958498919546224,0.37477161273127424,0.9407913386821747,True,0.087890625,1.5350007563829422,0.10986330348532647,62.552734375,-0.6795192956924438,0.5475196838378906,2.7766032218933105,0.5364051461219788,2183,0.912109375
-0.10498049855232239,469,0.5736689934852535,2.7787239297366604,True,0.5403926901217463,0.38820807286538184,1.0037489235401154,True,0.083984375,1.6495556831359863,0.10498050245223567,62.509765625,-0.7137213945388794,0.5677061676979065,3.001408815383911,0.5727978348731995,2184,0.916015625
-0.14648443460464478,452,0.5459895434632765,2.546799661838903,True,0.5154906226470406,0.4294436223804951,1.0051492154598236,True,0.1171875,1.6385870184749365,0.1464844278525561,64.037109375,-0.7542308568954468,0.6539082527160645,2.8992371559143066,0.5730270147323608,2185,0.8828125
-0.11962887644767761,463,0.5959647481951291,2.187059500304978,True,0.5697738557217189,0.39198043235810476,0.9532604813575745,True,0.095703125,1.6339889466762543,0.11962888747802936,64.318359375,-0.7483927607536316,0.6483637690544128,2.4263038635253906,0.5997079610824585,2186,0.904296875
-0.1025390699505806,470,0.5376475166767202,2.403919323454512,True,0.5088596622994606,0.3660685386043042,0.8853073120117188,True,0.08203125,1.7293600365519524,0.10253907149308361,64.310546875,-0.6759139895439148,0.5804851651191711,2.5696587562561035,0.5426022410392761,2187,0.91796875
-0.1787109076976776,439,0.5457618626212204,2.5073598840513642,True,0.5157352525715404,0.45039795255288484,0.907662034034729,True,0.14453125,1.803092885762453,0.17871090132393874,66.580078125,-0.7640136480331421,0.6022191047668457,2.8337371349334717,0.5513676404953003,2188,0.857421875
-0.13232421875,458,0.5386510510892326,2.5905155625405785,True,0.5076286076978823,0.380790011305362,0.8362919688224792,True,0.107421875,1.624147979542613,0.1323242163634859,65.171875,-0.7272355556488037,0.632240891456604,2.918661594390869,0.5599592328071594,2189,0.89453125
-0.10986331105232239,467,0.5180314298104934,2.106668837320626,True,0.49280325222832233,0.35174864330329003,0.7885639071464539,True,0.087890625,1.683450985699892,0.10986331256572157,65.4375,-0.6558361053466797,0.4915080666542053,2.2477378845214844,0.5190552473068237,2190,0.912109375
-0.13183589279651642,458,0.5761744152250247,2.2438908081387847,True,0.549302942237479,0.4154083208180964,1.009481966495514,True,0.10546875,1.6335207521915436,0.13183588825631887,65.54296875,-0.7600465416908264,0.6491515636444092,2.5000851154327393,0.5982710719108582,2191,0.89453125
-0.11376956105232239,465,0.5510911227554403,2.572584126585273,True,0.5202834119719844,0.36598843887913973,0.8551668226718903,True,0.087890625,1.623710185289383,0.11376956419553608,65.525390625,-0.6935127377510071,0.547412633895874,2.689798355102539,0.5475318431854248,2192,0.908203125
-0.11962886899709702,463,0.5827587456090405,2.255248497680763,True,0.5557512613274882,0.3790321965236217,0.9075573682785034,True,0.095703125,1.5578371975570917,0.119628862477839,64.951171875,-0.7361654043197632,0.6023647785186768,2.4839911460876465,0.5867897272109985,2193,0.904296875
-0.12646484375,460,0.6665999345157458,3.07750798308331,True,0.6297455689181453,0.3852315289201215,0.9092346131801605,True,0.099609375,1.5383954085409641,0.12646483222488314,64.298828125,-0.8233370780944824,0.6284006834030151,3.263444662094116,0.6577911972999573,2194,0.8984375
-0.166015625,444,0.5684575374061996,2.5871976968404407,True,0.5374748341672057,0.4232822614954785,0.8903619945049286,True,0.1328125,1.583885008469224,0.1660156126599759,65.708984375,-0.8188290596008301,0.7490333318710327,2.925462245941162,0.6177798509597778,2195,0.8671875
-0.12207034230232239,462,0.5328858879221466,2.588447418047752,True,0.5018882121874657,0.3801841887761839,0.9154565632343292,True,0.09765625,1.5004505403339863,0.12207034614402801,65.45703125,-0.6916470527648926,0.5331650972366333,2.75471568107605,0.5365879535675049,2196,0.90234375
-0.1782226711511612,439,0.5495149456558573,2.0042969689010754,True,0.5255127069890363,0.4544638123828918,0.9431512355804443,True,0.142578125,1.7522179558873177,0.17822266789153218,66.48046875,-0.786571741104126,0.6626389026641846,2.208421468734741,0.5819024443626404,2197,0.857421875
-0.14404290914535522,453,0.5899829611872995,2.17316371031418,True,0.5639584744739744,0.4136893060989678,0.9201779663562775,True,0.115234375,1.7122160159051418,0.1440429111244157,65.150390625,-0.7796378135681152,0.6331541538238525,2.423936367034912,0.6065672636032104,2198,0.884765625
-0.1855468600988388,436,0.5347124901386576,2.6234907305568727,True,0.5032951569338457,0.4689550283132121,0.9695093035697937,True,0.1484375,1.7901261672377586,0.18554685899289325,66.091796875,-0.7765148878097534,0.6267268657684326,2.91086483001709,0.5561091899871826,2199,0.8515625
-0.1342773139476776,457,0.5414365916074757,2.3785138401473898,True,0.5129529442515884,0.4130393931409344,0.9348230063915253,True,0.107421875,1.8359493054449558,0.13427732422132976,63.609375,-0.7148817777633667,0.568230390548706,2.583533525466919,0.549665629863739,2200,0.892578125
-0.14892573654651642,451,0.5493149331826592,2.525446940419943,True,0.5190717214491309,0.41377022680826486,0.8481099307537079,True,0.119140625,1.9044498559087515,0.14892574603436515,64.595703125,-0.7371073365211487,0.5699344873428345,2.7208950519561768,0.5555977821350098,2201,0.880859375
-0.10302736610174179,470,0.6484139569262242,3.1475515933746987,True,0.6107207856279737,0.3544490249129012,0.8082004189491272,True,0.083984375,1.7956314086914062,0.1030273680225946,62.96875,-0.7839502096176147,0.5704717636108398,3.2826285362243652,0.64161217212677,2202,0.91796875
-0.1440429836511612,453,0.558434378692909,1.9865720153644386,True,0.534644395507724,0.43807479322422294,0.9950655996799469,True,0.115234375,1.9003736935555935,0.14404298726003617,64.12890625,-0.7491292357444763,0.6052224040031433,2.2089009284973145,0.5786337852478027,2203,0.884765625
-0.14648446440696716,452,0.5371603419822929,2.304391747027372,True,0.5095643401145935,0.4166203594766557,0.8862605094909668,True,0.1171875,1.8576760236173868,0.14648445579223335,63.328125,-0.7314851880073547,0.591770350933075,2.569119453430176,0.5542346239089966,2204,0.8828125
-0.1635742038488388,445,0.5639068089844135,2.450666930434409,True,0.5345591249090902,0.4422601700061932,0.9434446692466736,True,0.130859375,1.7999403979629278,0.1635742129292339,63.404296875,-0.794190526008606,0.6745392084121704,2.8231592178344727,0.5968078374862671,2205,0.869140625
-0.1342773139476776,457,0.5154180782368198,2.4586401643064404,True,0.48597489744098754,0.3968525479082018,0.8700941801071167,True,0.107421875,1.771127674728632,0.134277326927986,62.92578125,-0.6918829679489136,0.5641472935676575,2.625544548034668,0.5261636972427368,2206,0.892578125
-0.0756836012005806,481,0.6014493603468436,2.5370815590860443,True,0.5710668133846688,0.3442169562447816,0.9752661883831024,True,0.060546875,1.4696023724973202,0.07568359968718141,60.28515625,-0.6955124139785767,0.5154981017112732,2.6467320919036865,0.5881330966949463,2207,0.939453125
-0.10986328125,467,0.49106696024696633,2.3178823269919615,True,0.4633094031499336,0.386198841384612,0.9745413064956665,True,0.087890625,1.6285459361970425,0.10986328270519152,60.7421875,-0.6310914754867554,0.5085728764533997,2.465630531311035,0.4917013347148895,2208,0.912109375
-0.1220703199505806,462,0.5466341732384322,2.3393855342617282,True,0.5186191291520089,0.3937746175564826,0.9385963976383209,True,0.09765625,1.6797003503888845,0.1220703205326572,60.095703125,-0.7141075730323792,0.6005197763442993,2.639172077178955,0.5604320764541626,2209,0.90234375
-0.12451180815696716,461,0.6029575377896653,3.2812567507108747,True,0.5636632061056357,0.3787143775494769,0.9225504398345947,True,0.099609375,1.3938493486493826,0.12451181974029168,59.818359375,-0.7712869048118591,0.6093012690544128,3.5012588500976562,0.6048462390899658,2210,0.900390625
-0.0898437649011612,475,0.5397527025875292,2.575513233385588,True,0.5089099058979436,0.3350968550192192,0.8662624061107635,True,0.0703125,1.4400119986385107,0.08984377351589501,58.876953125,-0.6601953506469727,0.5292679071426392,2.732600688934326,0.537627637386322,2211,0.927734375
-0.10742184519767761,468,0.5752334396044414,2.628779590639294,True,0.5437527831293579,0.3646134854992852,0.9330859482288361,True,0.0859375,1.4114889670163393,0.10742184612900019,58.71484375,-0.7270777225494385,0.5818877816200256,2.881896734237671,0.58514404296875,2212,0.9140625
-0.0952148586511612,473,0.6187047573401107,3.172290474365428,True,0.5807153388511302,0.31639544989448043,0.7542015314102173,True,0.076171875,1.4068056903779507,0.09521485725417733,58.48046875,-0.7507660984992981,0.5629765391349792,3.3391060829162598,0.6155641078948975,2213,0.923828125
-0.08789059519767761,476,0.6636942985678921,2.3691049764136305,True,0.6353233233720315,0.34168509317096324,0.9029707908630371,True,0.0703125,1.4640068300068378,0.08789059234550223,59.05859375,-0.7989280223846436,1.3032335042953491,2.5980496406555176,0.679924726486206,2214,0.9296875
-0.08544917404651642,477,0.5511372071891961,2.4809494121019697,True,0.5214268658895913,0.3536055708304047,0.90398770570755,True,0.068359375,1.7471771016716957,0.08544917235849425,60.5546875,-0.662234902381897,0.48809248208999634,2.5669498443603516,0.5460454225540161,2215,0.931640625
-0.1147460862994194,465,0.5671780002373521,2.5792405756570957,True,0.5362905858665384,0.39094584858976306,0.948381632566452,True,0.091796875,1.730468776077032,0.11474608106072992,62.04296875,-0.723115086555481,0.5553674101829529,2.781381607055664,0.5750608444213867,2216,0.908203125
-0.11914072930812836,463,0.5841477195336031,2.600371762949241,True,0.5530072347005551,0.39790862060617654,0.9921806454658508,True,0.09375,1.6066351179033518,0.11914073291700333,61.8125,-0.7364998459815979,0.5670838356018066,2.8298091888427734,0.5834711194038391,2217,0.904296875
-0.07861328125,480,0.5295046389102935,2.109224271774292,True,0.5042458514372509,0.34557662745937706,0.9358151853084564,True,0.064453125,1.5960059687495232,0.0786132892826572,60.62890625,-0.6322585344314575,0.45401981472969055,2.252899646759033,0.5266659259796143,2218,0.9375
-0.09521478414535522,473,0.5727686694258111,2.3768228879690674,True,0.5443052939330296,0.3515304228756577,0.8917770683765411,True,0.076171875,1.5592045281082392,0.09521478187525645,61.435546875,-0.7152053117752075,0.5767077207565308,2.5812196731567383,0.5890793204307556,2219,0.923828125
-0.05859377235174179,488,0.5552100890972576,2.3207285619172895,True,0.5274184624679753,0.3173990951385349,0.8847529888153076,True,0.046875,1.6370944194495678,0.05859377625165507,61.41015625,-0.6367128491401672,0.45936664938926697,2.42391300201416,0.5490917563438416,2220,0.953125
-0.09716789424419403,472,0.5392954490952573,2.459910376597259,True,0.5098370546001498,0.3398297669366002,0.8876343667507172,True,0.076171875,1.3027000557631254,0.09716788912191987,62.74609375,-0.6713840365409851,0.5049682259559631,2.6112356185913086,0.5429455041885376,2221,0.921875
-0.09277333319187164,474,0.562906376420194,2.590284769042132,True,0.5318866902765845,0.3319194950861857,0.8869085609912872,True,0.07421875,1.2352889906615019,0.09277333237696439,61.7734375,-0.6849187612533569,0.5376662015914917,2.6995909214019775,0.5598167181015015,2222,0.92578125
-0.0830078199505806,478,0.5515635968750989,2.4277660138437436,True,0.522490147766209,0.3354931446025148,0.9592877626419067,True,0.06640625,1.2125553246587515,0.08300782443257049,62.814453125,-0.6659392714500427,0.4986101984977722,2.5813732147216797,0.5520185232162476,2223,0.93359375
-0.06787114590406418,484,0.5758496035229075,2.151665092499788,True,0.5500825535167346,0.3140878356294707,0.9200457036495209,True,0.052734375,1.244150908663869,0.0678711473592557,62.365234375,-0.6605582237243652,0.4754493534564972,2.248253107070923,0.5657633543014526,2224,0.9453125
-0.07812497019767761,480,0.5254279951254527,2.2352954785029095,True,0.49865946372350045,0.34643457481288353,1.013010859489441,True,0.0625,1.3141486290842295,0.07812497019767761,63.94921875,-0.6366198658943176,0.4963623583316803,2.4109530448913574,0.5296227931976318,2225,0.9375
-0.10742174834012985,468,0.5313051088243469,2.1409176537114334,True,0.505666793921055,0.3572043313179165,0.9192775189876556,True,0.0859375,1.3185414355248213,0.10742175474297255,64.06640625,-0.6885671615600586,0.5648164749145508,2.3792529106140137,0.5526527762413025,2226,0.9140625
-0.09521488845348358,473,0.560745269186149,2.4126803083601254,True,0.5318524758735117,0.356027549598366,0.9661993384361267,True,0.076171875,1.3514556512236595,0.09521489823237062,63.431640625,-0.6784797310829163,0.4938993453979492,2.549276351928711,0.5527363419532776,2227,0.923828125
-0.10009761154651642,471,0.5771685880460558,2.7787581826471217,True,0.5438918637115738,0.34948143779765817,0.9078019559383392,True,0.080078125,1.3564687483012676,0.10009760956745595,63.904296875,-0.7035561800003052,0.5427239537239075,2.876804828643799,0.5690076351165771,2228,0.919921875
-0.12207037955522537,462,0.5798591057975571,2.726412934658331,True,0.547209261686771,0.3670149507117458,0.9204370379447937,True,0.09765625,1.2171431798487902,0.12207038175256457,64.04296875,-0.7334246635437012,0.5686572790145874,2.8397772312164307,0.577346920967102,2229,0.90234375
-0.10205085575580597,470,0.5261029953652239,2.238130293754821,True,0.499300514383519,0.34238283052109186,0.8829214572906494,True,0.080078125,1.27495382912457,0.10205084684275789,64.263671875,-0.658078670501709,0.5127962827682495,2.3836820125579834,0.5274823904037476,2230,0.91796875
-0.1293945610523224,459,0.5641231495310799,2.3482317394680443,True,0.5360021645726722,0.372325747506693,0.8595044910907745,True,0.103515625,1.4206058904528618,0.12939455316518433,65.00390625,-0.7124102711677551,0.5215820074081421,2.468996047973633,0.5534485578536987,2231,0.896484375
-0.1318359076976776,458,0.5607963281167127,2.374946500536656,True,0.5323554151183132,0.3892167662037537,0.9093016088008881,True,0.10546875,1.5104105956852436,0.13183591328561306,64.365234375,-0.729023814201355,0.5799065828323364,2.5884807109832764,0.5661897659301758,2232,0.89453125
-0.1342773735523224,457,0.5664374380977721,2.6208177885810966,True,0.5350521191204664,0.39006761957425623,0.9241082668304443,True,0.107421875,1.4193721003830433,0.13427736097946763,63.765625,-0.7508798837661743,0.6123601794242859,2.927560806274414,0.5815438628196716,2233,0.892578125
-0.1416015774011612,454,0.5080054361652172,2.2875166461856358,True,0.48061151966649535,0.38904804169433194,0.8571429252624512,True,0.11328125,1.5203575883060694,0.14160157804144546,64.384765625,-0.7054498195648193,0.6128929257392883,2.5706992149353027,0.5330631732940674,2234,0.88671875
-0.17822265625,439,0.6019456960888822,2.6916842580113163,True,0.5697117264558622,0.43837977778166537,0.912432461977005,True,0.142578125,1.5534126553684473,0.17822264833375812,65.8359375,-0.838176965713501,0.6664955615997314,3.0695276260375977,0.6231955289840698,2235,0.857421875
-0.1728515326976776,441,0.5446256085588277,2.046669897849327,True,0.5201159352077649,0.43890496760141107,0.8911998271942139,True,0.13671875,1.756269285455346,0.17285153723787516,65.73046875,-0.7653161287307739,0.6095820665359497,2.330054759979248,0.5645612478256226,2236,0.861328125
-0.1806640923023224,438,0.556296891545596,2.4876622162997446,True,0.5265061564097121,0.4499241879442707,0.9023962616920471,True,0.14453125,1.7756168693304062,0.1806640915456228,66.212890625,-0.7957301139831543,0.6369456648826599,2.821277618408203,0.5812802314758301,2237,0.85546875
-0.1782226264476776,439,0.4984343778978447,2.341400258361886,True,0.4703951950496856,0.4737134672235698,0.958917111158371,True,0.142578125,2.0741483867168427,0.17822262144181877,66.5,-0.7522260546684265,0.6708841323852539,2.768585681915283,0.5408484935760498,2238,0.857421875
-0.1586914360523224,447,0.5064150791040203,2.225480090318377,True,0.47976408895496814,0.4656587618403137,0.9978651106357574,True,0.126953125,2.1478861421346664,0.15869143063900992,65.986328125,-0.725867748260498,0.6235537528991699,2.577023506164551,0.5363155007362366,2239,0.873046875
-0.1606445163488388,446,0.5286995100333552,2.258154176810397,True,0.5016572288333567,0.4383308805525303,0.8821333348751068,True,0.126953125,2.025193765759468,0.1606445221696049,65.076171875,-0.7436076402664185,0.621863067150116,2.518360137939453,0.552804708480835,2240,0.87109375
-0.2221679538488388,421,0.5460518942592828,2.4980765566973115,True,0.5161364558473619,0.5062600677134469,0.8669416904449463,True,0.177734375,2.214075416326523,0.2221679592039436,66.41796875,-0.8287476301193237,0.6726351976394653,2.7880451679229736,0.5731917023658752,2241,0.822265625
-0.1997070014476776,430,0.567598815158356,2.7417972525884937,True,0.534764711801396,0.483323845686391,0.9149754345417023,True,0.158203125,2.01243544742465,0.19970698503311723,64.81640625,-0.8287233710289001,0.6957897543907166,2.9402947425842285,0.5938051342964172,2242,0.83984375
-0.2001953423023224,430,0.5520608387714209,1.995235339985337,True,0.5281671110973801,0.4732661842601374,0.8890772461891174,True,0.16015625,1.905107893049717,0.20019533776212484,65.724609375,-0.8145380020141602,0.6536850929260254,2.24967622756958,0.5874019265174866,2243,0.83984375
-0.17578129470348358,440,0.6273401422934097,2.361017964103005,True,0.5990660385652021,0.4434760848293081,0.9058460295200348,True,0.140625,1.7305117137730122,0.17578129121102393,64.181640625,-0.8369317054748535,0.652299702167511,2.540321111679077,0.6307291984558105,2244,0.859375
-0.138671875,455,0.563622856402135,2.3992681519015804,True,0.5348906750862416,0.394019750948064,0.8532894551753998,True,0.109375,1.6937998551875353,0.13867186568677425,63.21484375,-0.7493939995765686,0.5910089612007141,2.642998218536377,0.5790711641311646,2245,0.888671875
-0.1577148735523224,447,0.5524565022797127,2.408415491682304,True,0.5236147843484644,0.40975811799289663,0.8691045045852661,True,0.123046875,1.5644470434635878,0.15771486249286681,63.396484375,-0.7834448218345642,0.7195248007774353,2.706697940826416,0.5933162569999695,2246,0.873046875
-0.146484375,452,0.5840344175828242,3.052884044900405,True,0.5474749281343105,0.41075091450475154,0.9107815027236938,True,0.1171875,1.6422046534717083,0.1464843781432137,63.796875,-0.7725591659545898,0.5924324989318848,3.1722404956817627,0.5880860090255737,2247,0.8828125
-0.13916011154651642,455,0.5713913445944314,2.0834780934092763,True,0.5464408795912187,0.4059064713772387,0.9415277242660522,True,0.111328125,1.5688161104917526,0.13916011597029865,63.28125,-0.7802801132202148,0.7058911323547363,2.383047580718994,0.6125820875167847,2248,0.888671875
-0.11718756705522537,464,0.5164314159031572,2.112760305404663,True,0.49113029241561884,0.3607040815288201,0.8463878035545349,True,0.09375,1.4847791008651257,0.11718756263144314,62.6875,-0.6757351160049438,0.5938765406608582,2.2981600761413574,0.531026303768158,2249,0.90625
-0.07568348944187164,481,0.5806736181530784,2.2259580598303788,True,0.5540169033835683,0.31420593645889316,0.8443910777568817,True,0.060546875,1.3928844295442104,0.07568349811481312,61.197265625,-0.6814843416213989,0.575587809085846,2.3463525772094727,0.5777022242546082,2250,0.939453125
-0.10937502980232239,467,0.5951839938791712,2.9969163221771766,True,0.5592947535264671,0.35108650592155755,0.841420441865921,True,0.0859375,1.4685478024184704,0.10937502712476999,61.65625,-0.734635055065155,0.5279135704040527,3.151276111602783,0.5875223278999329,2251,0.912109375
-0.07080081105232239,483,0.5604569721912991,2.248179858515722,True,0.5335341356309058,0.33451761463657026,0.9620944559574127,True,0.056640625,1.4259582478553057,0.07080080942250788,60.609375,-0.6542239189147949,0.49225878715515137,2.3504104614257812,0.5552760362625122,2252,0.943359375
-0.1264648139476776,460,0.5775962295739546,2.183523150112318,True,0.5514476931613425,0.3532069173641503,0.7708715796470642,True,0.099609375,1.4513555243611336,0.12646482232958078,62.4609375,-0.760741114616394,0.635323703289032,2.4333295822143555,0.6051362156867981,2253,0.8984375
-0.09033207595348358,475,0.5257128583757501,2.546582377584357,True,0.4952165304987054,0.32969332470092927,0.8384596705436707,True,0.072265625,1.4333861991763115,0.0903320787474513,61.861328125,-0.6445075273513794,0.48750945925712585,2.7282497882843018,0.5215035676956177,2254,0.927734375
-0.07519536465406418,481,0.6064448085247602,3.057763528922987,True,0.569826897613224,0.31897980445064605,0.9062171578407288,True,0.05859375,1.2508200947195292,0.075195366400294,60.58984375,-0.7060612440109253,0.5120365023612976,3.153409004211426,0.5931026339530945,2255,0.939453125
-0.07568356394767761,481,0.6028868935212276,2.7540208743168764,True,0.5699064247697406,0.3182912212796509,0.8981017768383026,True,0.060546875,1.2597460597753525,0.0756835627835244,61.3828125,-0.7091357707977295,0.5161809325218201,2.869861125946045,0.5990844368934631,2256,0.939453125
-0.08056644350290298,479,0.5588136728471902,2.3360413320378117,True,0.5308386605069632,0.3155297396704555,0.8992738425731659,True,0.064453125,1.1021704822778702,0.0805664457147941,61.349609375,-0.6673381328582764,0.511460542678833,2.4766221046447754,0.5571132302284241,2257,0.935546875
-0.0708007663488388,483,0.5253378452721591,2.296260755501426,True,0.4978392321624125,0.31744431317783894,0.938649445772171,True,0.056640625,1.1782731674611568,0.07080076454440132,60.9375,-0.6232571601867676,0.4885837137699127,2.463503122329712,0.522955060005188,2258,0.943359375
-0.07714848220348358,480,0.5019329547882079,1.9890968879063924,True,0.4781127373377482,0.29590299441479145,0.7745521664619446,True,0.05859375,1.276881366968155,0.07714849174953997,62.61328125,-0.610461950302124,0.47707533836364746,2.127716064453125,0.5078333020210266,2259,0.9375
-0.07568352669477463,481,0.5451845417647253,2.6769507164271107,True,0.5131270050258994,0.35141253184992816,1.0566841661930084,True,0.060546875,1.287843244150281,0.07568353338865563,63.0,-0.6391478180885315,0.5021856427192688,2.7314419746398926,0.5307540893554688,2260,0.939453125
-0.06298825889825821,486,0.5448002466939604,2.4401949737297652,True,0.5155779523123439,0.29944204504135996,0.8732549846172333,True,0.048828125,1.2360558174550533,0.0629882556386292,63.00390625,-0.6271983981132507,0.5002471208572388,2.52120304107666,0.5340176820755005,2261,0.94921875
-0.03417966514825821,498,0.4907873737285414,1.9616454518942463,True,0.4672958933445343,0.2802731144009158,0.9001747667789459,True,0.02734375,1.3211698289960623,0.03417966730194166,61.572265625,-0.5350099802017212,0.3520229756832123,2.0256576538085938,0.47657227516174316,2262,0.97265625
-0.0634765625,486,0.5548138609884207,2.6008956795366704,True,0.5236671119315144,0.30518901438917967,0.9122949540615082,True,0.05078125,1.1850693691521883,0.06347655423451215,63.62890625,-0.6429318785667419,0.46820375323295593,2.753636121749878,0.5464794635772705,2263,0.94921875
-0.07080072909593582,483,0.6458535715166333,3.0083644395042404,True,0.6098272272271893,0.30616842813324185,0.8903720676898956,True,0.056640625,1.1458656378090382,0.07080073037650436,62.712890625,-0.7434315085411072,0.5444927215576172,3.219202995300293,0.6340795159339905,2264,0.943359375
-0.0390625074505806,496,0.5345958221343254,2.4555815496752342,True,0.5051892592060949,0.25739383371546865,0.8413064479827881,True,0.03125,1.0014007221907377,0.039062507334165275,62.130859375,-0.5879796743392944,0.39617207646369934,2.56462025642395,0.5182048678398132,2265,0.96875
-0.07568350434303284,481,0.6108836884805914,2.7483027387805397,True,0.5779716881793651,0.3125669529545121,0.9395842254161835,True,0.060546875,0.9793322533369064,0.07568349473876879,62.548828125,-0.7107288241386414,0.517269492149353,2.8833560943603516,0.6005159020423889,2266,0.939453125
-0.06591803580522537,485,0.59688446779841,2.6033962800330723,True,0.5657077679929045,0.29713038930203767,0.8866339027881622,True,0.052734375,1.0777115877717733,0.06591802946059033,62.431640625,-0.6881530284881592,0.47614362835884094,2.7120184898376465,0.5897575616836548,2267,0.947265625
-0.0815429836511612,479,0.5404479995152149,2.4816030211637807,True,0.5107298426190099,0.3208956581773237,0.9032460451126099,True,0.068359375,1.1740692015737295,0.08154298749286681,62.91015625,-0.6582819819450378,0.5215997695922852,2.7060914039611816,0.5443325042724609,2268,0.935546875
-0.05908198654651642,488,0.6124436523093553,2.64231351750796,True,0.5808009324503727,0.31723394051659853,0.9799461662769318,True,0.048828125,1.2432543691247702,0.059081986284581944,62.431640625,-0.6897011995315552,0.5243878960609436,2.82089900970459,0.5968378186225891,2269,0.953125
-0.0659179762005806,485,0.5691597776314645,2.601878077959277,True,0.538001269409337,0.31024689847836273,0.8691550493240356,True,0.052734375,1.409958278760314,0.06591797398868948,63.08203125,-0.6582291126251221,0.4930151700973511,2.7176175117492676,0.5597665905952454,2270,0.947265625
-0.10058590024709702,471,0.4501152072742486,1.8431407640947153,True,0.4280428743413046,0.3610405853716656,0.8632994294166565,True,0.08203125,1.7558962367475033,0.10058588805259205,65.146484375,-0.5900442600250244,0.5090437531471252,2.041747570037842,0.46500757336616516,2271,0.919921875
-0.08251962065696716,478,0.5556424068107764,2.6004256653486433,True,0.524501295019892,0.37302059675566857,0.9716532528400421,True,0.064453125,1.923406146466732,0.08251963689690456,64.984375,-0.6566119194030762,0.45931610465049744,2.713846206665039,0.5415929555892944,2272,0.93359375
-0.0927734225988388,474,0.5200135622346451,2.5249823960573865,True,0.4897759058807469,0.3590142133180052,0.8146907389163971,True,0.07421875,2.0660530291497707,0.0927734132274054,66.201171875,-0.6476516723632812,0.5093610882759094,2.7042531967163086,0.522493839263916,2273,0.92578125
-0.056152403354644775,489,0.6077892978986105,2.5761231981172155,True,0.5769392049020052,0.34173981042113155,0.9366258978843689,True,0.044921875,1.965244386345148,0.05615241063060239,65.490234375,-0.6973289251327515,0.5537339448928833,2.7459464073181152,0.608292818069458,2274,0.955078125
-0.06103520467877388,487,0.5092874176693158,1.7803787640477597,True,0.48796668654839365,0.34586657329928133,0.9198825359344482,True,0.048828125,2.017097219824791,0.06103520217584446,64.607421875,-0.5913282036781311,0.4354345202445984,1.8734829425811768,0.5078573822975159,2275,0.951171875
-0.08300776779651642,478,0.49935087898286307,2.1192592292649968,True,0.4739719242730399,0.34485143374186006,0.8340860605239868,True,0.06640625,1.9005290642380714,0.08300776791293174,64.94140625,-0.6095072627067566,0.46236369013786316,2.249208450317383,0.4995642900466919,2276,0.93359375
-0.06835939735174179,484,0.5411971334583503,1.9369550854706568,True,0.5180013426079237,0.33036269866861406,0.865746021270752,True,0.0546875,1.7770818434655666,0.06835939874872565,65.130859375,-0.6290607452392578,0.45702388882637024,2.0504963397979736,0.5361459255218506,2277,0.9453125
-0.0854492336511612,477,0.5609039726747157,2.7743534267073664,True,0.5276800069169179,0.36706870249472556,0.9643543064594269,True,0.068359375,1.7749722208827734,0.085449228878133,65.087890625,-0.6726374626159668,0.4949416518211365,2.882662773132324,0.5526672601699829,2278,0.931640625
-0.06591792404651642,485,0.5836894406485804,2.1716199115379573,True,0.5576834548379956,0.32817608267068865,0.9218597114086151,True,0.052734375,1.5577241219580173,0.06591793199186213,63.365234375,-0.6681916117668152,0.5235874652862549,2.2793591022491455,0.5749773979187012,2279,0.947265625
-0.0732421875,482,0.5884490811973192,2.185137249127463,True,0.5622812159575863,0.3375417537521571,0.9668585360050201,True,0.05859375,1.4185573607683182,0.07324217614950612,63.408203125,-0.6849938035011292,0.5332762598991394,2.34912371635437,0.5836199522018433,2280,0.94140625
-0.0927734375,474,0.5623602541438637,2.5885885963963053,True,0.5313608964535756,0.34519395666429775,0.9181345701217651,True,0.07421875,1.3758721332997084,0.09277343447320163,64.59765625,-0.6790075302124023,0.5074282884597778,2.718122959136963,0.5536835193634033,2281,0.92578125
-0.06835935264825821,484,0.5163418239305827,2.330994732123761,True,0.48842724936067566,0.3320926303509623,0.9748071730136871,True,0.0546875,1.3754368498921394,0.06835935130948201,64.138671875,-0.6060354113578796,0.46621549129486084,2.3947176933288574,0.5089983940124512,2282,0.9453125
-0.10009765625,471,0.6001833228042425,2.736151988339272,True,0.5674168356158426,0.34752686518477277,0.9323877692222595,True,0.080078125,1.2190330289304256,0.10009765875292942,64.15625,-0.7408030033111572,0.583997368812561,2.8473033905029297,0.6066077947616577,2283,0.919921875
-0.06347653269767761,486,0.5378813665099597,2.4830236317198957,True,0.5081461805375025,0.3054197984980419,0.9480384290218353,True,0.05078125,1.0467115212231874,0.06347653630655259,62.947265625,-0.6241481304168701,0.4946242868900299,2.5728957653045654,0.5298601388931274,2284,0.94921875
-0.0756835788488388,481,0.6141261533987001,2.351492143222547,True,0.5859661061401924,0.31553127985680474,0.9384993016719818,True,0.060546875,1.0429565384984016,0.07568359083961695,62.806640625,-0.7242447137832642,0.555096447467804,2.5358424186706543,0.6181933879852295,2285,0.939453125
-0.07568364590406418,481,0.5309470246338794,2.452182407438631,True,0.501581184705429,0.3125079489080236,0.9064541161060333,True,0.060546875,1.1106695383787155,0.07568364797043614,61.89453125,-0.6233211755752563,0.4283110201358795,2.5532541275024414,0.5170613527297974,2286,0.939453125
-0.0927734524011612,474,0.48712097366147905,1.7520095914728029,True,0.46613996692850623,0.32777446501422675,0.8885977268218994,True,0.07421875,1.1456292308866978,0.09277345624286681,61.91796875,-0.6050238609313965,0.4605831205844879,1.8750250339508057,0.4897962510585785,2287,0.92578125
-0.08056646585464478,479,0.5441683700039889,2.197581005494629,True,0.5178514812336087,0.32257579602301123,0.9208295941352844,True,0.064453125,1.1568682342767715,0.0805664642539341,61.197265625,-0.6552703380584717,0.4967135787010193,2.3789732456207275,0.5462146997451782,2288,0.935546875
-0.1562500298023224,448,0.5857689040047783,2.5199525015694753,True,0.5555914746863502,0.39195902957580986,0.8375692069530487,True,0.125,1.363903196528554,0.15625002654269338,63.830078125,-0.8205490708351135,0.7170916199684143,2.9554519653320312,0.6289063692092896,2289,0.875
-0.08056637644767761,479,0.5125416977047174,2.336490485265011,True,0.48456131721339285,0.3209167916676961,0.885714203119278,True,0.064453125,1.264151619747281,0.0805663694627583,62.072265625,-0.6140378713607788,0.44669899344444275,2.4088780879974365,0.5046243071556091,2290,0.935546875
-0.11474609375,465,0.6592294016192036,3.2135520683821808,True,0.6207458481352816,0.36410519329365343,0.9030690789222717,True,0.091796875,1.3749055601656437,0.11474609817378223,62.53125,-0.8065077066421509,0.6348013281822205,3.2970337867736816,0.6522784233093262,2291,0.908203125
-0.14160144329071045,454,0.5477772899923871,2.7032597500847304,True,0.5154046983445795,0.4067123225424439,0.9507045745849609,True,0.11328125,1.4993991740047932,0.14160144748166203,64.2734375,-0.7426930665969849,0.6446955800056458,2.974229335784912,0.5654739141464233,2292,0.88671875
-0.09765620529651642,472,0.5190958542338872,2.1622462111004332,True,0.493202100870973,0.3519356007222086,0.9031992852687836,True,0.078125,1.472790652886033,0.09765620928374119,62.16015625,-0.6413542032241821,0.48503372073173523,2.2675957679748535,0.5165425539016724,2293,0.921875
-0.11962890625,463,0.5760530718716896,2.864959334709217,True,0.5417440658511663,0.3716974488226697,0.8470373451709747,True,0.095703125,1.6532214637845755,0.11962890485301614,63.533203125,-0.7380908727645874,0.5849551558494568,3.080137252807617,0.5815760493278503,2294,0.904296875
-0.10742182284593582,468,0.5393735501501296,2.175519053752606,True,0.5133208571336209,0.37768298571463677,0.9534950256347656,True,0.0859375,1.5912432577461004,0.10742181638488546,62.3828125,-0.6754682660102844,0.5133350491523743,2.385624408721924,0.5394775867462158,2295,0.9140625
-0.1513671725988388,450,0.6018896630075243,2.553360907236735,True,0.5713121599621243,0.43545908103697006,0.9354814291000366,True,0.12109375,1.939912237226963,0.15136718237772584,64.201171875,-0.8087230324745178,0.6974309682846069,2.7719693183898926,0.6241604089736938,2296,0.87890625
-0.1464844048023224,452,0.5852208633338457,2.5300312084434307,True,0.5549227437086865,0.4320682751946151,0.9564110934734344,True,0.1171875,1.8860328644514084,0.1464844135043677,64.837890625,-0.789197564125061,0.6296312808990479,2.886220932006836,0.608149528503418,2297,0.8828125
-0.16650396585464478,444,0.5599716456086785,2.3637860744923085,True,0.5316643725644361,0.45236896926071496,0.9587182700634003,True,0.134765625,1.8824268765747547,0.16650396899785846,65.30078125,-0.7747708559036255,0.6100965142250061,2.5204415321350098,0.5780837535858154,2298,0.8671875
-0.1293945163488388,459,0.5742996949256115,2.199570543885491,True,0.5479589712386038,0.4089481648523361,0.938873678445816,True,0.103515625,1.8355783224105835,0.129394510993734,62.693359375,-0.7374324798583984,0.5761215686798096,2.40285587310791,0.5792628526687622,2299,0.896484375
-0.10253918170928955,470,0.5384022788798555,2.5352062448542165,True,0.5080421834550005,0.37536207381635905,0.9114063382148743,True,0.08203125,1.8108325619250536,0.10253917751833797,63.732421875,-0.6711012721061707,0.52230304479599,2.672600507736206,0.5365568399429321,2300,0.91796875
-0.1367187649011612,456,0.6253987331139413,2.154516412500749,True,0.5995975335439047,0.425640883250162,1.000149667263031,True,0.109375,1.7778437994420528,0.1367187590803951,64.03515625,-0.7895879745483398,0.9257883429527283,2.2615561485290527,0.6257861852645874,2301,0.890625
-0.1269530951976776,460,0.5866275134293929,2.6982523855955707,True,0.5543148901151574,0.38294438493903726,0.8662782609462738,True,0.1015625,1.654712613672018,0.12695309973787516,62.265625,-0.7436079978942871,0.565634548664093,2.8369898796081543,0.5826808214187622,2302,0.8984375
-0.13671869039535522,456,0.5308097653221666,2.3845471394689457,True,0.5022538780120381,0.4034652505419217,0.9018160104751587,True,0.109375,1.7276671696454287,0.13671868829987943,61.849609375,-0.7069796919822693,0.570996880531311,2.5605220794677734,0.5395976305007935,2303,0.890625
-0.13427734375,457,0.5636489113519698,2.4992141348006167,True,0.5337198410566316,0.38667214000597594,0.8684251010417938,True,0.107421875,1.5741954930126667,0.1342773431679234,62.083984375,-0.7362010478973389,0.5822477340698242,2.664564609527588,0.570014476776123,2304,0.892578125
-0.1562499850988388,448,0.5529157136167798,2.4584217156682695,True,0.5234751552343369,0.44333034658338877,1.0388685464859009,True,0.125,1.5861329343169928,0.156249986612238,63.18359375,-0.7613613605499268,0.6262919902801514,2.717611074447632,0.5725669860839844,2305,0.875
-0.15283209085464478,449,0.5136770262882809,2.1957364751395243,True,0.4873822141596362,0.40779663717839865,0.8568427264690399,True,0.119140625,1.6719198413193226,0.15283209749031812,63.111328125,-0.7153242230415344,0.6068239808082581,2.453392744064331,0.5331118702888489,2306,0.876953125
-0.1298828423023224,458,0.5838263550179494,2.6222063006271963,True,0.5524244204358763,0.3961799467680976,0.9576477706432343,True,0.09765625,1.495351105928421,0.12988283694721758,61.83203125,-0.7544676065444946,0.5908998250961304,2.8382434844970703,0.5905957221984863,2307,0.89453125
-0.1435546576976776,453,0.6749749789569551,2.6154287248257773,True,0.6436541926518708,0.3898056341568008,0.8567813038825989,True,0.11328125,1.4978941082954407,0.1435546680004336,61.892578125,-0.858860969543457,0.6560935974121094,2.8776473999023438,0.6808453798294067,2308,0.884765625
-0.13671880960464478,456,0.6415878555230927,2.7596722987660183,True,0.6085397067822907,0.38169221663847563,0.8400512039661407,True,0.109375,1.5392634812742472,0.13671879848698154,62.693359375,-0.8192129135131836,0.6361069679260254,2.999920606613159,0.646569013595581,2309,0.890625
-0.11962893605232239,463,0.5765201374083821,2.5647752686659158,True,0.5458059440936176,0.3601648558396846,0.8211246132850647,True,0.095703125,1.5262197684496641,0.11962894338648766,60.763671875,-0.7432565093040466,0.6541306376457214,2.7692599296569824,0.5904646515846252,2310,0.904296875
-0.1342773586511612,457,0.6061335661870385,2.2839402114275504,True,0.5787824885328698,0.38045623267535117,0.840833306312561,True,0.107421875,1.560244269669056,0.1342773555079475,61.908203125,-0.7930734157562256,0.6629656553268433,2.6420092582702637,0.6271569728851318,2311,0.892578125
-0.1660155951976776,444,0.5849605992033675,2.294072303686056,True,0.5574881778107034,0.40484353373758497,0.8118143379688263,True,0.1328125,1.529301231727004,0.16601560270646587,62.87109375,-0.8108155727386475,0.7039787769317627,2.5333633422851562,0.6144618988037109,2312,0.8671875
-0.13671875,456,0.5855371115500466,2.562272448288767,True,0.5548528746554726,0.3904711707495153,0.852488249540329,True,0.109375,1.6650952510535717,0.13671875675208867,62.3359375,-0.7514509558677673,0.5618146061897278,2.7539329528808594,0.5817527770996094,2313,0.890625
-0.10986325144767761,467,0.5359184849185656,2.2623793338555083,True,0.508825599509082,0.3561960943043232,0.8372800052165985,True,0.087890625,1.577537052333355,0.10986323829274625,61.37109375,-0.6682593822479248,0.4929996728897095,2.3696138858795166,0.5300190448760986,2314,0.912109375
-0.17089852690696716,442,0.5309226725975313,1.8818585079719579,True,0.508386674240164,0.46130649975966664,1.00953009724617,True,0.13671875,1.770039264112711,0.1708985167206265,63.921875,-0.7546966671943665,0.6376983523368835,2.2092325687408447,0.5573417544364929,2315,0.86328125
-0.14208984375,454,0.5385692944085547,2.2704104295386096,True,0.511380246688616,0.40297350343316796,0.8928750157356262,True,0.115234375,1.646172957494855,0.14208984916331246,62.693359375,-0.7265499830245972,0.6252104043960571,2.5476901531219482,0.5539506077766418,2316,0.88671875
-0.1440429836511612,453,0.5581421787638801,2.481580180837619,True,0.5284242683293804,0.40452168774791064,0.8958770036697388,True,0.115234375,1.6260659145191312,0.1440429908107035,62.8515625,-0.7471445798873901,0.5884109139442444,2.616166830062866,0.5717719793319702,2317,0.884765625
-0.1342773735523224,457,0.5863208372952902,2.709252616247932,True,0.5538764759017809,0.3794004901312292,0.8538750410079956,True,0.107421875,1.4869620613753796,0.1342773786163889,61.98828125,-0.7627406120300293,0.5811893939971924,2.97695255279541,0.5928131341934204,2318,0.892578125
-0.13671880960464478,456,0.6375047763188679,2.447119629173948,True,0.6081995566685996,0.3909740039380267,0.8999909460544586,True,0.109375,1.485139960423112,0.13671881560003385,61.771484375,-0.8062873482704163,0.6086292266845703,2.5929222106933594,0.6385173797607422,2319,0.890625
-0.12207027524709702,462,0.5893828768234748,2.7595422071811955,True,0.556336278007144,0.35973238726146517,0.8042927384376526,True,0.09765625,1.5360711365938187,0.1220702815335244,62.208984375,-0.7466004490852356,0.6132873296737671,2.943692684173584,0.5892782807350159,2320,0.90234375
-0.1342773288488388,457,0.5909459149420131,2.0553543771121903,True,0.5663322385082621,0.3968579782405868,0.9680894613265991,True,0.107421875,1.3792551178485155,0.13427732954733074,61.828125,-0.7640530467033386,0.60697340965271,2.360759973526001,0.6015046834945679,2321,0.892578125
-0.1826171875,437,0.5722871377757266,2.5238309463047055,True,0.5420632684940059,0.4311368300113827,0.8430822193622589,True,0.14453125,1.5980638843029737,0.18261719029396772,63.73828125,-0.8084422945976257,0.6524927616119385,2.747735023498535,0.5929199457168579,2322,0.853515625
-0.14843755960464478,451,0.5552866205143558,2.6883844309001166,True,0.5230921588821581,0.39329465278424325,0.8714584708213806,True,0.1171875,1.4113077968358994,0.1484375667059794,62.0703125,-0.7463611364364624,0.5914313793182373,2.8672165870666504,0.5635876059532166,2323,0.880859375
-0.18066400289535522,438,0.507425406616028,2.160632344685733,True,0.48155097969590793,0.4467879373813048,0.9498269259929657,True,0.14453125,1.5231711901724339,0.18066399113740772,64.056640625,-0.7384499311447144,0.606323778629303,2.4416000843048096,0.5285467505455017,2324,0.85546875
-0.1513672024011612,450,0.47591753827201,2.126921145121256,True,0.4504468181398179,0.41862659207545216,0.9680332839488983,True,0.12109375,1.4730547238141298,0.15136719786096364,62.03125,-0.6649855375289917,0.5541645884513855,2.248812198638916,0.48668792843818665,2325,0.87890625
-0.2172851264476776,423,0.5337893269586224,2.470542224586433,True,0.5042036146136886,0.48656462273793294,0.9476723670959473,True,0.173828125,1.5949006406590343,0.21728511672699824,63.99609375,-0.8255786895751953,0.7071007490158081,2.898617744445801,0.5735814571380615,2326,0.826171875
-0.185546875,436,0.575048716243254,2.1642970940388677,True,0.5491304151508787,0.4281604315154255,0.8624384701251984,True,0.1484375,1.402517018839717,0.1855468857102096,62.486328125,-0.8014199733734131,0.627235472202301,2.5167763233184814,0.5857336521148682,2327,0.8515625
-0.2246093600988388,420,0.5498372100648427,2.403822397050404,True,0.5210504895164852,0.5087145130615681,0.9916340112686157,True,0.1796875,1.7155669704079628,0.22460936126299202,65.16015625,-0.8451114892959595,0.6932618618011475,2.7651047706604004,0.5873888731002808,2328,0.8203125
-0.234375,416,0.5486434789804312,2.348997629605807,True,0.5205133052972648,0.5405756223015488,1.0855224132537842,True,0.1875,1.781922660768032,0.2343750023865141,64.30078125,-0.8609466552734375,0.7134296894073486,2.68977427482605,0.5943605899810791,2329,0.8125
-0.2758788466453552,399,0.550106508241859,2.3210048851811496,True,0.5223115569069272,0.5521294311154634,0.9052618741989136,True,0.220703125,1.903963603079319,0.27587887924164534,66.158203125,-0.900702714920044,0.7230983376502991,2.7291083335876465,0.5921416282653809,2330,0.779296875
-0.2612304985523224,404,0.5336968408952845,2.4715446162931984,True,0.5040991312206381,0.5466539796441794,0.895945817232132,True,0.201171875,2.124686401337385,0.2612304934300482,65.68359375,-0.8748100996017456,0.7180978655815125,2.730706214904785,0.5808783173561096,2331,0.7890625
-0.29248046875,392,0.5761906711422667,3.0240816194183973,True,0.53997610418164,0.5923933359794319,0.9807364344596863,True,0.232421875,2.0753114204853773,0.2924804746871814,67.16796875,-0.9351183772087097,0.7300572395324707,3.3729569911956787,0.6022453904151917,2332,0.765625
-0.3076171278953552,386,0.5496052305933107,2.389799638733345,True,0.5209864439741935,0.5885530379600823,0.8682724833488464,True,0.24609375,2.145628158003092,0.30761713115498424,67.46875,-0.9161132574081421,0.6940605044364929,2.6552634239196777,0.5766981840133667,2333,0.75390625
-0.40283203125,347,0.5438106017085248,2.40915699376153,True,0.5149600097871995,0.7073142915964127,0.8935916125774384,True,0.322265625,2.515279099345207,0.4028320121578872,70.603515625,-1.041849136352539,0.7716202139854431,2.928819179534912,0.6039433479309082,2334,0.677734375
-0.3540039360523224,367,0.563519137756701,2.3420077468134073,True,0.5354726878921082,0.6492177391424775,0.8744560480117798,True,0.283203125,2.4064517319202423,0.35400393628515303,68.248046875,-1.027173399925232,0.8384325504302979,2.8729233741760254,0.6387650966644287,2335,0.716796875
-0.322265625,380,0.5665203091345336,2.219593148482473,True,0.5399398160608192,0.5901523561915383,0.8047828078269958,True,0.2578125,2.1386034041643143,0.32226562418509275,66.455078125,-0.9810439944267273,0.801947832107544,2.7090015411376953,0.6263370513916016,2336,0.7421875
-0.283203125,396,0.5763460144852147,2.6103047722517845,True,0.5450865897265349,0.5755804408341646,0.9121862351894379,True,0.2265625,2.1988007314503193,0.283203158644028,65.599609375,-0.93449866771698,0.7295876741409302,2.9402666091918945,0.6160846948623657,2337,0.7734375
-0.2954102158546448,391,0.595512658814945,2.3417043280418572,True,0.5674698398546184,0.6071377554209902,1.0119005143642426,True,0.236328125,2.1869490705430508,0.2954101983923465,65.302734375,-0.955712080001831,0.768068790435791,2.7054548263549805,0.6279030442237854,2338,0.763671875
-0.263671875,404,0.605885153949851,2.5313088398168584,True,0.5755717223233516,0.5728801544755697,0.957130491733551,True,0.2109375,2.3556439951062202,0.2636718542780727,64.9765625,-0.9295168519020081,0.7671296000480652,2.815293788909912,0.6321307420730591,2339,0.7890625
-0.23437494039535522,416,0.587866267332664,2.7180791176282444,True,0.5553162006231455,0.5145823752041906,0.8768435120582581,True,0.1875,2.0967745427042246,0.2343749466817826,63.6171875,-0.8787451982498169,0.6890916228294373,2.9559171199798584,0.6089719533920288,2340,0.8125
-0.20751948654651642,427,0.5865530411448914,2.091105400818014,True,0.5615112264346183,0.4648525627329946,0.836742639541626,True,0.166015625,1.7996910084038973,0.20751948340330273,62.19140625,-0.845970630645752,0.6735436320304871,2.3740034103393555,0.6100214719772339,2341,0.833984375
-0.1562500298023224,448,0.5783988194806235,2.436320875372205,True,0.5492229206221444,0.4031087656971067,0.80115807056427,True,0.125,1.7325429134070873,0.15625000488944352,60.10546875,-0.7850181460380554,0.6503419280052185,2.6838388442993164,0.5966281890869141,2342,0.875
-0.16113276779651642,446,0.5833889735119225,2.7354983096700076,True,0.5506302861354812,0.45796298240311445,1.0227957963943481,True,0.12890625,1.8454210087656975,0.16113277024123818,60.236328125,-0.8008999824523926,0.6432132124900818,3.0493741035461426,0.6032496690750122,2343,0.87109375
-0.21630853414535522,423,0.6465760334163693,2.8503349723545366,True,0.6124421496904207,0.5047588417772204,0.9669811427593231,True,0.169921875,1.9010817743837833,0.21630852262023836,62.251953125,-0.9084692597389221,0.6640608310699463,3.013988971710205,0.6560669541358948,2344,0.826171875
-0.1562499701976776,448,0.5691522679158619,2.930528232029506,True,0.5340580259050642,0.4023675373522565,0.802192360162735,True,0.125,1.713581858202815,0.1562499712454155,61.35546875,-0.7729127407073975,0.6649237275123596,3.1071367263793945,0.5794535279273987,2345,0.875
-0.12695322930812836,460,0.6494770713474438,2.752410911477131,True,0.6165158644966457,0.375527062965557,0.8291108012199402,True,0.1015625,1.6550333835184574,0.12695323256775737,60.009765625,-0.8141772150993347,0.6057935357093811,2.909252643585205,0.6523846387863159,2346,0.8984375
-0.1513671875,450,0.5248207381036546,1.9450094159444173,True,0.5015284962124295,0.39184404227416963,0.7925521433353424,True,0.12109375,1.6393284387886524,0.1513671912252903,60.798828125,-0.7184751033782959,0.5758066773414612,2.2327733039855957,0.5403696298599243,2347,0.87890625
-0.1611328423023224,446,0.5660285725187293,2.822126771302501,True,0.5322324973050788,0.4312521206913516,0.9495071172714233,True,0.12890625,1.6043573524802923,0.16113282681908458,60.3046875,-0.7747828960418701,0.640306830406189,2.9904403686523438,0.5778383612632751,2348,0.87109375
-0.1953125,432,0.5497645459793231,2.5167783631218805,True,0.5196251427685772,0.5024509518872947,1.115203857421875,True,0.15625,1.6819535922259092,0.19531250081490725,62.7109375,-0.7871958017349243,0.6179535388946533,2.6192808151245117,0.560516357421875,2349,0.84375
-0.1562499850988388,448,0.5735641036714827,2.421189018658229,True,0.5445694008043833,0.420015313802287,0.9328420758247375,True,0.125,1.5439384644851089,0.15624997235136107,61.498046875,-0.8089337348937988,0.7151001691818237,2.820619583129883,0.6189056634902954,2350,0.875
-0.14843763411045074,451,0.5106166395009754,2.5703322020444004,True,0.4798359088847485,0.4036321366205812,0.8947077095508575,True,0.1171875,1.5250593665987253,0.1484376256703399,61.91015625,-0.707517147064209,0.5922273993492126,2.8776705265045166,0.52461838722229,2351,0.880859375
-0.1782226860523224,439,0.5569581033700148,2.5303849755767263,True,0.5266557638628879,0.4405117128742859,0.9125364720821381,True,0.142578125,1.59563460201025,0.17822268541203812,61.83203125,-0.7841473817825317,0.6433424353599548,2.712747573852539,0.5734384655952454,2352,0.857421875
-0.1538085788488388,449,0.5579463923163296,2.4746449721151573,True,0.5283115403954861,0.42105216891504826,0.9620094001293182,True,0.123046875,1.4968342650681734,0.15380857500713319,61.62109375,-0.7535526752471924,0.5827963948249817,2.7136714458465576,0.5672467947006226,2353,0.876953125
-0.12451176345348358,461,0.5955101820496831,2.524227503582092,True,0.5652815711213813,0.3738272679969668,0.8671961426734924,True,0.099609375,1.5175252966582775,0.1245117736980319,61.36328125,-0.7619836926460266,0.6101853251457214,2.7273569107055664,0.6048108339309692,2354,0.900390625
-0.1445312798023224,453,0.5852849334149435,2.318533588455739,True,0.5575195714074781,0.4219407967524603,0.9850595593452454,True,0.1171875,1.60795196890831,0.1445312846917659,61.517578125,-0.7680747509002686,0.5951551795005798,2.5038630962371826,0.5935587882995605,2355,0.884765625
-0.13916021585464478,455,0.6051373933697796,2.626915295045455,True,0.5736790510324332,0.3973451068159193,0.8850857615470886,True,0.111328125,1.6233548503369093,0.13916020945180207,62.4765625,-0.7960399985313416,0.6338129043579102,2.8852362632751465,0.6223279237747192,2356,0.888671875
-0.12451174855232239,461,0.5587700286035683,2.6134820718827325,True,0.527472545552409,0.3597855419619009,0.7995737493038177,True,0.099609375,1.5071809459477663,0.12451174366287887,62.029296875,-0.718555212020874,0.5516111850738525,2.788222074508667,0.5606533288955688,2357,0.900390625
-0.08544918894767761,477,0.53988569100198,2.4856317778053523,True,0.5101192728528439,0.34107398481573914,0.8825238943099976,True,0.068359375,1.5824002213776112,0.0854491934296675,61.263671875,-0.6453230977058411,0.501882791519165,2.5835049152374268,0.5289353728294373,2358,0.931640625
-0.11474612355232239,465,0.5510854250000369,2.600592313274261,True,0.5199423179190645,0.38219124237075447,0.9307835400104523,True,0.091796875,1.6257682126015425,0.11474612157326192,62.421875,-0.7017231583595276,0.5438727736473083,2.7680625915527344,0.5538283586502075,2359,0.908203125
-0.09033200889825821,475,0.5772165876940677,2.4622103384921425,True,0.5477306450040716,0.3241739827324636,0.8113704025745392,True,0.072265625,1.431357903406024,0.09033200569683686,61.7578125,-0.6967902183532715,0.5127127170562744,2.5660195350646973,0.5757291316986084,2360,0.927734375
-0.08837893605232239,476,0.5980169738040251,2.4402523862213648,True,0.5687940055582705,0.3138261994230561,0.7890766561031342,True,0.072265625,1.3526386395096779,0.08837893686722964,61.1953125,-0.7222766280174255,0.5745437741279602,2.6026737689971924,0.6027296781539917,2361,0.9296875
-0.08300779014825821,478,0.5815674944402782,2.572760076203605,True,0.5507576632699209,0.3420031292829663,0.9402492344379425,True,0.06640625,1.4189096689224243,0.0830077973078005,61.55078125,-0.6954972743988037,0.5543571710586548,2.7388782501220703,0.5796903371810913,2362,0.93359375
-0.07812494039535522,480,0.6216398040453593,2.8529938220977784,True,0.5874740878740947,0.3242020245175809,0.8596258163452148,True,0.0625,1.4830382838845253,0.0781249453430064,60.537109375,-0.7151011228561401,0.4931216835975647,2.95393705368042,0.6016016006469727,2363,0.9375
-0.07812489569187164,480,0.5517417152722676,2.8090587298075356,True,0.5181021352608999,0.34764831615611913,0.9994058012962341,True,0.0625,1.3928453214466572,0.07812488847412169,59.857421875,-0.6546486616134644,0.4870464503765106,2.9535295963287354,0.5411539673805237,2364,0.9375
-0.0976562574505806,472,0.5498693848060349,2.6855138681702697,True,0.5177093077514131,0.3639608306344599,0.9796923696994781,True,0.078125,1.4073219746351242,0.09765625838190317,60.072265625,-0.6838141679763794,0.5397881865501404,2.816027879714966,0.5524348020553589,2365,0.921875
-0.09765617549419403,472,0.582453462026887,1.9254149117712245,True,0.5593958598072247,0.35858389858622103,0.9659797847270966,True,0.078125,1.354635275900364,0.09765617380617186,61.427734375,-0.7095654010772705,0.6214678883552551,2.125453472137451,0.5864560008049011,2366,0.921875
-0.07324223220348358,482,0.556340515860878,2.240076183778122,True,0.5295147190944782,0.3467343400698155,1.0187166929244995,True,0.05859375,1.3949753697961569,0.07324223167961463,59.607421875,-0.667338490486145,0.5742124915122986,2.432471752166748,0.5649664402008057,2367,0.94140625
-0.08544927090406418,477,0.5583428055110468,2.540491143362577,True,0.5279194269040347,0.33853212690446527,0.9190337955951691,True,0.068359375,1.3855219036340714,0.085449272650294,61.4453125,-0.6681451797485352,0.4981779158115387,2.615694999694824,0.5513719320297241,2368,0.931640625
-0.0927734375,474,0.531916643496807,2.3920886727828012,True,0.5032704495176484,0.3476966930087656,0.9296513795852661,True,0.07421875,1.37985959649086,0.09277343610301614,61.03125,-0.6584036946296692,0.5336266756057739,2.556163787841797,0.5350192189216614,2369,0.92578125
-0.08300776034593582,478,0.6106744850031004,2.3200526107804045,True,0.5828909473688533,0.3162908744532615,0.8312360346317291,True,0.06640625,1.3407180476933718,0.08300776287796907,61.37109375,-0.7221664190292358,0.6003332734107971,2.4657793045043945,0.6096299886703491,2370,0.93359375
-0.1201171725988388,463,0.5160894897277618,2.1822618238354354,True,0.4899560544583505,0.35612473397050054,0.8043002188205719,True,0.09765625,1.5029504988342524,0.12011716410052031,62.43359375,-0.6756620407104492,0.5397368669509888,2.4112977981567383,0.5266686677932739,2371,0.904296875
-0.09521489590406418,473,0.5388693872516301,2.3066847354614706,True,0.5112459352102138,0.3105155760422349,0.7213881611824036,True,0.076171875,1.4204610250890255,0.0952148922951892,62.33203125,-0.6771408319473267,0.5746397972106934,2.503119468688965,0.5519500970840454,2372,0.923828125
-0.09765620529651642,472,0.49904391573647316,2.173968189853733,True,0.4730097929299888,0.35375337726436556,0.9059572815895081,True,0.078125,1.4981142599135637,0.09765620686812326,62.193359375,-0.6267967224121094,0.49375680088996887,2.3320388793945312,0.5012134313583374,2373,0.921875
-0.0927734300494194,474,0.48393793800209145,2.215919507706718,True,0.45740144111939124,0.3498990576015785,0.8908679485321045,True,0.07421875,1.5790407918393612,0.09277342789573595,63.38671875,-0.6101380586624146,0.49238401651382446,2.4114480018615723,0.48848655819892883,2374,0.92578125
-0.10498051345348358,469,0.607607587695376,2.77162448937959,True,0.5744162862743142,0.34720913269557063,0.8169689178466797,True,0.083984375,1.5766969583928585,0.10498050058959052,63.8125,-0.7350966930389404,0.5666248202323914,2.864933729171753,0.5958075523376465,2375,0.916015625
-0.14111328125,454,0.5800958724799136,2.423096906771219,True,0.5510783334660636,0.41592203876934947,0.9690131843090057,True,0.111328125,1.6201224327087402,0.14111327764112502,63.408203125,-0.7669469118118286,0.6001010537147522,2.587170124053955,0.5948512554168701,2376,0.88671875
-0.1772460639476776,439,0.49497533034626606,1.934743514365107,True,0.4718060065782152,0.4562715153442696,0.9621118009090424,True,0.138671875,1.732061743736267,0.17724606416595634,65.482421875,-0.7177804708480835,0.6003198027610779,2.208909749984741,0.5140818357467651,2377,0.857421875
-0.1318359375,458,0.5279773441204337,2.380581735002943,True,0.4994689409649527,0.4044132231967524,0.9369707703590393,True,0.10546875,1.7036624066531658,0.13183594634756446,62.98828125,-0.7067654132843018,0.5704861283302307,2.614241600036621,0.5436228513717651,2378,0.89453125
-0.1123047024011612,466,0.6082892831047205,2.5851452841779192,True,0.5773311651315813,0.3881016022758559,0.9359119236469269,True,0.08984375,1.7722903117537498,0.11230469995643944,62.1328125,-0.7524046897888184,0.5971156358718872,2.7789511680603027,0.6068209409713745,2379,0.91015625
-0.16113275289535522,446,0.5678856578643012,2.9455998371534817,True,0.5326109434991674,0.4319889246486127,0.8662095963954926,True,0.12890625,1.9522850587964058,0.16113275079987943,62.50390625,-0.7940578460693359,0.6538597941398621,3.2249207496643066,0.5943053960800171,2380,0.87109375
-0.12646490335464478,460,0.5576463289882827,2.3833012622335685,True,0.5291053616482277,0.38792559942230587,0.8517580628395081,True,0.099609375,1.8221816457808018,0.1264649018412456,62.404296875,-0.7268205881118774,0.5762128233909607,2.6648528575897217,0.5684430599212646,2381,0.8984375
-0.1293945163488388,459,0.5400801786020691,1.9952531042701542,True,0.5161862414906488,0.4163206520723179,0.9553197920322418,True,0.103515625,1.9172435849905014,0.12939451029524207,61.541015625,-0.7094957828521729,0.5849897265434265,2.19572114944458,0.5538066625595093,2382,0.896484375
-0.09277346730232239,474,0.5314565372617939,2.167157453323718,True,0.5055039760181169,0.34246327376458796,0.7913501262664795,True,0.07421875,1.82839560136199,0.09277346706949174,62.140625,-0.6568132638931274,0.5374270677566528,2.3678438663482666,0.5356839895248413,2383,0.92578125
-0.10742183029651642,468,0.5835458814588368,2.576791156051505,True,0.5526878054325397,0.3708543360466138,0.848717212677002,True,0.0859375,1.8737814482301474,0.10742182150715962,61.724609375,-0.7286323308944702,0.5810312628746033,2.675004482269287,0.5891762375831604,2384,0.9140625
-0.14892578125,451,0.5769378770217134,2.484922873075152,True,0.5471799414596642,0.42729816264472903,0.9098166823387146,True,0.119140625,1.9281809888780117,0.1489257732173428,63.458984375,-0.7800077199935913,0.6616683602333069,2.73483943939209,0.5983311533927917,2385,0.880859375
-0.10986338555812836,467,0.5377923083637206,2.5665874182539787,True,0.5070564385016929,0.3726701063802466,0.8495180606842041,True,0.087890625,1.8580621983855963,0.10986338346265256,62.345703125,-0.6760056614875793,0.5052585601806641,2.6733672618865967,0.5341277718544006,2386,0.912109375
-0.09033197909593582,475,0.5504815491877104,2.5014193966514187,True,0.5205260785629875,0.37479520866181704,0.967248797416687,True,0.072265625,1.8202693238854408,0.09033198177348822,61.34375,-0.6827521920204163,0.5504670143127441,2.674713611602783,0.5603893995285034,2387,0.927734375
-0.0634765625,486,0.5128004759427451,2.025606620458909,True,0.4885430392414455,0.31256164782680573,0.8456086814403534,True,0.05078125,1.5992670860141516,0.06347655417630449,60.634765625,-0.6012847423553467,0.4662238359451294,2.1647250652313232,0.5118847489356995,2388,0.94921875
-0.07128894329071045,483,0.6639807915342026,2.9215106693854245,True,0.6289945431130768,0.33302291627041997,0.9369792640209198,True,0.05859375,1.4867623522877693,0.07128894387278706,60.919921875,-0.749321460723877,0.6142198443412781,3.028318166732788,0.641767144203186,2389,0.943359375
-0.10009762644767761,471,0.5303578561531763,2.2750630469838518,True,0.5031130882078928,0.3587439325172454,0.92439004778862,True,0.080078125,1.4753659144043922,0.10009762598201632,61.4921875,-0.6539088487625122,0.5193186402320862,2.35683012008667,0.525587260723114,2390,0.919921875
-0.08789064735174179,476,0.5593072481516028,2.507786722744212,True,0.5292755104914433,0.3248607593588531,0.876115471124649,True,0.0703125,1.2349403630942106,0.0878906463040039,60.310546875,-0.6746473908424377,0.538943350315094,2.6598265171051025,0.5549043416976929,2391,0.9296875
-0.0854492038488388,477,0.531073452041834,2.240213417157187,True,0.504246010720355,0.3286376155912876,0.9351532757282257,True,0.068359375,1.123155191540718,0.08544920000713319,61.107421875,-0.6419615745544434,0.4818651080131531,2.387768507003784,0.5279178619384766,2392,0.931640625
-0.10498043149709702,469,0.5572068419283641,2.84436233618112,True,0.5231444842017282,0.34229129515588286,0.8994365930557251,True,0.083984375,1.1484708357602358,0.10498043423285708,61.77734375,-0.69181227684021,0.5411865711212158,2.97477388381958,0.5512077212333679,2393,0.916015625
-0.09765622019767761,472,0.5267699168900312,2.251013416354939,True,0.4998131455001184,0.3405129960505292,0.888983279466629,True,0.078125,1.3012023363262415,0.09765622194390744,62.77734375,-0.6644827127456665,0.5368713140487671,2.4114136695861816,0.5379488468170166,2394,0.921875
-0.07128901779651642,483,0.5124126069294,2.1164099024936527,True,0.4870677863095364,0.31015027363318953,0.8619977831840515,True,0.05859375,1.329234067350626,0.07128901203395799,62.16015625,-0.620444655418396,0.5367962121963501,2.2754721641540527,0.5219060182571411,2395,0.943359375
-0.09960933774709702,471,0.5441931360846113,2.052768678928383,True,0.5196104339480148,0.35089689267333596,0.9038665294647217,True,0.078125,1.4102849997580051,0.09960933413822204,63.419921875,-0.6785236597061157,0.5456938743591309,2.255880832672119,0.551899254322052,2396,0.919921875
-0.13183589279651642,458,0.5728631449058066,2.6504453123917227,True,0.5411230286656509,0.398079035198316,0.9454086124897003,True,0.10546875,1.5432283580303192,0.1318358947755769,64.625,-0.7574763894081116,0.6315015554428101,2.9117798805236816,0.5907707214355469,2397,0.89453125
-0.1015624925494194,470,0.5818630756215847,2.349466243703315,True,0.5537272998627196,0.3484327553538606,0.8579144179821014,True,0.078125,1.5057474859058857,0.10156249726423994,63.083984375,-0.7181612253189087,0.5997037291526794,2.5258030891418457,0.5863512754440308,2398,0.91796875
-0.10009770095348358,471,0.49172066212206633,1.805321083580106,True,0.4701012238195748,0.34753881082870064,0.8323768079280853,True,0.080078125,1.6193147711455822,0.10009770840406418,62.876953125,-0.6205399036407471,0.5118795037269592,1.9413957595825195,0.49719327688217163,2399,0.919921875
-0.08544918894767761,477,0.5396314680076496,2.6733551765138004,True,0.5076169763970925,0.32803891717921946,0.8185969591140747,True,0.068359375,1.5774069055914879,0.08544917806284502,63.326171875,-0.6474756002426147,0.46784666180610657,2.774044990539551,0.5288061499595642,2400,0.931640625
-0.11474609375,465,0.4987329267686414,2.2850718668712084,True,0.47136830418340625,0.37913755453191694,0.9037559926509857,True,0.091796875,1.672805119305849,0.1147461001528427,63.529296875,-0.6520646810531616,0.5434097051620483,2.414186477661133,0.5084078311920166,2401,0.908203125
-0.15380853414535522,449,0.5633990637178145,2.306765293756413,True,0.5357746328569467,0.41043393716681753,0.8384931981563568,True,0.123046875,1.7785352244973183,0.15380853542592376,64.76953125,-0.751717746257782,0.6011619567871094,2.532040596008301,0.5675870180130005,2402,0.876953125
-0.15869134664535522,447,0.6054235242090503,2.438922294300941,True,0.5762164663415094,0.42840561966877433,0.921247273683548,True,0.126953125,1.7092961985617876,0.15869135619141161,63.279296875,-0.8074660897254944,0.6485925912857056,2.6305928230285645,0.6172722578048706,2403,0.873046875
-0.14892591536045074,451,0.5979222747809078,2.6608585912213885,True,0.566057447385365,0.42726736750919375,0.9299096763134003,True,0.119140625,1.847190160304308,0.14892592024989426,62.482421875,-0.7863925695419312,0.6078348755836487,2.850855827331543,0.6033266186714172,2404,0.880859375
-0.1879883110523224,435,0.5730898941385335,2.481821068950083,True,0.5433691097402025,0.4623926235828549,0.904949963092804,True,0.150390625,1.8682865053415298,0.18798830267041922,63.33203125,-0.7998827695846558,0.6382694244384766,2.8295555114746094,0.5780094265937805,2405,0.849609375
-0.19287109375,433,0.5338317297622733,2.415667023724827,True,0.5049031607410924,0.4577324751764536,0.8581913113594055,True,0.154296875,1.8644622303545475,0.1928710980573669,63.37890625,-0.7909129858016968,0.6843097805976868,2.6855902671813965,0.5658808946609497,2406,0.845703125
-0.1733398586511612,441,0.6293120434224739,2.5966970309648922,True,0.5982155743099394,0.43316797921434047,0.8734292984008789,True,0.138671875,1.7028451785445213,0.17333986045559868,62.564453125,-0.8509065508842468,0.6999518275260925,2.7366764545440674,0.6447938680648804,2407,0.861328125
-0.25146493315696716,409,0.6098835931721993,2.75802766897859,True,0.5768551325156811,0.5364085317589342,0.9599196016788483,True,0.201171875,1.8591937012970448,0.25146492262138054,63.982421875,-0.9266418218612671,0.7193061709403992,2.981336832046509,0.6394742727279663,2408,0.798828125
-0.20019537210464478,430,0.5477841386961382,2.6269740509432413,True,0.5163251161575317,0.4574641781626269,0.8356095254421234,True,0.16015625,1.8029380962252617,0.20019536488689482,61.939453125,-0.7979525327682495,0.6539002060890198,2.8821732997894287,0.5632420778274536,2409,0.83984375
-0.21728509664535522,423,0.5606866365487976,2.608541013219396,True,0.5294483145500751,0.4598493151017465,0.7615613043308258,True,0.173828125,1.805038770660758,0.21728511399123818,63.63671875,-0.8379985690116882,0.709501326084137,2.813913345336914,0.587015688419342,2410,0.826171875
-0.20751948654651642,427,0.5507749339316991,2.361379479356895,True,0.5224964964864405,0.4677148370770738,0.8494052588939667,True,0.166015625,1.8062861170619726,0.20751947606913745,62.033203125,-0.8218985795974731,0.6682044267654419,2.616076707839966,0.5830504894256592,2411,0.833984375
-0.2050781548023224,428,0.5646864860971397,2.595773153215925,True,0.5336010901727408,0.48777474644593893,0.942102313041687,True,0.1640625,1.8855224549770355,0.2050781596917659,61.6796875,-0.8180105686187744,0.6306515336036682,2.8665618896484375,0.5786042213439941,2412,0.8359375
-0.1953125298023224,432,0.5009177481686627,1.9407068226072521,True,0.4776770185541223,0.4775752304121852,0.906326025724411,True,0.15625,2.019949797540903,0.19531253224704415,61.783203125,-0.7596911787986755,0.6559275984764099,2.317901611328125,0.5366208553314209,2413,0.84375
-0.2172851711511612,423,0.5726764517754809,2.0756652236830258,True,0.5478195308511703,0.5028374416055158,0.9349326491355896,True,0.173828125,1.9713149182498455,0.21728516567964107,62.564453125,-0.848071813583374,0.7249287962913513,2.342402219772339,0.6027355194091797,2414,0.826171875
-0.2387695014476776,414,0.5177347642787989,2.3454630081204395,True,0.4896469428631418,0.5279737983364612,0.9244315326213837,True,0.189453125,2.0863596573472023,0.23876950528938323,63.046875,-0.8367167115211487,0.7065560221672058,2.7075464725494385,0.5655232667922974,2415,0.80859375
-0.2128906399011612,424,0.5928499046361672,2.7076991459108752,True,0.5604241434133278,0.49321551583707335,0.8929258286952972,True,0.1640625,2.034793969243765,0.212890648515895,62.34375,-0.8536784052848816,0.6711938381195068,3.0054221153259277,0.6047966480255127,2416,0.828125
-0.19531241059303284,432,0.6546716116092822,2.526889615588718,True,0.624411125977834,0.47035022811032834,0.8688758015632629,True,0.15625,2.0252530723810196,0.1953124151332304,62.837890625,-0.8786739110946655,0.6893027424812317,2.7677769660949707,0.6502161622047424,2417,0.84375
-0.1464843451976776,452,0.5811945701067425,2.4717934901735426,True,0.5515938722981816,0.4237345733912662,0.9020125567913055,True,0.1171875,1.9369542710483074,0.1464843456633389,60.42578125,-0.7623069882392883,0.6087453365325928,2.593341112136841,0.5847663879394531,2418,0.8828125
-0.11474606394767761,465,0.5658879532608935,2.3290634421892062,True,0.537996498743693,0.4011372596025467,0.9566435813903809,True,0.091796875,1.9012494422495365,0.11474607064155862,60.505859375,-0.712342381477356,0.6019293069839478,2.5157840251922607,0.5674687623977661,2419,0.908203125
-0.15380865335464478,449,0.5055973097051438,2.543055276297249,True,0.4751432328287901,0.4296282140538097,0.8939074873924255,True,0.123046875,1.9407615400850773,0.15380863816244528,61.798828125,-0.7152844071388245,0.6315640211105347,2.725818157196045,0.5288330316543579,2420,0.876953125
-0.13623046875,456,0.5831765271069711,2.768445090243691,True,0.5500233225655137,0.40817059720866383,0.863903671503067,True,0.107421875,1.983188170939684,0.13623045408166945,61.974609375,-0.7537360191345215,0.5924493074417114,2.961005210876465,0.582046389579773,2421,0.890625
-0.10498046875,469,0.6179037563073864,2.610923535279882,True,0.5866369218714456,0.34408527275081724,0.7565736770629883,True,0.083984375,1.7558013200759888,0.10498047026339918,61.1875,-0.752067506313324,0.830291211605072,2.8195621967315674,0.6133216619491577,2422,0.916015625
-0.10986333340406418,467,0.5716056805861839,2.0007890273978424,True,0.5476454436396123,0.3809365583118051,0.9050434231758118,True,0.087890625,1.8012906610965729,0.1098633399233222,62.10546875,-0.7201435565948486,0.5838645100593567,2.186232566833496,0.584099292755127,2423,0.912109375
-0.11914057284593582,463,0.5686706022618915,2.593366407163715,True,0.5376140157295871,0.3742526118527167,0.8150497376918793,True,0.09375,1.8420414309948683,0.11914058891125023,61.650390625,-0.7153485417366028,0.5147408843040466,2.70650053024292,0.5637965202331543,2424,0.904296875
-0.1171874850988388,464,0.5752874859448137,2.317324946666586,True,0.5475366177230045,0.37386608086526396,0.8113398849964142,True,0.09375,1.8882124349474907,0.11718748236307874,63.376953125,-0.7281205058097839,0.5911934971809387,2.498382091522217,0.5810139179229736,2425,0.90625
-0.0927734524011612,474,0.5478100950204873,2.6292058868247246,True,0.516324333752258,0.35911608319729565,0.9002032279968262,True,0.07421875,1.7260394841432571,0.0927734628203325,62.677734375,-0.6778193712234497,0.5497061014175415,2.7677087783813477,0.5519015192985535,2426,0.92578125
-0.0732421875,482,0.5101969276721052,2.167118262453198,True,0.48424484052104083,0.3510126124834642,0.9909063875675201,True,0.05859375,1.591782834380865,0.07324219250585884,60.900390625,-0.6105533838272095,0.457955002784729,2.343780517578125,0.5092435479164124,2427,0.94140625
-0.08251956105232239,478,0.5401951159393439,2.814629626573379,True,0.506488833342636,0.3336775162257254,0.8707157075405121,True,0.064453125,1.5402961689978838,0.0825195632642135,62.580078125,-0.6496374607086182,0.48776695132255554,2.898860454559326,0.5324029922485352,2428,0.93359375
-0.0732422024011612,482,0.5455913687148034,2.4991898140966646,True,0.5156625865406022,0.31365635751280935,0.8369120061397552,True,0.05859375,1.4606349188834429,0.07324220734881237,62.05859375,-0.6401503086090088,0.4701150953769684,2.5909805297851562,0.5358801484107971,2429,0.94140625
-0.06347662955522537,486,0.5582192763379572,2.3087284829881454,True,0.5305713535336309,0.3149033292895183,0.9023912847042084,True,0.05078125,1.4189687427133322,0.0634766329312697,61.486328125,-0.6416552066802979,0.4473823010921478,2.403339147567749,0.5493977069854736,2430,0.94921875
-0.04638669267296791,493,0.5432608735126123,2.033786151157673,True,0.5189054969237252,0.29058407694101335,0.890437126159668,True,0.037109375,1.3221990037709475,0.04638669942505658,62.4296875,-0.6079620122909546,0.4860477149486542,2.1086158752441406,0.5363237857818604,2431,0.962890625
-0.07275386154651642,482,0.6164814194208359,2.649908668272723,True,0.5847477109105754,0.31458335095085205,0.8802599310874939,True,0.056640625,1.315550047904253,0.07275386073160917,62.2734375,-0.7123061418533325,0.6046409606933594,2.748080253601074,0.6066429615020752,2432,0.94140625
-0.0708007887005806,483,0.5500893009128531,2.3715088629080894,True,0.5216895547342596,0.3181055968627334,0.9075289070606232,True,0.056640625,1.3159803729504347,0.07080079487059265,63.20703125,-0.6490575075149536,0.4868840277194977,2.4819276332855225,0.548534631729126,2433,0.943359375
-0.05908193439245224,488,0.5983394941345591,2.2879203499340623,True,0.5709407534755644,0.3053381223464385,0.9105514585971832,True,0.048828125,1.282917955890298,0.0590819317731075,62.32421875,-0.6773083209991455,0.5056568384170532,2.402505874633789,0.5894553065299988,2434,0.953125
-0.04589848965406418,493,0.5933419052534122,2.7577909601145776,True,0.5603162744224193,0.28194495635107164,0.8957251310348511,True,0.03515625,1.1380285769701004,0.04589849978219718,62.14453125,-0.6562998294830322,0.416666716337204,2.8082034587860107,0.5767720937728882,2435,0.962890625
-0.06884770095348358,484,0.5895341477118248,2.971305721062274,True,0.5539516028293894,0.2997029002290219,0.8355146646499634,True,0.056640625,1.2750453166663647,0.06884770066244528,62.826171875,-0.6780942678451538,0.49251189827919006,3.1299519538879395,0.5717641711235046,2436,0.9453125
-0.06103517860174179,487,0.5527832260244436,2.3995969040927454,True,0.5240471218033738,0.29186185740400106,0.8518056571483612,True,0.048828125,1.2093109656125307,0.06103517685551196,63.064453125,-0.6359433531761169,0.4696896970272064,2.4837918281555176,0.5451638102531433,2437,0.951171875
-0.05126957595348358,491,0.5417768133390702,2.1378840700914803,True,0.5161748115739608,0.29142796366941187,0.9091575741767883,True,0.041015625,1.1665375586599112,0.05126957083120942,62.88671875,-0.6140353679656982,0.4366779327392578,2.2786593437194824,0.5354780554771423,2438,0.958984375
-0.07080084085464478,483,0.5813044374403747,2.3132554418552,True,0.5536022949539603,0.3099054310237989,0.8881475329399109,True,0.056640625,1.2295017577707767,0.07080083497567102,62.609375,-0.6802470088005066,0.5343983769416809,2.438823699951172,0.5802403092384338,2439,0.943359375
-0.04150383546948433,495,0.583614744200851,2.432019182889148,True,0.5544903574567854,0.28868758312310094,0.9198164641857147,True,0.033203125,1.2644091248512268,0.041503833199385554,61.607421875,-0.6315645575523376,0.3996097147464752,2.4672913551330566,0.5605139136314392,2440,0.966796875
-0.04638671875,493,0.6295025626737738,2.557083798228606,True,0.5988804800152536,0.2628241831669584,0.7627093195915222,True,0.037109375,1.2779120486229658,0.046386715315748006,61.84375,-0.6955968141555786,0.5111337304115295,2.6820478439331055,0.6170914769172668,2441,0.962890625
-0.058593690395355225,488,0.5609583712992122,2.2609178375025265,True,0.5338830009835666,0.299419826338999,0.8326342403888702,True,0.046875,1.4859857503324747,0.0585936889401637,63.3828125,-0.637019157409668,0.44040393829345703,2.337508201599121,0.5504328012466431,2442,0.953125
-0.08056633174419403,479,0.538584612667685,2.0365853784975276,True,0.5141956780051389,0.33008248892147096,0.8742256164550781,True,0.064453125,1.4934206064790487,0.08056633255910128,62.86328125,-0.6481719017028809,0.49685344099998474,2.1626853942871094,0.5417064428329468,2443,0.935546875
-0.07812496274709702,480,0.5788161357243855,2.5098658641179403,True,0.5487595041592915,0.3449781452771276,0.9301474094390869,True,0.0625,1.6164739970117807,0.07812496129190549,63.6484375,-0.6744817495346069,0.48289045691490173,2.6326541900634766,0.5648296475410461,2444,0.9375
-0.07568368315696716,481,0.5113151494158034,2.8265577994612294,True,0.4774660144055461,0.3485562818823382,0.9674915671348572,True,0.060546875,1.5874855052679777,0.07568369148066267,62.466796875,-0.6121702194213867,0.4494643807411194,2.9358768463134766,0.5013283491134644,2445,0.939453125
-0.08789058029651642,476,0.5864139364547089,2.605863507054433,True,0.5552076912727676,0.3420493177138269,0.8680299520492554,True,0.0703125,1.6110548600554466,0.08789058355614543,62.623046875,-0.7016597986221313,0.547261118888855,2.7534823417663574,0.5807952284812927,2446,0.9296875
-0.09765620529651642,472,0.6348256680925013,2.598584506471278,True,0.6037066028279773,0.3921232931315899,1.056598424911499,True,0.078125,1.6629479974508286,0.09765620797406882,62.583984375,-0.765418529510498,0.6618924736976624,2.782442569732666,0.6344413757324219,2447,0.921875
-0.09033197164535522,475,0.5621249827585723,2.382093319641916,True,0.5335984762091386,0.3415985950268805,0.8609424531459808,True,0.072265625,1.581562528386712,0.09033197618555278,62.529296875,-0.6865214705467224,0.5657507181167603,2.6002426147460938,0.565050482749939,2448,0.927734375
-0.1416015475988388,454,0.5766730487084074,2.501406305424443,True,0.5467177387901341,0.3827970908954739,0.8293445110321045,True,0.11328125,1.5065326560288668,0.14160155435092747,62.787109375,-0.7675408124923706,0.6343869566917419,2.672739267349243,0.5939320921897888,2449,0.88671875
-0.08056637644767761,479,0.5372012894686178,2.376274251738769,True,0.5087444718794932,0.3391807689564303,0.9119844734668732,True,0.064453125,1.5243499474599957,0.08056637572008185,60.291015625,-0.646818220615387,0.4806435704231262,2.539482355117798,0.5358405113220215,2450,0.935546875
-0.07568355649709702,481,0.5676137150697055,2.468909205555172,True,0.538047552356601,0.3244926881743595,0.8609083294868469,True,0.060546875,1.5325492788106203,0.07568355649709702,59.615234375,-0.6711468696594238,0.5408213138580322,2.5723938941955566,0.5646578073501587,2451,0.939453125
-0.0927734524011612,474,0.5252319058788476,2.232723603268716,True,0.498494168499854,0.35836750662419947,0.9482015371322632,True,0.07421875,1.5190750854089856,0.09277344308793545,59.43359375,-0.650612473487854,0.5162068009376526,2.4514360427856445,0.5284820795059204,2452,0.92578125
-0.06591793894767761,485,0.5652384330316917,2.2950624522474623,True,0.5377541503955409,0.32870918900007384,0.9355668425559998,True,0.052734375,1.5135575588792562,0.06591794092673808,58.783203125,-0.653937816619873,0.5261393189430237,2.4087891578674316,0.559173583984375,2453,0.947265625
-0.0776367038488388,480,0.612673391898473,2.8752369324366245,True,0.5782412966092428,0.34816978906746954,0.9877687692642212,True,0.060546875,1.4595866911113262,0.0776366992504336,58.826171875,-0.7164620161056519,0.49958980083465576,3.009097099304199,0.602790117263794,2454,0.9375
-0.07031244784593582,483,0.5510446915468568,2.333738661207274,True,0.5230972522534201,0.3207642600405961,0.8855936229228973,True,0.0546875,1.4666615929454565,0.07031245436519384,59.48828125,-0.6469032764434814,0.4731290936470032,2.4632315635681152,0.547092616558075,2455,0.943359375
-0.06835927069187164,484,0.5792127473295228,2.6167371844457197,True,0.5478762875903737,0.3192761861020699,0.8885819315910339,True,0.0546875,1.4640103410929441,0.06835928105283529,59.677734375,-0.6690404415130615,0.4735499322414398,2.7116823196411133,0.5682076215744019,2456,0.9453125
-0.08544925600290298,477,0.551510375875597,2.1703304729621613,True,0.5255198208790905,0.32024620077572763,0.8174096047878265,True,0.068359375,1.4263005517423153,0.08544925163732842,60.1015625,-0.6697609424591064,0.5222296118736267,2.4228787422180176,0.555296778678894,2457,0.931640625
-0.06591793149709702,485,0.5494349785072288,2.569458180481625,True,0.518664693525157,0.32319618857000026,0.9384014010429382,True,0.052734375,1.3919596206396818,0.06591792742256075,59.466796875,-0.6395548582077026,0.4650527536869049,2.692233085632324,0.5413963198661804,2458,0.947265625
-0.0756835788488388,481,0.5637283030270044,2.8324305584921414,True,0.529808846184221,0.299335486907512,0.7952996492385864,True,0.060546875,1.2918395306915045,0.07568357908166945,60.533203125,-0.6674895286560059,0.49098289012908936,2.961031198501587,0.5563464164733887,2459,0.939453125
-0.056640610098838806,488,0.5071039795875549,1.8300747578261332,True,0.4851881114185833,0.30562995527870956,0.9146066308021545,True,0.0390625,1.3213602751493454,0.05664061405695975,59.853515625,-0.5809322595596313,0.40903717279434204,1.9276150465011597,0.501207709312439,2460,0.953125
-0.09716799855232239,472,0.5468740670357719,2.326655723280826,True,0.5190114490056442,0.3370308051817119,0.8301736414432526,True,0.076171875,1.4765613805502653,0.09716800559544936,62.09375,-0.674062967300415,0.547130823135376,2.4498679637908936,0.5475568771362305,2461,0.921875
-0.08203130215406418,478,0.5530940152112409,2.305664070480538,True,0.5254827887443319,0.3365984827047214,0.8929778933525085,True,0.0625,1.5194320548325777,0.08203130040783435,62.994140625,-0.6622281670570374,0.5035325288772583,2.5061192512512207,0.5501851439476013,2462,0.93359375
-0.07568362355232239,481,0.5903253200891857,2.6959551491013682,True,0.5580401991856073,0.33904912245925517,0.9748007953166962,True,0.060546875,1.3681068271398544,0.07568361930316314,62.396484375,-0.6938349008560181,0.49378326535224915,2.8174479007720947,0.5844112634658813,2463,0.939453125
-0.0781250149011612,480,0.6827068408330281,2.278810922304789,True,0.6554171840349833,0.33428492429666223,0.9344307780265808,True,0.0625,1.3854749593883753,0.07812501909211278,63.0078125,-0.7899841070175171,0.6092810034751892,2.4383106231689453,0.682659387588501,2464,0.9375
-0.1098632663488388,467,0.5686116551689214,2.1631673211969704,True,0.5427068842044479,0.35178328573238105,0.8883248269557953,True,0.087890625,1.2851009611040354,0.10986327385762706,64.681640625,-0.7054702043533325,0.5381704568862915,2.2968287467956543,0.5681015253067017,2465,0.912109375
-0.12402349710464478,461,0.5512371706471267,2.3489748348124375,True,0.523107282574937,0.3893207338405773,0.9747424721717834,True,0.09765625,1.4069750662893057,0.12402348511386663,65.859375,-0.7159067392349243,0.5625085234642029,2.524209499359131,0.5616549253463745,2466,0.900390625
-0.1357421875,456,0.5299458001789293,2.1720905889544566,True,0.503934153339319,0.3886012762784958,0.8930789828300476,True,0.10546875,1.4848657492548227,0.1357421922730282,65.033203125,-0.721038281917572,0.605039656162262,2.4084067344665527,0.5564545392990112,2467,0.890625
-0.10644526779651642,468,0.6125378374360567,2.423721631368002,True,0.5835128029187521,0.3709424567874521,0.941097617149353,True,0.08203125,1.5255533810704947,0.10644526360556483,65.13671875,-0.7541562914848328,0.5636574625968933,2.6003434658050537,0.6165708303451538,2468,0.9140625
-0.1362304836511612,456,0.5755854374484012,2.0890192692739924,True,0.5505686266380444,0.3967017008224502,0.873977780342102,True,0.107421875,1.7135131061077118,0.1362304863287136,65.890625,-0.7672728300094604,0.6793054938316345,2.295968532562256,0.603547215461731,2469,0.890625
-0.2006836235523224,430,0.5696832224380138,2.3070303783860315,True,0.5420556387235952,0.507796352589503,1.0584436058998108,True,0.162109375,1.9084800779819489,0.2006836251821369,68.486328125,-0.8397522568702698,0.714397132396698,2.6629438400268555,0.607178807258606,2470,0.83984375
-0.11962898075580597,463,0.5106872293784346,2.169193441358035,True,0.4847102943429679,0.37085631261579693,0.7994378209114075,True,0.095703125,1.8267954848706722,0.11962897260673344,65.29296875,-0.6743921041488647,0.5726999044418335,2.3976640701293945,0.5260502099990845,2471,0.904296875
-0.1264648139476776,460,0.5398730552714804,2.4059667804966804,True,0.5110606548578843,0.40144852362573147,0.890338271856308,True,0.099609375,1.9383209198713303,0.12646482302807271,64.91015625,-0.7043368220329285,0.6067368388175964,2.5830674171447754,0.5469387769699097,2472,0.8984375
-0.1293945610523224,459,0.5872288603408665,2.763659120904595,True,0.5541329569546486,0.40733416392467914,0.8966672718524933,True,0.103515625,1.9721228070557117,0.1293945659417659,63.859375,-0.7647125720977783,0.6309231519699097,2.9504735469818115,0.5999849438667297,2473,0.896484375
-0.18310552835464478,437,0.5265280145393083,2.7410910031342666,True,0.4937023677323994,0.47845778889022766,0.9382402300834656,True,0.146484375,2.154084075242281,0.18310553886112757,65.896484375,-0.7680953741073608,0.6410199999809265,3.040860176086426,0.5485743880271912,2474,0.853515625
-0.15869140625,447,0.5710004526763421,2.1361282941212325,True,0.545419469509082,0.44743432085961105,0.9123013019561768,True,0.126953125,2.1256527453660965,0.15869141853181645,64.2734375,-0.8028645515441895,0.7415837049484253,2.5234997272491455,0.6139532327651978,2475,0.873046875
-0.1743163764476776,441,0.5849877986507892,2.2811321222863232,True,0.5576703443008216,0.4634555384516716,0.9043417274951935,True,0.142578125,2.165416143834591,0.17431638319976628,63.666015625,-0.818610668182373,0.6991935968399048,2.6399927139282227,0.6126793622970581,2476,0.861328125
-0.1518554389476776,450,0.532902131875356,2.1663710837894015,True,0.5069589922163221,0.4147796138655394,0.8025437891483307,True,0.123046875,2.0483081713318825,0.15185544377891347,62.96875,-0.7199124097824097,0.5570759177207947,2.3701698780059814,0.5396732091903687,2477,0.87890625
-0.2236328125,420,0.4955711648577736,2.274404509862264,True,0.4683342825798762,0.5105893786763772,0.9004700481891632,True,0.17578125,2.1372510828077793,0.22363281075377017,65.541015625,-0.7746725082397461,0.6330681443214417,2.563055992126465,0.5203461050987244,2478,0.8203125
-0.2392578274011612,414,0.5346868709089675,2.373604248111375,True,0.5062620199244955,0.523917976138182,0.8979018926620483,True,0.19140625,2.101595636457205,0.2392578129656613,65.58984375,-0.852286696434021,0.7229527235031128,2.7660465240478516,0.579904317855835,2479,0.80859375
-0.21728515625,423,0.5412340606639853,2.4632943753091436,True,0.5117351448000464,0.5004839651519433,0.9101520478725433,True,0.173828125,2.023367490619421,0.2172851791838184,64.98828125,-0.8290266990661621,0.6917585730552673,2.9638404846191406,0.5762484073638916,2480,0.826171875
-0.20507822930812836,428,0.5378234703964161,2.5510861940473033,True,0.5072731996808096,0.5059438428375871,0.975856363773346,True,0.1640625,2.1138867884874344,0.20507822977378964,63.5625,-0.8100091218948364,0.7013735175132751,2.805471658706665,0.5713343620300293,2481,0.8359375
-0.1337890923023224,457,0.559130836237442,2.4411834927043454,True,0.5298967013212993,0.41635959551204,0.9338999092578888,True,0.10546875,1.915810126811266,0.13378910470055416,61.7734375,-0.7335314750671387,0.6012238264083862,2.6101326942443848,0.5684850215911865,2482,0.892578125
-0.18994131684303284,434,0.5751913434349447,2.4175959896931447,True,0.5462396765634211,0.43865305541548877,0.7735354602336884,True,0.150390625,1.8800931498408318,0.18994130450300872,63.0234375,-0.8589317798614502,0.7389146685600281,2.8300788402557373,0.6350990533828735,2483,0.84765625
-0.16601568460464478,444,0.5664689089800861,2.6912551763895394,True,0.5342400750598392,0.47293306794017553,1.0686169564723969,True,0.1328125,1.8638799954205751,0.16601567319594324,62.58203125,-0.7866058945655823,0.629418134689331,2.904200315475464,0.5858113169670105,2484,0.8671875
-0.2124023735523224,425,0.5290098766719592,2.2160952931642535,True,0.5024712721039267,0.4843254934530705,0.872763991355896,True,0.169921875,1.9474064521491528,0.21240237285383046,64.501953125,-0.8065862655639648,0.7038047909736633,2.5511913299560547,0.5636323690414429,2485,0.830078125
-0.14404289424419403,453,0.5492720182894607,2.4276377191606735,True,0.5202001106923253,0.40427368532400576,0.8572078049182892,True,0.115234375,1.775784658268094,0.14404288845253177,62.173828125,-0.7345186471939087,0.5862566232681274,2.6110243797302246,0.5592076778411865,2486,0.884765625
-0.14404296875,453,0.5490778849088066,2.425077779403586,True,0.5200366289673527,0.40073006746824835,0.8521849811077118,True,0.115234375,1.7250019684433937,0.1440429692156613,61.1015625,-0.7492849826812744,0.6406963467597961,2.7004194259643555,0.5729033946990967,2487,0.884765625
-0.1513671725988388,450,0.5597541689872741,2.244693938361274,True,0.5328730730215708,0.42538792307022955,0.9485020339488983,True,0.12109375,1.6864066682755947,0.1513671792927198,61.552734375,-0.7592940330505371,0.6239185333251953,2.507337808609009,0.5779004096984863,2488,0.87890625
-0.1635742485523224,445,0.5796340181586448,2.336519803357928,True,0.5516532893930929,0.4409580451902002,0.9161458909511566,True,0.130859375,1.8830922804772854,0.16357425064779818,61.63671875,-0.7919874787330627,0.6196961998939514,2.56304669380188,0.5977197885513306,2489,0.869140625
-0.16601568460464478,444,0.5635734154834403,2.759265841664495,True,0.5305301187274692,0.4380803450010717,0.9218163192272186,True,0.1328125,1.7540277130901814,0.16601569385966286,61.439453125,-0.7672597169876099,0.6036956310272217,3.007578134536743,0.565227210521698,2490,0.8671875
-0.1611328423023224,446,0.5266022398867415,1.9647147575301438,True,0.5030740193454674,0.4151489684241824,0.8406724333763123,True,0.12890625,1.7176328636705875,0.16113283787854016,60.474609375,-0.7407393455505371,0.6248053908348083,2.1918892860412598,0.5533578395843506,2491,0.87109375
-0.1928711235523224,433,0.5353067784331411,2.1234000588124124,True,0.5098782199634967,0.45411279583349823,0.8582475185394287,True,0.154296875,1.7918433658778667,0.19287112198071554,63.556640625,-0.803605318069458,0.7532898783683777,2.4529685974121094,0.5813589096069336,2492,0.845703125
-0.1977539211511612,431,0.5836743055529495,2.224458644672225,True,0.5570355458768504,0.4636844440130517,0.8602294921875,True,0.158203125,1.8776927031576633,0.1977539110230282,63.232421875,-0.8305098414421082,0.6627678871154785,2.5150554180145264,0.6026371717453003,2493,0.841796875
-0.16357421875,445,0.584357067172447,2.8767283675375954,True,0.5499071221673086,0.4389198282267899,0.9188201427459717,True,0.130859375,1.831631688401103,0.16357421677093953,61.978515625,-0.803712010383606,0.6286798119544983,3.089385747909546,0.6031411290168762,2494,0.869140625
-0.2197265326976776,422,0.5952890159394505,2.5683909976651886,True,0.5645315310966348,0.48219885991420597,0.8272929489612579,True,0.17578125,1.9402749370783567,0.2197265197755769,63.498046875,-0.8986043930053711,0.9200629591941833,2.9066109657287598,0.644070029258728,2495,0.82421875
-0.1611328125,446,0.6071809554313864,3.023714147875662,True,0.5709707835864593,0.4377225060015917,0.9037111699581146,True,0.12890625,1.9169493578374386,0.1611328007420525,61.90234375,-0.818994402885437,0.6271700263023376,3.3258156776428223,0.6180335879325867,2496,0.87109375
-0.1611328423023224,446,0.5702222294337012,2.5637212719083364,True,0.539520653373992,0.43147232169285415,0.8900151550769806,True,0.12890625,1.8467288054525852,0.16113285056781024,63.529296875,-0.7789846658706665,0.6330620646476746,2.844694137573242,0.5837855339050293,2497,0.87109375
-0.1313476264476776,458,0.5624742432452705,2.121273997569188,True,0.5370711554085843,0.38056438581552354,0.7768203616142273,True,0.103515625,1.877053789794445,0.13134762237314135,62.79296875,-0.7314001321792603,0.6238773465156555,2.2741758823394775,0.5728183388710022,2498,0.89453125
-0.1318359673023224,458,0.5413574675285139,2.7612265967906295,True,0.5082906994757174,0.3839407777879387,0.8065827786922455,True,0.10546875,1.8157647587358952,0.13183598150499165,62.626953125,-0.7141596078872681,0.5618696808815002,2.9287478923797607,0.5472508072853088,2499,0.89453125
-0.08789060264825821,476,0.6642227783924392,3.037575393163858,True,0.6278466056374942,0.36319255030248315,0.9416178464889526,True,0.0703125,1.7395674008876085,0.08789060963317752,61.056640625,-0.7860573530197144,0.6642971038818359,3.139439344406128,0.6605707406997681,2500,0.9296875
-0.1318359375,458,0.5583869130330313,2.670678709271693,True,0.5264044825687159,0.40399420564062893,0.9288367629051208,True,0.10546875,1.7278181910514832,0.13183594134170562,62.443359375,-0.7316015958786011,0.5801271796226501,2.9007840156555176,0.5650275945663452,2501,0.89453125
-0.1264648288488388,460,0.5001169883686564,1.918512037526006,True,0.47714205410169525,0.3955240943236277,0.9113758504390717,True,0.099609375,1.7356817945837975,0.12646483222488314,63.1484375,-0.6669290065765381,0.5588755011558533,2.185880661010742,0.5142874121665955,2502,0.8984375
-0.12011722475290298,462,0.6163381518739641,2.646292604409255,True,0.5846477552151783,0.3547964781988412,0.773391604423523,True,0.08984375,1.6000185832381248,0.12011722795432433,62.478515625,-0.7864483594894409,0.640568196773529,2.8371801376342773,0.6323548555374146,2503,0.90234375
-0.09521479904651642,473,0.581585640005027,2.2820463598908636,True,0.5542572261667151,0.32210035694297406,0.7652116119861603,True,0.076171875,1.4768648222088814,0.09521479351678863,61.943359375,-0.724090576171875,0.6005571484565735,2.504084587097168,0.5988883972167969,2504,0.923828125
-0.07568348199129105,481,0.5476534318279577,2.6493723057907483,True,0.5159261647356276,0.3332348299329169,0.9561974406242371,True,0.060546875,1.32623709179461,0.07568348618224263,61.146484375,-0.6478022336959839,0.4766036570072174,2.7701685428619385,0.5389448404312134,2505,0.939453125
-0.10986325144767761,467,0.5377056716085757,2.3869866385449687,True,0.5091205766420548,0.33908100433181976,0.7716805636882782,True,0.087890625,1.4976327531039715,0.10986325447447598,61.98828125,-0.685002863407135,0.5683529376983643,2.570640802383423,0.5443551540374756,2506,0.912109375
-0.0854492112994194,477,0.5224420845633533,2.2108240799833894,True,0.4959666024214067,0.3546221897006035,0.9817551672458649,True,0.068359375,1.456438783556223,0.08544921723660082,61.931640625,-0.6292944550514221,0.46642616391181946,2.2889819145202637,0.516433835029602,2507,0.931640625
-0.08544915914535522,477,0.5896380122602611,2.2603986240782827,True,0.5625688751038765,0.3461555898189545,0.9559522867202759,True,0.068359375,1.3903197329491377,0.08544914459344,61.94921875,-0.7008704543113708,0.5253658890724182,2.37738037109375,0.5869511365890503,2508,0.931640625
-0.07861332595348358,480,0.511769954363505,2.3080175638198854,True,0.4841305216153463,0.33037103654351085,0.9149181842803955,True,0.064453125,1.3754813708364964,0.07861332927132025,61.6328125,-0.6185543537139893,0.4670010507106781,2.4243764877319336,0.5109082460403442,2509,0.9375
-0.04882815480232239,492,0.5877856125191946,2.5527592829572474,True,0.5572153126321189,0.2862166594481096,0.8751170039176941,True,0.0390625,1.2473020888864994,0.04882815288146958,59.87890625,-0.6506531238555908,0.4376196265220642,2.6304612159729004,0.570324182510376,2510,0.9609375
-0.08105470985174179,479,0.5827375213636984,2.536366562255987,True,0.5523635265971525,0.3648074793396518,1.0708086490631104,True,0.06640625,1.3918208610266447,0.08105470548616722,61.68359375,-0.681018590927124,0.49528539180755615,2.6553831100463867,0.5681646466255188,2511,0.935546875
-0.08789065480232239,476,0.6349755946327659,2.7686454748907003,True,0.6018199650179439,0.3208802675129846,0.8274405896663666,True,0.0703125,1.3500298615545034,0.087890655384399,61.501953125,-0.7351975440979004,0.5566716194152832,2.818467617034912,0.6135546565055847,2512,0.9296875
-0.06103517860174179,487,0.6137089848028805,2.6934458284162646,True,0.5814539151882,0.3115828034700826,0.9309394359588623,True,0.048828125,1.287194736301899,0.061035178863676265,60.080078125,-0.6913604736328125,0.4756700098514557,2.769087314605713,0.597164511680603,2513,0.951171875
-0.0317382737994194,499,0.5305423214583692,2.378866880833505,True,0.5020544520599809,0.2741229901555926,0.9028863310813904,True,0.025390625,1.2361490670591593,0.031738268269691616,60.244140625,-0.5759905576705933,0.3639683425426483,2.4283392429351807,0.5151718854904175,2514,0.974609375
-0.0781250074505806,479,0.5387004300920848,2.495426950972364,True,0.5088167207972739,0.32621465702541175,0.875601589679718,True,0.0546875,1.4593867287039757,0.0781250002910383,60.501953125,-0.6524486541748047,0.5280778408050537,2.605441093444824,0.543122410774231,2515,0.935546875
-0.0869140774011612,476,0.5568259363414861,2.245485978968003,True,0.5299353489354879,0.3360266115982085,0.8946647942066193,True,0.06640625,1.4035915024578571,0.08691407606238499,61.30078125,-0.6730231046676636,0.520845890045166,2.427757740020752,0.5570357441902161,2516,0.9296875
-0.08300784230232239,478,0.4859869784391076,2.104610165791531,True,0.46078343558510965,0.3226213886984624,0.8475745320320129,True,0.06640625,1.4019729364663363,0.08300783473532647,61.490234375,-0.6066892743110657,0.5168395042419434,2.3090662956237793,0.49602949619293213,2517,0.93359375
-0.06835940480232239,484,0.5818672633368123,3.03465127550866,True,0.5455261143771085,0.3112417995696887,0.8539944291114807,True,0.0546875,1.4416701775044203,0.06835940387099981,61.5625,-0.6780847907066345,0.5076867341995239,3.1237552165985107,0.5723172426223755,2518,0.9453125
-0.0659179836511612,485,0.6515618830612027,2.8409046321800075,True,0.6175409462034087,0.30661111869849267,0.8631278276443481,True,0.052734375,1.361351439729333,0.06591797980945557,61.212890625,-0.7516964077949524,0.6225003600120544,3.064448595046997,0.6490805149078369,2519,0.947265625
-0.07080071419477463,483,0.5250790734962401,2.277132734748888,True,0.49780951659378303,0.31147286123596135,0.8638419508934021,True,0.056640625,1.3580749463289976,0.07080072214012034,62.185546875,-0.622085452079773,0.484770268201828,2.3584721088409424,0.5230410695075989,2520,0.943359375
-0.07324223965406418,482,0.5911451617711807,2.136562240568929,True,0.5655589892656477,0.307546529523097,0.862500011920929,True,0.05859375,1.2360856458544731,0.07324224308831617,61.779296875,-0.6890097856521606,0.5482803583145142,2.245954990386963,0.5888714790344238,2521,0.94140625
-0.07324211299419403,482,0.5724971873136971,2.455835940432252,True,0.5430875855857406,0.2925285452976823,0.8194999992847443,True,0.05859375,1.1077284403145313,0.0732421216671355,61.07421875,-0.6879867315292358,0.5724954009056091,2.6109976768493652,0.5834769010543823,2522,0.94140625
-0.06347651034593582,486,0.5763381773552286,2.1505166994936666,True,0.5505849113189635,0.28470511906780305,0.8073630630970001,True,0.05078125,1.195119684562087,0.06347652076510713,61.41796875,-0.6603106260299683,0.47326913475990295,2.2620396614074707,0.5697452425956726,2523,0.94921875
-0.1098632961511612,467,0.5516907950540172,2.297739594600441,True,0.5241744605070517,0.3790719276294112,0.9867729246616364,True,0.087890625,1.4370809104293585,0.10986329452134669,63.30859375,-0.7057632207870483,0.5713302493095398,2.536578416824341,0.5655233860015869,2524,0.912109375
-0.08300766348838806,478,0.6204287240195973,2.4937843368641994,True,0.5905646668069033,0.3500441457377747,0.9767344892024994,True,0.06640625,1.433791697025299,0.0830076610436663,61.67578125,-0.7476831674575806,0.6393510699272156,2.6838598251342773,0.6325350403785706,2525,0.93359375
-0.07568355649709702,481,0.5335456813819196,2.1826955431959982,True,0.5074070360581245,0.34429384358227255,0.938404768705368,True,0.060546875,1.6185865849256516,0.07568355882540345,62.912109375,-0.6460781097412109,0.5892965793609619,2.293044090270996,0.5429344177246094,2526,0.939453125
-0.08789066970348358,476,0.5329953805238259,2.3058041294081875,True,0.5053824742301171,0.3514051777776331,0.9183014035224915,True,0.0703125,1.597084503620863,0.08789067133329809,63.23828125,-0.6441889405250549,0.4977802336215973,2.4101505279541016,0.5274357795715332,2527,0.9296875
-0.03906247019767761,496,0.532184317227333,2.1503255251915223,True,0.5064333177381946,0.2972429608926177,0.899868905544281,True,0.03125,1.5641342084854841,0.03906246849510353,62.140625,-0.5830549001693726,0.373753160238266,2.234696865081787,0.5172309875488281,2528,0.96875
-0.08300784230232239,478,0.574346185728097,2.3887225603957556,True,0.5457402976486972,0.3477746759308502,0.914231538772583,True,0.06640625,1.6384106241166592,0.08300783415324986,63.380859375,-0.6917918920516968,0.5602137446403503,2.5499517917633057,0.5782474279403687,2529,0.93359375
-0.11230462044477463,466,0.5849996120888787,2.6763065260367336,True,0.5529497836280789,0.3720499126939103,0.8934283256530762,True,0.08984375,1.6211924720555544,0.11230462248204276,65.005859375,-0.7348679900169373,0.5775315165519714,2.8272032737731934,0.5887064337730408,2530,0.91015625
-0.10009762644767761,471,0.5701310811149086,2.294742735960934,True,0.5426506303930991,0.38063073614612225,1.0034135282039642,True,0.080078125,1.5970081575214863,0.10009762167464942,64.890625,-0.7235099077224731,0.6477076411247253,2.530825138092041,0.5931046605110168,2531,0.919921875
-0.10009761154651642,471,0.6038340123848804,2.7525181795634532,True,0.570871530824406,0.3491970092756674,0.8652428388595581,True,0.080078125,1.521016577258706,0.10009760991670191,64.0078125,-0.7354135513305664,0.5787026286125183,2.9194674491882324,0.6003540754318237,2532,0.919921875
-0.1171875074505806,464,0.57710737812108,2.6562363443703485,True,0.5452979083718924,0.3883632687851787,0.9922957122325897,True,0.09375,1.4543324038386345,0.11718750547152013,64.5234375,-0.7318001985549927,0.5754862427711487,2.763808012008667,0.5815150737762451,2533,0.90625
-0.1025390699505806,470,0.5893464499331535,2.9016109121606717,True,0.5545985320781139,0.36351625509560104,0.9573715031147003,True,0.08203125,1.390057746320963,0.1025390665163286,63.498046875,-0.7291440963745117,0.5617635250091553,3.125818967819214,0.5891721248626709,2534,0.91796875
-0.1162109300494194,464,0.5496714423442709,2.4220843232911204,True,0.5206660320018899,0.38139930346515033,0.9507789015769958,True,0.08984375,1.5006519053131342,0.11621092521818355,64.263671875,-0.7119081020355225,0.6150762438774109,2.6024508476257324,0.5645318031311035,2535,0.90625
-0.14160162210464478,454,0.5445393628485927,2.220294207728382,True,0.5179504710147034,0.3998049878980965,0.8918807804584503,True,0.11328125,1.5965441204607487,0.14160162420012057,65.18359375,-0.7311193943023682,0.6039240956306458,2.4370360374450684,0.5603333711624146,2536,0.88671875
-0.1293945610523224,459,0.5668572925014953,2.3620468100171728,True,0.5385708695922803,0.4057736047077924,0.9825282692909241,True,0.103515625,1.597467578947544,0.12939457019092515,64.60546875,-0.7519804835319519,0.6222153902053833,2.588015079498291,0.5915934443473816,2537,0.896484375
-0.1342773586511612,457,0.5887794732004079,2.5571586822263526,True,0.5581564831525022,0.4104899237398058,0.9879667460918427,True,0.107421875,1.5723843351006508,0.1342773565556854,64.224609375,-0.7777087688446045,0.64200359582901,2.765287399291992,0.6103160381317139,2538,0.892578125
-0.14404302835464478,453,0.5137723875756294,2.1409730761256434,True,0.48813338054726446,0.42333907068241383,0.9920032918453217,True,0.115234375,1.6179076842963696,0.14404302730690688,64.744140625,-0.7144941091537476,0.6117384433746338,2.5336122512817383,0.540110170841217,2539,0.884765625
-0.13427734375,457,0.5484718642558258,2.2734250438030754,True,0.5212467161518739,0.41495603299699724,0.9961099922657013,True,0.107421875,1.6291338205337524,0.13427734118886292,64.029296875,-0.733589768409729,0.6144402623176575,2.5378363132476807,0.5689208507537842,2540,0.892578125
-0.10742190480232239,468,0.571966636639375,2.590591521344633,True,0.5409432815180886,0.3974896426312625,1.0192342400550842,True,0.0859375,1.7244176641106606,0.10742190846940503,63.40234375,-0.7274521589279175,0.5958409905433655,2.844003677368164,0.5859721899032593,2541,0.9140625
-0.15869140625,447,0.5665248552424796,2.4707228961406935,True,0.5369369675649093,0.43529994671698663,0.9347126185894012,True,0.126953125,1.7933202758431435,0.15869140636641532,65.333984375,-0.7951192259788513,0.6795288920402527,2.8635404109954834,0.6021358370780945,2542,0.873046875
-0.15380859375,449,0.5020789615561011,1.9023544341657632,True,0.4792975315737034,0.44031778718344866,0.9493204355239868,True,0.123046875,1.9329021461308002,0.15380859025754035,64.419921875,-0.7167869210243225,0.6276761293411255,2.184788465499878,0.5368146300315857,2543,0.876953125
-0.16552719473838806,444,0.5700131321812534,2.549319061073097,True,0.5394840315655546,0.44526073201559485,0.9137745797634125,True,0.130859375,1.9395722448825836,0.16552720521576703,64.453125,-0.8045707941055298,0.6832936406135559,2.8884410858154297,0.6044532060623169,2544,0.8671875
-0.11962886154651642,463,0.5597820070855818,2.244184946653395,True,0.5329070189730395,0.39286447577178474,0.9002397060394287,True,0.095703125,1.8637532331049442,0.11962887016125023,63.328125,-0.7267367839813232,0.5754985809326172,2.42449951171875,0.5780736207962036,2545,0.904296875
-0.1391601264476776,455,0.571850443803347,2.4232564868507804,True,0.5428310043209201,0.4102676210924983,0.9049459397792816,True,0.111328125,1.8023663591593504,0.1391601162031293,63.75390625,-0.7674373388290405,0.7285810112953186,2.704871892929077,0.5958852767944336,2546,0.888671875
-0.1318359673023224,458,0.587026487271338,2.753692503579319,True,0.5540499296771386,0.39610499627888207,0.8561668694019318,True,0.10546875,1.8607128486037254,0.13183598115574569,63.220703125,-0.7660129070281982,0.6299916505813599,2.980365753173828,0.5984858274459839,2547,0.89453125
-0.09521476924419403,473,0.5235934810708995,2.195358813691089,True,0.4973032120418348,0.38349787387996914,1.001128375530243,True,0.076171875,1.7611484937369823,0.09521477308589965,62.3203125,-0.6444971561431885,0.48861628770828247,2.372190475463867,0.5208743810653687,2548,0.923828125
-0.1440429389476776,453,0.5975662629072767,2.6339496813599372,True,0.5660236676534015,0.4057464277604595,0.8672804236412048,True,0.115234375,1.764948133379221,0.14404293691040948,63.30078125,-0.8014646768569946,0.7805261015892029,2.8690757751464844,0.6230633854866028,2549,0.884765625
-0.10498043894767761,469,0.5415755961495422,2.4816723307058504,True,0.5118565864400314,0.3571456991834566,0.8590633869171143,True,0.083984375,1.60705154389143,0.10498044267296791,61.9609375,-0.6814666986465454,0.5228584408760071,2.681394577026367,0.5443755388259888,2550,0.916015625
-0.10253903269767761,470,0.5180577971833819,2.216997409881429,True,0.4915083783738158,0.3542150173801929,0.8155899941921234,True,0.08203125,1.7711596079170704,0.10253903566626832,62.7734375,-0.659771203994751,0.5263199806213379,2.414829969406128,0.5283135175704956,2551,0.91796875
-0.12353511154651642,461,0.5223453101780823,2.4165451257709827,True,0.49340623500807435,0.38622388844378297,0.8718086183071136,True,0.095703125,1.7665410544723272,0.12353511198307388,63.443359375,-0.6910991668701172,0.5700886845588684,2.6868233680725098,0.5353882312774658,2552,0.900390625
-0.09521478414535522,473,0.5305539061478782,2.573845096168761,True,0.49973109200691324,0.3402831087354571,0.8579529523849487,True,0.076171875,1.4695544242858887,0.09521479601971805,62.767578125,-0.6470270156860352,0.47188958525657654,2.6786491870880127,0.519734263420105,2553,0.923828125
-0.12451161444187164,461,0.6003916750373137,2.501121187158365,True,0.5704397755046728,0.3824321850435808,0.8924276232719421,True,0.099609375,1.5887009669095278,0.12451161071658134,63.146484375,-0.7599900960922241,0.5821918845176697,2.704460620880127,0.6030914187431335,2554,0.900390625
-0.1484374701976776,451,0.5799591943720758,2.992761915644627,True,0.5441196911747335,0.38898983353283256,0.7859393954277039,True,0.1171875,1.6672895681113005,0.14843747369013727,64.744140625,-0.8190823793411255,0.732175350189209,3.40108323097229,0.6299155950546265,2555,0.880859375
-0.07080069184303284,483,0.5778023901686659,2.783601647825222,True,0.5444676710705333,0.33734984213951974,0.9368395209312439,True,0.056640625,1.583624791353941,0.0708006959175691,61.693359375,-0.6688812971115112,0.5430268049240112,2.9311697483062744,0.5629786252975464,2556,0.943359375
-0.1196288913488388,463,0.5156953875498432,2.489748071130872,True,0.48587967819065564,0.37637164224870506,0.9061649739742279,True,0.095703125,1.5101950448006392,0.11962889163987711,63.150390625,-0.687027096748352,0.6001662611961365,2.8196535110473633,0.5336316823959351,2557,0.904296875
-0.0830078050494194,478,0.5099897534278646,2.4008554684068364,True,0.4812385669313215,0.3464797048829496,0.9261803925037384,True,0.06640625,1.5647165328264236,0.08300779748242348,63.33203125,-0.619722843170166,0.480266273021698,2.518275737762451,0.5065576434135437,2558,0.93359375
-0.11474601924419403,465,0.5780396133340815,2.5619235977049795,True,0.5473595773661009,0.37115618649404497,0.8493179678916931,True,0.091796875,1.7309313900768757,0.1147460209322162,64.78125,-0.7221014499664307,0.5625484585762024,2.670839786529541,0.5753710269927979,2559,0.908203125
-0.10742189735174179,468,0.5388663548689623,2.392722455864279,True,0.5102125640608308,0.3536987398285419,0.7969400882720947,True,0.0859375,1.7377763576805592,0.10742190317250788,64.400390625,-0.6933428645133972,0.6188514232635498,2.569141387939453,0.5551545023918152,2560,0.9140625
-0.10986333340406418,467,0.5372996194332009,1.9778637656307831,True,0.5136139133757646,0.3793523150263354,0.9121040105819702,True,0.087890625,1.7413635849952698,0.1098633318033535,64.177734375,-0.6691488027572632,0.5132143497467041,2.095580816268921,0.5341900587081909,2561,0.912109375
-0.11474614590406418,465,0.5359416610451154,2.807156049051593,True,0.5023248730167265,0.41531194453127684,1.0165922045707703,True,0.091796875,1.944947324693203,0.11474613635800779,63.919921875,-0.6897701025009155,0.5632689595222473,2.894284248352051,0.5403638482093811,2562,0.908203125
-0.09521481394767761,473,0.5457131697561978,2.119672727131189,True,0.5203292518539107,0.3708170500118285,0.9243682324886322,True,0.076171875,1.814571838825941,0.09521481016417965,64.638671875,-0.6744015216827393,0.5328409075737,2.255941390991211,0.5521708726882935,2563,0.923828125
-0.1171875,464,0.5645615684575047,2.632863166003392,True,0.5330319969818509,0.3658587171230465,0.8177153766155243,True,0.09375,1.7025627717375755,0.11718750116415322,64.501953125,-0.7184988260269165,0.5610920190811157,2.758157968521118,0.5682812929153442,2564,0.90625
-0.1562499701976776,448,0.5991358373846326,2.5846132550920755,True,0.5681840692247663,0.414332190155983,0.8345937430858612,True,0.125,1.8232694305479527,0.15624996728729457,66.169921875,-0.8107563853263855,0.6287079453468323,2.857698440551758,0.6202843189239502,2565,0.875
-0.1171875149011612,464,0.5322664647266783,2.5981133559654497,True,0.5011530395211845,0.3699028360191733,0.827945739030838,True,0.09375,1.7425235733389854,0.11718750960426405,65.322265625,-0.6915428638458252,0.606766402721405,2.7779736518859863,0.5410881042480469,2566,0.90625
-0.1435547173023224,453,0.5426438068580418,2.435208025620736,True,0.5134812341489012,0.39147572284564375,0.8078872561454773,True,0.11328125,1.726870996877551,0.14355472137685865,64.58984375,-0.7578245401382446,0.6658226847648621,2.7185850143432617,0.5817136764526367,2567,0.884765625
-0.17285162210464478,441,0.5488294141362854,2.6983287439865324,True,0.5165158764305029,0.438694899622351,0.8973167240619659,True,0.13671875,1.7275987714529037,0.17285161442123353,64.86328125,-0.7872030735015869,0.6492176055908203,2.983184814453125,0.5786267518997192,2568,0.861328125
-0.15869140625,447,0.4849221661053513,2.1945113661038533,True,0.458642020054845,0.42327128124888985,0.906597912311554,True,0.126953125,1.665205929428339,0.1586914031067863,65.5234375,-0.7155457735061646,0.649465799331665,2.5316543579101562,0.5265368223190308,2569,0.873046875
-0.13671870529651642,456,0.53983862149088,2.2055067848740966,True,0.5134268068430716,0.40515148509293797,0.9442054927349091,True,0.109375,1.5918335784226656,0.1367187071009539,64.0390625,-0.7113974094390869,0.5650090575218201,2.2867045402526855,0.5472944378852844,2570,0.890625
-0.2270507663488388,419,0.5475317936808513,2.661768341974882,True,0.5156560683876347,0.482687864638865,0.8493698537349701,True,0.181640625,1.7152625136077404,0.22705076751299202,66.525390625,-0.8553256988525391,0.7159796953201294,3.0616743564605713,0.5916101932525635,2571,0.818359375
-0.2099609673023224,426,0.5825366060218901,2.4760559942800673,True,0.5528848757486388,0.4764769394067116,0.9060522317886353,True,0.16796875,1.706110443919897,0.20996097021270543,65.287109375,-0.8913634419441223,0.82840496301651,2.9741463661193848,0.645785927772522,2572,0.83203125
-0.1787109673023224,439,0.5219992659901161,2.3975442612632807,True,0.49328773358416717,0.4381988199893385,0.8767446875572205,True,0.14453125,1.682778162881732,0.17871097312308848,64.7421875,-0.7605618238449097,0.6525295376777649,2.748516321182251,0.5489363670349121,2573,0.857421875
-0.20751947164535522,427,0.5991961064048338,2.990641313637727,True,0.563382026881189,0.49288669526577,0.9673250615596771,True,0.166015625,1.8380441330373287,0.20751947513781488,65.751953125,-0.8914178609848022,0.7186772227287292,3.273124933242798,0.644701361656189,2574,0.833984375
-0.14990228414535522,450,0.5774724696742163,2.9614994732538857,True,0.5420073662863838,0.4181954222498462,0.9209307730197906,True,0.115234375,1.6821396350860596,0.14990228472743183,62.8671875,-0.766738772392273,0.5904321670532227,3.0665793418884277,0.5801129341125488,2575,0.87890625
-0.146484375,452,0.5420522605423379,2.445773757664503,True,0.5127631425857545,0.46377893176395446,1.1114579439163208,True,0.1171875,1.9000591933727264,0.14648437988944352,64.169921875,-0.7479899525642395,0.6135743260383606,2.751585006713867,0.5685542821884155,2576,0.8828125
-0.1269531100988388,460,0.6340352172436922,2.6923805651457413,True,0.6017928895742997,0.3894444204168394,0.8797799944877625,True,0.1015625,1.7307061571627855,0.12695311120478436,62.099609375,-0.8140648603439331,0.6340458989143372,2.876415491104126,0.6526655554771423,2577,0.8984375
-0.18505859375,436,0.5429494421963299,2.4134192094890348,True,0.5140478023148459,0.4828372401185334,1.0139490962028503,True,0.146484375,1.8997765332460403,0.1850585913634859,64.6328125,-0.7726683616638184,0.6022149324417114,2.6955227851867676,0.5553297996520996,2578,0.8515625
-0.15576171875,448,0.5258631025041852,2.3763056312288557,True,0.49740591006619594,0.4248754856642336,0.8687137961387634,True,0.123046875,1.9074200727045536,0.15576172061264515,63.9296875,-0.7366653084754944,0.6200607419013977,2.6582677364349365,0.5490697622299194,2579,0.875
-0.13183589279651642,458,0.541675615779177,2.227362711877281,True,0.5150020735492872,0.3996613987488672,0.883090078830719,True,0.10546875,1.8241496365517378,0.13183589780237526,62.685546875,-0.7169963121414185,0.580094039440155,2.525308847427368,0.5549188256263733,2580,0.89453125
-0.14111328125,454,0.5478202285745596,2.301042953776893,True,0.5202643388168403,0.4237455896800384,0.9220607578754425,True,0.111328125,1.9644032940268517,0.14111327286809683,63.458984375,-0.7397222518920898,0.5982394218444824,2.5861783027648926,0.5676383972167969,2581,0.88671875
-0.1025390475988388,470,0.5205582836841015,2.5696807947564633,True,0.48978535773906307,0.3831489321310073,0.9164667129516602,True,0.08203125,1.9463305659592152,0.10253906069556251,61.66015625,-0.6569047570228577,0.4992920160293579,2.7004759311676025,0.5220264196395874,2582,0.91796875
-0.10986322909593582,467,0.6200495895149877,2.0813857110205247,True,0.5951241651745373,0.3766827363520861,0.8818881511688232,True,0.087890625,1.80883764103055,0.10986322292592376,62.587890625,-0.7698864936828613,0.6614462733268738,2.2879538536071777,0.6326240301132202,2583,0.912109375
-0.11474624276161194,465,0.5482968796965896,2.54336580563617,True,0.5178390770830134,0.3921690116636455,0.9228426516056061,True,0.091796875,1.85708499699831,0.1147462313529104,63.564453125,-0.6878160834312439,0.5031151175498962,2.635099411010742,0.5415136814117432,2584,0.908203125
-0.13427734375,457,0.5940784839363014,2.9721966775814868,True,0.5584852675901201,0.39989197892136874,0.8611520826816559,True,0.107421875,1.8676844350993633,0.13427733699791133,64.66796875,-0.7638521194458008,0.5662304759025574,3.1449246406555176,0.5919129848480225,2585,0.892578125
-0.07812491059303284,480,0.5764308969179789,2.37844758828481,True,0.5479480604330699,0.34298325835261495,0.8931698501110077,True,0.0625,1.724487490952015,0.07812491292133927,62.671875,-0.671397864818573,0.4639297425746918,2.465421676635742,0.5637484788894653,2586,0.9375
-0.10009768605232239,471,0.5321731206717765,2.232941988420588,True,0.5054327543120981,0.37007255298085506,0.9331337213516235,True,0.080078125,1.6669624336063862,0.10009768517920747,63.458984375,-0.6668053865432739,0.5268727540969849,2.4478063583374023,0.5373942852020264,2587,0.919921875
-0.11230473220348358,466,0.5501458936494819,2.148482229064974,True,0.5244169601043406,0.35565895834006367,0.8426104784011841,True,0.08984375,1.4966427348554134,0.11230472373426892,64.6328125,-0.7171015739440918,0.6236682534217834,2.498310089111328,0.5748786926269531,2588,0.91015625
-0.11523434519767761,465,0.5896411042059622,2.895376593835892,True,0.5549678312834873,0.36067870710976424,0.8507527112960815,True,0.09375,1.5058764182031155,0.11523434228729457,64.71484375,-0.7448699474334717,0.5919134616851807,3.0289649963378906,0.59336256980896,2589,0.908203125
-0.09619143605232239,471,0.6052586588130634,2.5089178358673294,True,0.5752133883994602,0.32612869113218035,0.7919119894504547,True,0.064453125,1.4310972411185503,0.09619142999872565,62.7890625,-0.7294924259185791,0.5234405994415283,2.68179988861084,0.6011853814125061,2590,0.919921875
-0.0800781399011612,478,0.5380898387362268,2.566003814401985,True,0.5073609302233452,0.34566200207918885,0.9879456162452698,True,0.0546875,1.3598948400467634,0.08007813518634066,62.216796875,-0.6465964317321777,0.5181573629379272,2.687347173690796,0.534336268901825,2591,0.93359375
-0.078125,480,0.5302999059359232,1.9101988593737287,True,0.5074245313803355,0.34574767453596,0.9820667803287506,True,0.0625,1.4241863489151,0.07812499941792339,63.3125,-0.6337936520576477,0.4973025918006897,2.0568366050720215,0.5310372114181519,2592,0.9375
-0.1147460788488388,465,0.640362112881035,2.9447600631303685,True,0.6050974515176588,0.3444637385429814,0.8007549345493317,True,0.091796875,1.3913334216922522,0.11474607948912308,63.484375,-0.7963129878044128,0.6288526058197021,3.1674928665161133,0.6436349153518677,2593,0.908203125
-0.1464844048023224,452,0.5212887557206956,2.3725739611988574,True,0.4928762427473491,0.41216017965925855,0.9620015621185303,True,0.1171875,1.465509358793497,0.14648439909797162,64.94921875,-0.7140871286392212,0.6200263500213623,2.631481647491455,0.5360897779464722,2594,0.8828125
-0.0878906100988388,476,0.5648449063301086,2.6284669787943864,True,0.533367976921947,0.3262934202095494,0.8566064238548279,True,0.0703125,1.3416304383426905,0.08789061024435796,63.59765625,-0.6838781833648682,0.5652433037757874,2.7585244178771973,0.5629531741142273,2595,0.9296875
-0.07812485098838806,480,0.576180601119995,2.3616689999898273,True,0.5478986740112305,0.3134031646302901,0.8490023910999298,True,0.0625,1.3095565717667341,0.07812485552858561,62.591796875,-0.6965349912643433,0.6122267842292786,2.6286656856536865,0.5869306325912476,2596,0.9375
-0.11962884664535522,463,0.5526513671643276,2.5461907932619297,True,0.5221597251701562,0.3821198608959094,0.8981289565563202,True,0.095703125,1.657304372638464,0.1196288461505901,64.001953125,-0.7267595529556274,0.6284732222557068,2.7825350761413574,0.5738087296485901,2597,0.904296875
-0.10986322164535522,467,0.5469979354094642,2.368474968240399,True,0.5186345143287544,0.3754128978704102,0.9253004491329193,True,0.087890625,1.6097916197031736,0.10986322490498424,63.630859375,-0.7055085897445679,0.6021172404289246,2.570183277130127,0.564866304397583,2598,0.912109375
-0.12304691225290298,460,0.5571000752241715,2.2538235166798466,True,0.5301096610400988,0.37896244793664663,0.8477104604244232,True,0.0859375,1.7274688091129065,0.1230469160946086,63.236328125,-0.7076855301856995,0.5383530259132385,2.457857131958008,0.5552048087120056,2599,0.8984375
-0.13867193460464478,455,0.5555926505025927,2.158630795007223,True,0.5297421981345166,0.3818895811680704,0.7928445339202881,True,0.109375,1.692974952980876,0.13867192552424967,63.44140625,-0.741627037525177,0.6098957061767578,2.423658847808838,0.5739308595657349,2600,0.888671875
-0.09033195674419403,475,0.47653262364236926,1.827066203167564,True,0.4546527917761552,0.34539284501224754,0.8741440176963806,True,0.072265625,1.604641618207097,0.0903319600620307,62.65234375,-0.5959939360618591,0.4863359034061432,1.9786791801452637,0.48196643590927124,2601,0.927734375
-0.08056636154651642,479,0.5576371172275821,2.4643020012682313,True,0.5281261266646653,0.33917324736248705,0.8517711162567139,True,0.064453125,1.7650531269609928,0.08056636521359906,61.552734375,-0.6713634729385376,0.5306816697120667,2.5826120376586914,0.5598692297935486,2602,0.935546875
-0.0854492336511612,477,0.6256255709900047,2.8443817092687573,True,0.5915629854992001,0.34022331535816197,0.9118230044841766,True,0.068359375,1.4481895826756954,0.08544923434965312,62.34765625,-0.7490771412849426,0.5527259111404419,3.0352976322174072,0.6272790431976318,2603,0.931640625
-0.0854492336511612,477,0.5399751699445633,2.3090989894587035,True,0.5123228068371739,0.3404403872555122,0.9137259423732758,True,0.068359375,1.4449191354215145,0.08544924110174179,61.38671875,-0.6528899669647217,0.5228118300437927,2.4709744453430176,0.5378498435020447,2604,0.931640625
-0.0859374850988388,477,0.566736198946115,2.724900146700301,True,0.5341044645639336,0.33319806036306543,0.874874472618103,True,0.0703125,1.4457136988639832,0.08593747863778844,62.181640625,-0.6839517951011658,0.5711023807525635,2.9637389183044434,0.5625223517417908,2605,0.931640625
-0.07275388389825821,482,0.5785783059369478,2.4410552721300562,True,0.5493457178851875,0.30641206926666203,0.8508515655994415,True,0.056640625,1.2697574123740196,0.07275388541165739,61.046875,-0.678586483001709,0.5150013566017151,2.582129716873169,0.574910581111908,2606,0.94140625
-0.09716801345348358,472,0.5559693216267279,2.1716452473301002,True,0.5299630372200982,0.3497768400236964,0.902274489402771,True,0.076171875,1.4430783279240131,0.09716802323237062,62.529296875,-0.6825886964797974,0.5742797255516052,2.297801971435547,0.5579036474227905,2607,0.921875
-0.07324224710464478,482,0.6165757903914235,2.3546869176057363,True,0.5883775103636303,0.311147343472112,0.8546190559864044,True,0.05859375,1.3396256174892187,0.07324224890908226,61.9921875,-0.7078944444656372,0.962902843952179,2.4543979167938232,0.605259895324707,2608,0.94140625
-0.0683593899011612,484,0.6097684207041402,2.5037539970776272,True,0.5797849913273961,0.32339231101796034,0.9373182356357574,True,0.0546875,1.3513856139034033,0.06835938099538907,62.3984375,-0.6997715830802917,0.5256630182266235,2.638808488845825,0.5998114347457886,2609,0.9453125
-0.10986322164535522,467,0.5506445436201974,2.2892589523143894,True,0.5232297670279632,0.35936459589283914,0.8879343271255493,True,0.087890625,1.4382901843637228,0.10986321663949639,63.802734375,-0.705085039138794,0.5707773566246033,2.4673988819122314,0.5656737089157104,2610,0.912109375
-0.05371096357703209,490,0.5495654607305721,2.2056432378535367,True,0.5231520180799524,0.2988314540591091,0.8698467016220093,True,0.04296875,1.4230229780077934,0.05371096375165507,62.96875,-0.6192794442176819,0.4456760287284851,2.297238349914551,0.5380581617355347,2611,0.95703125
-0.05859372764825821,488,0.5895933582157385,2.5840398464046546,True,0.5586484695067171,0.2956216775812209,0.8025712370872498,True,0.046875,1.5302740409970284,0.05859372636768967,62.833984375,-0.6609655022621155,0.442550390958786,2.6821815967559814,0.5702515840530396,2612,0.953125
-0.0952148586511612,473,0.6356607928840605,2.639276742683153,True,0.6040544304484798,0.3403701862087473,0.8291139602661133,True,0.076171875,1.58665057644248,0.09521486412268132,64.66015625,-0.7826849818229675,0.6556993126869202,2.9015135765075684,0.6527233719825745,2613,0.923828125
-0.0581054762005806,488,0.5590825960284374,2.74718005539941,True,0.5261840370834852,0.290081281051971,0.785750687122345,True,0.044921875,1.4965131152421236,0.05810548726003617,64.265625,-0.6414326429367065,0.48145216703414917,2.878282070159912,0.548858642578125,2614,0.953125
-0.0703125,483,0.5166530826323767,2.5401594140268013,True,0.4862336871169863,0.3095211286796257,0.8352069854736328,True,0.0546875,1.4433444030582905,0.07031250925501809,63.572265625,-0.6037986278533936,0.4301086664199829,2.6154565811157227,0.5021650195121765,2615,0.943359375
-0.06591799110174179,485,0.5393346474342741,2.195408177621586,True,0.5130437682584389,0.3265542992623523,0.9522562325000763,True,0.052734375,1.403701139613986,0.06591799494344741,64.052734375,-0.6355282068252563,0.49074801802635193,2.349147319793701,0.5414782762527466,2616,0.947265625
-0.07568365335464478,481,0.6526230712442538,3.0353726044514078,True,0.6162732972796395,0.32731829481199387,0.9160253703594208,True,0.060546875,1.3685912862420082,0.07568365428596735,64.193359375,-0.7486812472343445,0.5675992965698242,3.1185193061828613,0.6356521844863892,2617,0.939453125
-0.08300776779651642,478,0.572788506995684,2.561779989857055,True,0.5421102002076024,0.32560017327778046,0.8641649186611176,True,0.06640625,1.3951885383576155,0.08300776104442775,63.05078125,-0.6806100606918335,0.5864314436912537,2.6363797187805176,0.5660306215286255,2618,0.93359375
-0.0874023362994194,476,0.5344856686952735,2.4775687426078217,True,0.5048158133731169,0.3482769638299942,0.9628314077854156,True,0.068359375,1.3661668114364147,0.08740234165452421,64.41796875,-0.65101158618927,0.5075960755348206,2.5764412879943848,0.5327553153038025,2619,0.9296875
-0.08984377980232239,475,0.6404101458348725,2.6063982662401695,True,0.6091975000030116,0.3563244397286326,0.9675946533679962,True,0.0703125,1.4592342600226402,0.08984379260800779,63.556640625,-0.7482237219810486,0.5651812553405762,2.746448040008545,0.6254901885986328,2620,0.927734375
-0.13378901779651642,457,0.6048210792781488,2.569220727590815,True,0.5740536520465458,0.4012879702495411,0.9320999681949615,True,0.10546875,1.6215790808200836,0.13378901936812326,66.1953125,-0.7900090217590332,0.6722496747970581,2.77579402923584,0.622978687286377,2621,0.892578125
-0.09521488845348358,473,0.5995107828688672,2.575700110663319,True,0.5686657586259015,0.35095654043834656,0.9156382083892822,True,0.076171875,1.4522801227867603,0.0952148906653747,63.705078125,-0.726803183555603,0.5740917325019836,2.7382960319519043,0.5987961888313293,2622,0.923828125
-0.11474609375,465,0.5410517005510227,2.79538583114583,True,0.5075758744311588,0.3929370821686462,0.9731569290161133,True,0.091796875,1.6711920835077763,0.11474609089782462,65.400390625,-0.6989050507545471,0.5625224709510803,3.1098060607910156,0.5469177961349487,2623,0.908203125
-0.130859375,458,0.6295225047648734,2.5021750500108477,True,0.5995579588361182,0.43554853480309247,1.0992681384086609,True,0.1015625,1.696710478514433,0.1308593830326572,64.61328125,-0.7966721057891846,0.6121991872787476,2.742948532104492,0.6329648494720459,2624,0.89453125
-0.14648433029651642,452,0.5390935999102296,2.7149831162089795,True,0.5065806054436001,0.441266847983934,1.0089665353298187,True,0.1171875,1.8597841076552868,0.14648433338152245,65.576171875,-0.7356818318367004,0.5973532199859619,2.9057860374450684,0.5543994903564453,2625,0.8828125
-0.15039055049419403,450,0.5239676115247938,2.61611482196384,True,0.4926386080847846,0.4505360621958971,1.0208105444908142,True,0.1171875,1.919668074697256,0.15039054688531905,64.384765625,-0.7042297124862671,0.5627633929252625,2.7958462238311768,0.5203577280044556,2626,0.87890625
-0.18750005960464478,435,0.5567599445923991,2.4616935127082913,True,0.5272801993907182,0.49276344818063084,1.0250927805900574,True,0.1484375,2.0048965625464916,0.18750006263144314,65.6640625,-0.7934865951538086,0.6201891899108887,2.661792278289795,0.5741106271743774,2627,0.849609375
-0.17529292404651642,440,0.5351777797395533,2.528022336959839,True,0.5049037245186893,0.46225259141065184,0.9409722983837128,True,0.138671875,1.9753038845956326,0.17529293562984094,64.4140625,-0.7583492994308472,0.6152276396751404,2.7407784461975098,0.5502344369888306,2628,0.859375
-0.26611328125,403,0.5576651668726067,2.4631012852671126,True,0.5281685488691401,0.5795225413516164,1.0604135394096375,True,0.212890625,2.026531059294939,0.2661132770590484,68.205078125,-0.8872112035751343,0.7199952006340027,2.7004475593566895,0.5887590646743774,2629,0.787109375
-0.2734375596046448,400,0.5062253069877625,2.1965878868103026,True,0.4799203109741211,0.5638538851868361,0.9249691963195801,True,0.21875,2.1084495447576046,0.27343756426125765,67.884765625,-0.821355938911438,0.6536022424697876,2.3448758125305176,0.5198376178741455,2630,0.78125
-0.2490234076976776,410,0.5428651008664108,2.388799277166041,True,0.51425830111271,0.5556489580310882,0.9930250942707062,True,0.19921875,2.1604102104902267,0.24902342609129846,68.3046875,-0.8406127095222473,0.7414319515228271,2.5258708000183105,0.5613409876823425,2631,0.80078125
-0.37060546875,359,0.6500395310622404,2.8010387364204217,True,0.6164959962985642,0.6761915720067918,0.9546509683132172,True,0.287109375,2.2931186482310295,0.3706054415088147,70.8125,-1.096001148223877,0.8370645642280579,3.066593885421753,0.6886721253395081,2632,0.701171875
-0.3559570014476776,366,0.6146364436774956,2.8198990613384978,True,0.580867036607096,0.6562447694130242,0.9552730023860931,True,0.283203125,2.1846632175147533,0.35595700331032276,69.853515625,-1.0527825355529785,0.7695253491401672,3.189377784729004,0.6586313247680664,2633,0.71484375
-0.4296875,336,0.5959719845226833,2.7165929022289457,True,0.5634397183145795,0.7492097633890809,1.0202646553516388,True,0.34375,2.309386234730482,0.4296875193249434,72.345703125,-1.0973916053771973,0.776461124420166,2.9760522842407227,0.632064700126648,2634,0.65625
-0.5175782442092896,300,0.644945232073466,2.933887017567953,True,0.609810783068339,0.8317442557774485,0.94432732462883,True,0.4140625,2.506010990589857,0.5175782372243702,74.248046875,-1.2115278244018555,0.7647578716278076,3.1181588172912598,0.6566084623336792,2635,0.5859375
-0.568359375,279,0.531326083619962,2.093194029237207,True,0.5062592499572316,0.9061308865435421,1.0556590855121613,True,0.453125,2.532794561237097,0.5683593372814357,76.09765625,-1.2106125354766846,0.7969074845314026,2.6153829097747803,0.6109328866004944,2636,0.544921875
-0.5073242783546448,304,0.5553341539282547,2.57076190647326,True,0.5245482827487744,0.8420594880357385,1.0662632882595062,True,0.404296875,2.4296506121754646,0.5073242941871285,75.01171875,-1.1654812097549438,0.7861259579658508,2.989370346069336,0.6223580837249756,2637,0.59375
-0.55810546875,283,0.5317031732717589,2.3696311307880147,True,0.5033259189592234,0.8433177055791021,0.7935434877872467,True,0.443359375,2.5300697833299637,0.5581055139191449,75.923828125,-1.2262169122695923,0.8385401964187622,2.9591195583343506,0.6326748728752136,2638,0.552734375
-0.7470703125,206,0.5928020153230833,2.4452552887999897,True,0.5635191427851186,1.0954901039600373,1.0306042730808258,True,0.59765625,2.845977798104286,0.747070356272161,81.58984375,-1.4810606241226196,0.8239666223526001,3.0122342109680176,0.6979176998138428,2639,0.40234375
-0.65185546875,245,0.5867047208912518,2.2175398607643286,True,0.5601488051365834,1.0405908731743694,1.2574418783187866,True,0.521484375,2.7449405267834663,0.6518554710783064,78.384765625,-1.3452277183532715,0.7729352712631226,2.983088254928589,0.6576486229896545,2640,0.478515625
-0.68505859375,231,0.5831794618786156,2.2297498150305315,True,0.5564773218198256,1.0496248198673128,1.0504351258277893,True,0.544921875,3.08958388492465,0.6850585942156613,79.126953125,-1.4320968389511108,0.8619307279586792,3.375282049179077,0.7066179513931274,2641,0.451171875
-0.56103515625,282,0.7056563910863078,2.9121229766953918,True,0.6707825690296525,0.8744541472755373,0.957245796918869,True,0.447265625,2.439396396279335,0.5610351662617177,75.65625,-1.3996944427490234,0.8713464736938477,3.723573684692383,0.7940680980682373,2642,0.55078125
-0.62255859375,257,0.5433624711481978,2.072917248024551,True,0.5185384741089224,0.9443233983591199,0.8953837454319,True,0.498046875,2.8537608236074448,0.6225586063228548,77.615234375,-1.36811363697052,0.8871473073959351,3.062654972076416,0.7088785171508789,2643,0.501953125
-0.42236328125,339,0.5713380671883754,2.545808440464436,True,0.5408509955645311,0.6943289422662929,0.7795353829860687,True,0.337890625,2.3211715891957283,0.42236328683793545,71.662109375,-1.0875567197799683,0.7744887471199036,2.9124574661254883,0.6303155422210693,2644,0.662109375
-0.4287109375,336,0.5567236372402735,2.357690005075364,True,0.5284893853323801,0.7261548646725714,0.913539707660675,True,0.33984375,2.294719249010086,0.4287109551951289,72.39453125,-1.0727969408035278,0.7814505696296692,2.761537551879883,0.6110154390335083,2645,0.65625
-0.3198242485523224,381,0.5913392831021407,2.602759527722056,True,0.5601702207342534,0.6123369191307575,0.9799134135246277,True,0.255859375,1.930599857121706,0.31982424133457243,68.57421875,-0.9882839918136597,0.7691060304641724,2.922443151473999,0.6334623098373413,2646,0.744140625
-0.33203125,376,0.6075433074159825,2.844509287083403,True,0.5734791806403626,0.6131521330564282,0.932795912027359,True,0.265625,1.8912340011447668,0.33203124708961695,69.619140625,-1.0061403512954712,0.7600752711296082,3.104644775390625,0.6369297504425049,2647,0.734375
-0.3149414360523224,383,0.559739113320881,2.076434195819785,True,0.5348729853841717,0.603181567019783,0.9797106385231018,True,0.251953125,1.8459599390625954,0.3149414391955361,69.56640625,-0.972254753112793,0.7870129346847534,2.588212251663208,0.6263185143470764,2648,0.748046875
-0.2343750298023224,416,0.5906872244981618,2.823334345450768,True,0.5568766937806058,0.5311964856460691,1.0502599477767944,True,0.1875,1.7353896871209145,0.2343750107102096,66.90625,-0.8770279884338379,0.6836890578269958,3.1145427227020264,0.6053551435470581,2649,0.8125
-0.2270507514476776,419,0.6043331775289732,2.217943280295142,True,0.5777724370324812,0.5092575684189796,0.9579797387123108,True,0.181640625,1.8122175745666027,0.227050740737468,66.40625,-0.8959161043167114,0.7170944213867188,2.6700599193573,0.6368902921676636,2650,0.818359375
-0.2441406548023224,412,0.5985884637508576,2.5142405727534616,True,0.568479439587269,0.538776020379737,0.9879964292049408,True,0.1953125,1.9407217279076576,0.24414064642041922,66.001953125,-0.9415502548217773,0.8210484981536865,2.9338207244873047,0.662276029586792,2651,0.8046875
-0.3105468153953552,385,0.678140688561774,3.151697895433996,True,0.6403978728628777,0.6023771267849951,0.9522264897823334,True,0.25,2.0277000162750483,0.31054682668764144,68.873046875,-1.0730531215667725,0.7958372831344604,3.5258476734161377,0.720282793045044,2652,0.751953125
-0.29736328125,390,0.5437011767656376,2.7979635898883526,True,0.5101944532149878,0.5640584085369482,0.9084261059761047,True,0.236328125,1.7001980934292078,0.2973632840439677,67.619140625,-0.9100240468978882,0.7048615217208862,3.077723503112793,0.5758038759231567,2653,0.76171875
-0.21923828125,422,0.5913568192748662,2.559872392229559,True,0.5607013369058547,0.4766086528194137,0.9423964023590088,True,0.173828125,1.3778216764330864,0.2192382909124717,66.0625,-0.8633747100830078,0.6709039807319641,2.9094531536102295,0.609294593334198,2654,0.82421875
-0.18505859375,436,0.5305568116520524,2.3927331692581877,True,0.501902881565444,0.4364106950350106,0.9259202480316162,True,0.146484375,1.3233609106391668,0.18505859759170562,64.349609375,-0.7672226428985596,0.6513532400131226,2.5656566619873047,0.5514392256736755,2655,0.8515625
-0.1953125,432,0.568705865630397,2.483789143738923,True,0.5389615253165917,0.45654944919515406,0.9107262790203094,True,0.15625,1.5818339120596647,0.19531249743886292,64.931640625,-0.8327051401138306,0.7349854111671448,2.759676694869995,0.604344367980957,2656,0.84375
-0.2075195014476776,427,0.5849564772718684,2.247746705310964,True,0.5580388376668131,0.48572051420342177,0.9606203436851501,True,0.166015625,1.7215392589569092,0.20751948037650436,65.22265625,-0.8657044172286987,0.7500784993171692,2.6455440521240234,0.6265034675598145,2657,0.833984375
-0.224609375,420,0.5887292998177666,2.6800816445123576,True,0.5566342552502951,0.48267389633692803,0.8450023531913757,True,0.1796875,1.7812809757888317,0.22460937732830644,65.76953125,-0.854900598526001,0.6170857548713684,2.8535709381103516,0.5961185693740845,2658,0.8203125
-0.23046875,416,0.6318921721898593,2.578674408105704,True,0.60101151237121,0.48567002315539864,0.8755901753902435,True,0.171875,1.6016646213829517,0.23046875547152013,65.13671875,-0.9287336468696594,0.7208302021026611,2.966329574584961,0.6627418994903564,2659,0.8125
-0.2187499850988388,422,0.635601017147444,3.0398190445244597,True,0.5991979848717063,0.4584556256653741,0.8235130906105042,True,0.171875,1.500060673803091,0.21874997555278242,64.32421875,-0.9210754632949829,0.7367864847183228,3.2586779594421387,0.6633015871047974,2660,0.82421875
-0.24658209085464478,411,0.5588229276838094,2.461191913797327,True,0.5293491929406957,0.5099157749209553,0.8969911932945251,True,0.197265625,1.6787091381847858,0.2465820766519755,66.150390625,-0.8774365782737732,0.710349440574646,2.923332691192627,0.5958465337753296,2661,0.802734375
-0.263671875,404,0.5691823097738888,2.5790470331022055,True,0.5382972159007988,0.5386738172266632,0.9233423173427582,True,0.2109375,1.806669220328331,0.2636718921130523,66.818359375,-0.9224025011062622,0.777712881565094,3.107156753540039,0.6215212345123291,2662,0.7890625
-0.23193359375,417,0.5587179647932807,2.5980007136039593,True,0.5276058905845066,0.4797702775802463,0.8002143502235413,True,0.185546875,1.7558766305446625,0.23193357436684892,64.921875,-0.864646852016449,0.7096112370491028,2.9485321044921875,0.5974035263061523,2663,0.814453125
-0.2666015028953552,403,0.5979223892499436,2.2381783318578754,True,0.571119306031291,0.5382156244246289,0.8972417116165161,True,0.21484375,1.843315228819847,0.26660152070689946,65.365234375,-0.9705883264541626,0.8279748558998108,2.865201950073242,0.6696748733520508,2664,0.787109375
-0.2514648735523224,409,0.5524118660714633,3.081038912817435,True,0.5155152176440783,0.5322818732820451,0.9118069708347321,True,0.201171875,1.9691122770309448,0.2514648649375886,65.767578125,-0.861406683921814,0.6816813349723816,3.3996880054473877,0.569229245185852,2665,0.798828125
-0.2294921875,418,0.5560869479008268,2.5613945705468573,True,0.5254132465312356,0.5057962585706264,0.9101153910160065,True,0.18359375,1.8856196459382772,0.22949219727888703,65.29296875,-0.851584792137146,0.6937896013259888,2.9558727741241455,0.5866948366165161,2666,0.81640625
-0.1660156548023224,444,0.5067821762583278,2.0769412098704154,True,0.48190998547785985,0.42833330521825697,0.8637667298316956,True,0.1328125,1.7912863455712795,0.16601563815493137,61.734375,-0.7159825563430786,0.577323853969574,2.292419910430908,0.5225143432617188,2667,0.8671875
-0.2587890326976776,406,0.6011354089370502,2.774723787613103,True,0.5679069719291086,0.5216613202588632,0.8579878807067871,True,0.20703125,1.8254942148923874,0.25878903042757884,63.94140625,-0.9550331830978394,0.7641515135765076,3.253011703491211,0.6572880148887634,2668,0.79296875
-0.17822259664535522,439,0.5682448705399499,2.2876183367535843,True,0.5408497475817425,0.44713826696388426,0.9001081883907318,True,0.142578125,1.7778805382549763,0.17822260013781488,61.5625,-0.813112199306488,0.7253360152244568,2.5723652839660645,0.6040844917297363,2669,0.857421875
-0.18603515625,436,0.6138249663037991,2.1892883515139236,True,0.5876073700572372,0.4480626038275659,0.8494478464126587,True,0.150390625,1.8427575286477804,0.18603515397990122,61.537109375,-0.8736715316772461,0.7268982529640198,2.5728445053100586,0.6568255424499512,2670,0.8515625
-0.1704101860523224,442,0.5429300851951359,2.515078461547783,True,0.5128110450317418,0.4445923489751294,0.9425896108150482,True,0.134765625,1.7132848408073187,0.17041018314193934,61.259765625,-0.7606775760650635,0.6293683648109436,2.8860056400299072,0.5557063817977905,2671,0.86328125
-0.1708984673023224,442,0.5818441734055049,2.8816970732417047,True,0.5473347333221954,0.4246028784662485,0.8194566667079926,True,0.13671875,1.7962614558637142,0.17089846916496754,61.82421875,-0.8009958267211914,0.6437421441078186,3.108759880065918,0.5928687453269958,2672,0.86328125
-0.1318359673023224,458,0.5693509815561718,2.6548146675767854,True,0.5375585428491951,0.3603944776812568,0.7160817980766296,True,0.10546875,1.7068428602069616,0.13183597300667316,59.677734375,-0.7557181119918823,0.6078753471374512,3.0133471488952637,0.5877962112426758,2673,0.89453125
-0.1591796875,447,0.6742751250331034,2.8641964989220536,True,0.6399752559011148,0.4062120043439791,0.8193757832050323,True,0.12890625,1.663143178448081,0.15917968633584678,60.91015625,-0.8788958191871643,0.6842706203460693,3.1033449172973633,0.6825523376464844,2674,0.873046875
-0.11962887644767761,463,0.5118918966654826,2.312145436556756,True,0.48420304845270273,0.37675541639328003,0.8601287007331848,True,0.095703125,1.702015770599246,0.11962888663401827,59.927734375,-0.6787879467010498,0.5680620670318604,2.47471284866333,0.5295234322547913,2675,0.904296875
-0.1562499850988388,448,0.5648287279265267,2.3412346925054273,True,0.536791518330574,0.4149148995755241,0.8671058118343353,True,0.125,1.7048747837543488,0.15624999813735485,62.365234375,-0.7658989429473877,0.5976649522781372,2.5601038932800293,0.5789906978607178,2676,0.875
-0.17236328125,441,0.6334109649636577,2.6626142244490363,True,0.6015251170750917,0.4147645268007181,0.8166162371635437,True,0.134765625,1.581559943035245,0.1723632821231149,62.701171875,-0.8625768423080444,0.7044254541397095,2.9194202423095703,0.6552523374557495,2677,0.861328125
-0.1440429985523224,453,0.5619347650089012,2.5069839801746223,True,0.5319126542435577,0.40682247155345974,0.9200631380081177,True,0.115234375,1.5753368586301804,0.14404299861053005,63.419921875,-0.7452511191368103,0.5874931812286377,2.654510974884033,0.5694193840026855,2678,0.884765625
-0.1391601711511612,455,0.5766748328130323,2.4334208519904172,True,0.5475336526121413,0.37803539317101237,0.814287930727005,True,0.111328125,1.5203528013080359,0.1391601657960564,63.1875,-0.7585640549659729,0.6398569345474243,2.6287124156951904,0.5879240036010742,2679,0.888671875
-0.11230470985174179,466,0.5535816652580392,2.6693426713411386,True,0.5216152352069069,0.3682743220590055,0.9164395034313202,True,0.08984375,1.4536341559141874,0.1123047104338184,62.078125,-0.7064849734306335,0.5744636058807373,2.9109954833984375,0.5593199729919434,2680,0.91015625
-0.1367187350988388,456,0.5659610514055219,2.2665982831988423,True,0.5388176514391313,0.39581535283941777,0.8722667992115021,True,0.109375,1.6928650997579098,0.13671873533166945,63.63671875,-0.7500911355018616,0.612445056438446,2.4209842681884766,0.5843801498413086,2681,0.890625
-0.1074218899011612,468,0.5118102385447576,1.7440634191545668,True,0.4909243981043499,0.34795709210447967,0.8295503258705139,True,0.0859375,1.492502549663186,0.10742189700249583,62.798828125,-0.6592833995819092,0.534199595451355,1.912010669708252,0.5289645195007324,2682,0.9140625
-0.1567382514476776,447,0.5078551892599537,2.2286503752339337,True,0.4811662190179163,0.4008087617577985,0.7972257435321808,True,0.119140625,1.6925068534910679,0.15673826762940735,64.91015625,-0.7287698984146118,0.6296243071556091,2.54192852973938,0.5415909886360168,2683,0.873046875
-0.1459960639476776,452,0.559016108249141,2.343052712161984,True,0.5309571238745631,0.40834861502517017,0.9191825687885284,True,0.115234375,1.5703204572200775,0.1459960766369477,64.986328125,-0.7567042112350464,0.6371570825576782,2.5485758781433105,0.5801879167556763,2684,0.8828125
-0.17822265625,439,0.576828035243823,2.237235325615607,True,0.5500362520880472,0.44856642344966535,0.9568605720996857,True,0.142578125,1.5794330444186926,0.17822265345603228,66.060546875,-0.7919526696205139,0.6435825824737549,2.488168954849243,0.5839331746101379,2685,0.857421875
-0.17529296875,440,0.572969668561762,2.6061295942826703,True,0.5417602517388085,0.4358436661306769,0.9044579267501831,True,0.138671875,1.5931822694838047,0.17529296653810889,66.599609375,-0.7990087270736694,0.6429897546768188,2.8187975883483887,0.5899596214294434,2686,0.859375
-0.1459961235523224,452,0.566282132558063,2.5337018586892994,True,0.5359400642656647,0.40774791068397465,0.9042265713214874,True,0.115234375,1.6181293744593859,0.14599612588062882,65.31640625,-0.7445063591003418,0.572263777256012,2.6548304557800293,0.5667176246643066,2687,0.8828125
-0.18505859375,436,0.6113949368853089,2.538744532733882,True,0.5809924739216447,0.45467538060620427,0.9563678503036499,True,0.146484375,1.5668642073869705,0.18505859456490725,65.8359375,-0.8567991256713867,0.7113357782363892,2.8444204330444336,0.6376774907112122,2688,0.8515625
-0.21826165914535522,422,0.6283420411896368,2.836963301586314,True,0.5943683001667402,0.5124802466947586,1.0211603045463562,True,0.169921875,1.799730397760868,0.21826166327809915,66.990234375,-0.9000575542449951,0.6704162955284119,3.0945606231689453,0.6447373032569885,2689,0.82421875
-0.19970709085464478,430,0.5921358744765437,2.6205955472103386,True,0.5607532045175863,0.4716718534938991,0.9530844390392303,True,0.158203125,1.6269576642662287,0.19970708136679605,66.150390625,-0.8379698991775513,0.665140688419342,2.9554522037506104,0.6028701066970825,2690,0.83984375
-0.2099609673023224,426,0.6123901362150489,2.484609757230875,True,0.582635950034773,0.50340746040456,0.9733584523200989,True,0.16796875,1.9754958935081959,0.20996097347233444,66.966796875,-0.8780248165130615,0.6813760995864868,2.7489633560180664,0.6351439952850342,2691,0.83203125
-0.2514649033546448,409,0.5852145545348562,2.617841581843593,True,0.5538648648192073,0.5073454525321722,0.7815399467945099,True,0.201171875,1.9914515540003777,0.2514648857759312,67.1796875,-0.9085736274719238,0.7427382469177246,2.973668098449707,0.6214979290962219,2692,0.798828125
-0.1879882663488388,435,0.544856562559632,2.3110012010596264,True,0.5171814185449447,0.45880008323583754,0.8913716375827789,True,0.150390625,1.8507498390972614,0.18798826227430254,66.15234375,-0.7846437692642212,0.6276427507400513,2.6769018173217773,0.564598560333252,2693,0.849609375
-0.1953124701976776,432,0.5094051515614545,2.3551950918303595,True,0.4812007678879631,0.4786956500727684,0.9387726485729218,True,0.15625,1.9125727713108063,0.19531248044222593,65.748046875,-0.7675540447235107,0.6694830656051636,2.606494903564453,0.5410277843475342,2694,0.84375
-0.2001953423023224,430,0.5240166497784992,2.0517787495324775,True,0.49944580017134205,0.4925215401919559,0.9729499220848083,True,0.16015625,1.9547242783010006,0.20019533950835466,66.40234375,-0.7947568893432617,0.6863402128219604,2.363746166229248,0.566254734992981,2695,0.83984375
-0.2705077528953552,401,0.5075969733204925,1.6500523176573758,True,0.48783694731624344,0.5401773412479088,0.8080666363239288,True,0.21484375,2.1611246820539236,0.27050777641125023,67.353515625,-0.8725572228431702,0.7456571459770203,2.157491683959961,0.5762126445770264,2696,0.783203125
-0.21142578125,425,0.5743204062826492,2.590485131319831,True,0.543298341807197,0.5009815021883697,0.9306345283985138,True,0.166015625,2.0685764513909817,0.21142576861893758,65.56640625,-0.8799993395805359,0.7759293913841248,2.9743590354919434,0.632954478263855,2697,0.830078125
-0.2172851860523224,423,0.5494037215591323,2.2156445050070475,True,0.5228705303325157,0.4879820486065,0.8638059496879578,True,0.173828125,1.958713173866272,0.2172851973446086,65.173828125,-0.8152431845664978,0.6589882969856262,2.4120564460754395,0.5690727233886719,2698,0.826171875
-0.20263677835464478,429,0.572224597691934,2.265307713221837,True,0.5450966430432869,0.4706934065558016,0.8856669366359711,True,0.162109375,1.8184648044407368,0.20263677841285244,64.95703125,-0.8343591690063477,0.6825353503227234,2.542844772338867,0.6012707948684692,2699,0.837890625
-0.1611328274011612,445,0.5361696945817283,2.695518538121427,True,0.5038898127132587,0.43095821659080685,0.9028651416301727,True,0.12109375,1.7850470915436745,0.16113283392041922,62.474609375,-0.7408626079559326,0.6181872487068176,2.9072961807250977,0.5449138283729553,2700,0.869140625
-0.19677728414535522,431,0.6069942830333577,2.4962158435458655,True,0.5771011139704845,0.4647840842837468,0.9122025072574615,True,0.154296875,1.711325716227293,0.19677729537943378,63.458984375,-0.842352032661438,0.6735684871673584,2.731670379638672,0.6128618121147156,2701,0.841796875
-0.1635741889476776,445,0.6143424402461963,2.936036137248694,True,0.5791822377215611,0.4123344377847389,0.7993512749671936,True,0.130859375,1.7777998708188534,0.16357418661937118,63.150390625,-0.8265296220779419,0.6677342057228088,3.1054091453552246,0.625766932964325,2702,0.869140625
-0.1342773735523224,457,0.5312316454213349,2.320860690569721,True,0.5034384231859537,0.39239368170965466,0.8736761212348938,True,0.107421875,1.6676216460764408,0.13427737291203812,61.67578125,-0.7130537629127502,0.5906155109405518,2.517704486846924,0.5486258864402771,2703,0.892578125
-0.15380853414535522,449,0.6033601580324577,2.395604105994005,True,0.5746718566773462,0.4183206590823829,0.9143823385238647,True,0.123046875,1.6327131651341915,0.1538085338252131,62.16796875,-0.8039057850837708,0.6154106259346008,2.6882309913635254,0.617904543876648,2704,0.876953125
-0.1416015625,454,0.644625130203852,2.487672186107888,True,0.6148342739642979,0.4050007303711027,0.9472639262676239,True,0.11328125,1.4789275582879782,0.14160156511934474,61.1328125,-0.8239712119102478,0.6640391945838928,2.711585283279419,0.6498973369598389,2705,0.88671875
-0.14404302835464478,453,0.6110561761766606,2.265293179232027,True,0.5839284194621029,0.41712275967001916,0.9806010723114014,True,0.115234375,1.539190087467432,0.1440430369693786,62.0,-0.796585202217102,0.6337451934814453,2.4419140815734863,0.6232993602752686,2706,0.884765625
-0.13427734375,457,0.5372885511271019,2.5418211709487872,True,0.5068492328572847,0.376766679645516,0.8347097933292389,True,0.107421875,1.5109475646167994,0.13427734246943146,61.21875,-0.7000377774238586,0.5175654888153076,2.6714415550231934,0.533768892288208,2707,0.892578125
-0.17822265625,439,0.6144924812816542,2.4701787162750346,True,0.584911126482188,0.446106115845032,0.943812757730484,True,0.142578125,1.582418205216527,0.1782226552022621,61.353515625,-0.8864642381668091,0.7750824689865112,2.9276418685913086,0.67318195104599,2708,0.857421875
-0.1953124701976776,432,0.5541036901650606,2.6904322129708746,True,0.521884712908003,0.46976386769674716,0.9604619741439819,True,0.15625,1.6471798345446587,0.19531247857958078,64.34375,-0.8296946287155151,0.7170958518981934,3.017180919647217,0.598250150680542,2709,0.84375
-0.15380859375,449,0.6053236389744255,2.5695628953935836,True,0.5745521088883712,0.4030095203430392,0.8291550278663635,True,0.123046875,1.6673981565982103,0.15380860480945557,63.619140625,-0.8257784843444824,0.680597186088562,2.8761415481567383,0.6375269293785095,2710,0.876953125
-0.13916020095348358,455,0.5721340148003546,2.5310748723837047,True,0.5418233967744388,0.4003309258725494,0.9142999947071075,True,0.111328125,1.5662143733352423,0.1391602037474513,63.560546875,-0.7600665092468262,0.6303884387016296,2.7335023880004883,0.5881716012954712,2711,0.888671875
-0.12207037210464478,462,0.5869419729554808,2.2556658296874077,True,0.5599294931857617,0.37379805799573657,0.8699336349964142,True,0.09765625,1.554819356650114,0.12207036215113476,63.052734375,-0.7498301267623901,0.5892728567123413,2.526604175567627,0.5975027680397034,2712,0.90234375
-0.16845703125,443,0.5360260603121119,2.345521524851263,True,0.5079375248461222,0.4346266099251807,0.9309999942779541,True,0.134765625,1.5993916112929583,0.16845702985301614,64.658203125,-0.781537652015686,0.7119712233543396,2.65146541595459,0.581328272819519,2713,0.865234375
-0.126953125,460,0.5487179865007816,2.236900234740713,True,0.5219302146331124,0.3724212268134579,0.8056698739528656,True,0.1015625,1.686682853847742,0.1269531065481715,64.142578125,-0.7058717012405396,0.5447720289230347,2.420159101486206,0.5499361753463745,2714,0.8984375
-0.1459961235523224,452,0.5976531397452397,2.936749440378847,True,0.562484411802967,0.4195553687168285,0.9277255833148956,True,0.115234375,1.760282564908266,0.14599611889570951,65.6171875,-0.7944247126579285,0.6366958618164062,3.161449909210205,0.6105690002441406,2715,0.8828125
-0.1484375298023224,451,0.5850698589089176,2.551242229943794,True,0.5545177221826861,0.40534795026760545,0.7937271595001221,True,0.1171875,1.9632998891174793,0.1484375224681571,65.955078125,-0.7960919141769409,0.6405283212661743,2.8808746337890625,0.6131547689437866,2716,0.880859375
-0.14794921875,451,0.5398484048848669,2.678950200852693,True,0.5077669233281966,0.40888167994562535,0.8017692863941193,True,0.115234375,2.011572230607271,0.14794921164866537,66.310546875,-0.7477678060531616,0.6717304587364197,2.9352126121520996,0.5646682381629944,2717,0.880859375
-0.1372070610523224,456,0.5749765629308266,2.2550867022129526,True,0.5479710217107805,0.41094989650882785,0.9138067960739136,True,0.111328125,1.8196293637156487,0.13720706588355824,65.87109375,-0.7620120048522949,0.6548128724098206,2.456728458404541,0.5953847169876099,2718,0.890625
-0.1416015923023224,454,0.5640981839354343,2.7913039423820734,True,0.5306712195999297,0.3783734952565283,0.7593160271644592,True,0.11328125,1.698174148797989,0.14160158077720553,65.5625,-0.7469452619552612,0.6032730937004089,3.0331547260284424,0.5690205097198486,2719,0.88671875
-0.1635741889476776,445,0.49681538551041254,2.1016568309805366,True,0.47164721770232987,0.4258567792130634,0.8646200597286224,True,0.130859375,1.7871712110936642,0.16357420408166945,66.58203125,-0.7037425637245178,0.5938171148300171,2.280388593673706,0.5128597617149353,2720,0.869140625
-0.15624986588954926,448,0.5448017652545657,2.19584698336465,True,0.5185056328773499,0.4071467047790065,0.8245753347873688,True,0.125,1.7196355760097504,0.1562498543644324,66.517578125,-0.752963125705719,0.6169121861457825,2.441901683807373,0.5674704313278198,2721,0.875
-0.17236328125,441,0.5392670427320225,2.3169754016426416,True,0.5115203574266023,0.45639512008056043,0.9769805669784546,True,0.134765625,1.7727142311632633,0.17236329324077815,66.34765625,-0.7664632797241211,0.6826561093330383,2.5709972381591797,0.5633113384246826,2722,0.861328125
-0.20751953125,427,0.5766175422791296,2.634139310559847,True,0.5450726748908711,0.4594211320858449,0.796166181564331,True,0.166015625,1.853367380797863,0.20751952519640326,67.611328125,-0.837078869342804,0.6555890440940857,2.8496222496032715,0.5954340100288391,2723,0.833984375
-0.2246093600988388,420,0.551304201568876,2.2878144968123664,True,0.5239067185492743,0.5026193149155006,0.9221878349781036,True,0.1796875,1.87144760414958,0.2246093669673428,67.625,-0.8559627532958984,0.7035693526268005,2.751509666442871,0.5984029769897461,2724,0.8203125
-0.22900390625,418,0.5202980743070538,2.23504831460104,True,0.4935325073283256,0.5252745679579676,0.9579987227916718,True,0.181640625,2.093418452888727,0.22900389903225005,67.337890625,-0.8437210321426392,0.7371336221694946,2.779798746109009,0.5814279317855835,2725,0.81640625
-0.22314459085464478,420,0.5142876068751018,2.1997170039585665,True,0.48794513146082574,0.5229976479895413,0.9780645370483398,True,0.173828125,2.0848031118512154,0.2231445808429271,67.107421875,-0.81575608253479,0.6963663697242737,2.6021018028259277,0.5614503622055054,2726,0.8203125
-0.263671875,404,0.6170670375375464,2.347274145867565,True,0.5889575059461122,0.5300411763135344,0.8441154062747955,True,0.2109375,1.9509241692721844,0.2636718832072802,67.732421875,-0.9300805330276489,1.0491994619369507,2.6895737648010254,0.6341999173164368,2727,0.7890625
-0.2368164360523224,415,0.534172990092312,2.512537925214653,True,0.5040843269911158,0.506095799151808,0.8765959739685059,True,0.189453125,1.879203550517559,0.23681642551673576,66.751953125,-0.8462037444114685,0.6935534477233887,2.831881046295166,0.5754744410514832,2728,0.810546875
-0.2514648139476776,409,0.5375469428257138,2.4328081462085978,True,0.5084131086805339,0.5301396409748123,0.9357354938983917,True,0.201171875,1.8305546753108501,0.2514648078940809,66.587890625,-0.8535704612731934,0.6880183219909668,2.7466917037963867,0.5692128539085388,2729,0.798828125
-0.2416991889476776,413,0.5787735692525314,2.30693269151175,True,0.5511471451627717,0.5008370820898562,0.815780520439148,True,0.193359375,1.9196360670030117,0.2416991734644398,66.3515625,-0.9317284822463989,0.8150911331176758,2.71952486038208,0.6574618816375732,2730,0.806640625
-0.20751953125,427,0.5098036093510845,2.0958885169420087,True,0.4847045281173474,0.48240236382698637,0.9125128090381622,True,0.166015625,1.8476055189967155,0.20751952327555045,65.515625,-0.76845782995224,0.6426495313644409,2.3423054218292236,0.5328882932662964,2731,0.833984375
-0.30517578125,387,0.5325932783057831,2.2701217801687945,True,0.5054076775253897,0.5928221915848554,0.909030944108963,True,0.244140625,2.116804253309965,0.3051757854409516,67.73828125,-0.9353511333465576,0.7581642866134644,2.713007926940918,0.5976860523223877,2732,0.755859375
-0.28125,396,0.5889294677310518,2.758544753898274,True,0.5558948077336706,0.5768586046528071,0.892105221748352,True,0.21875,2.3437513560056686,0.28124998917337507,66.81640625,-0.965591311454773,0.7845461964607239,3.2107081413269043,0.6458918452262878,2733,0.7734375
-0.2246093451976776,420,0.5382282989365714,2.308379546801249,True,0.5105845405941919,0.48760940548963844,0.8147239089012146,True,0.1796875,2.0011054016649723,0.2246093513967935,64.91796875,-0.830482006072998,0.682828426361084,2.5932092666625977,0.5748178958892822,2734,0.8203125
-0.22021484375,422,0.6351275718042636,2.4879722177134873,True,0.6053331423709744,0.49059822300914674,0.8766072392463684,True,0.177734375,1.901238713413477,0.22021483775461093,63.7265625,-0.8894237279891968,0.7074024677276611,2.6389567852020264,0.6376063227653503,2735,0.82421875
-0.27587890625,398,0.5368608696077337,2.085745106989415,True,0.5118832535779655,0.5473156946944073,0.8369202315807343,True,0.212890625,2.08105506375432,0.2758788918145001,66.091796875,-0.8867493867874146,0.6906664967536926,2.5582847595214844,0.5802340507507324,2736,0.77734375
-0.1948241889476776,432,0.5857575911062736,2.4163794473365496,True,0.5568205051951939,0.4436782362405211,0.7700769901275635,True,0.154296875,1.896772887557745,0.19482419022824615,63.142578125,-0.8418845534324646,0.7160460352897644,2.677673578262329,0.6149941682815552,2737,0.84375
-0.23486334085464478,416,0.5713123816710253,2.630670776733986,True,0.5398090550532708,0.5163930833805352,0.9258335828781128,True,0.189453125,1.9272605497390032,0.23486333742039278,64.623046875,-0.8709847927093506,0.7354657053947449,2.977236032485962,0.6004679203033447,2738,0.8125
-0.2246093451976776,420,0.5441672509624845,2.3496901602972122,True,0.5160287930851892,0.526220966060646,1.0242237746715546,True,0.1796875,1.9353368058800697,0.22460936789866537,64.787109375,-0.8202285766601562,0.6659308075904846,2.5727996826171875,0.5648089647293091,2739,0.8203125
-0.23681636154651642,415,0.6507439127887589,2.721895873402975,True,0.6181481355644134,0.5074949618894607,0.8593905568122864,True,0.189453125,1.9760098904371262,0.23681635269895196,65.3046875,-0.9235336780548096,0.670577347278595,3.0289535522460938,0.6504443883895874,2740,0.810546875
-0.1831054389476776,437,0.5474763007949637,2.042147845370818,True,0.5230207721483243,0.4664007144747302,0.9725937247276306,True,0.146484375,1.7755301836878061,0.18310545745771378,62.658203125,-0.7749330401420593,0.6464604139328003,2.2264113426208496,0.5651654005050659,2741,0.853515625
-0.1752929985523224,440,0.5169882535934448,2.600370927290483,True,0.48584778525612565,0.44171729629160833,0.9089003205299377,True,0.138671875,1.6928845010697842,0.1752930047805421,62.96875,-0.7514016628265381,0.6323943734169006,2.905853271484375,0.5413099527359009,2742,0.859375
-0.1489258110523224,451,0.5727540622000684,2.486747704694118,True,0.5429742740686083,0.42316874940879645,0.9434753358364105,True,0.119140625,1.7109573185443878,0.1489258147776127,61.1953125,-0.7519680261611938,0.5653989315032959,2.6532680988311768,0.5712683200836182,2743,0.880859375
-0.1411132514476776,454,0.6495123644757376,2.943229253071521,True,0.6142660319017419,0.4177738192258403,0.9674239754676819,True,0.111328125,1.6635153889656067,0.14111325575504452,61.4921875,-0.8190510272979736,0.6176461577415466,3.1373066902160645,0.6403672695159912,2744,0.88671875
-0.15869140625,447,0.507240249139884,2.3442808088306877,True,0.47916656252521794,0.41272148746065795,0.8331134915351868,True,0.126953125,1.748147925361991,0.15869139111600816,64.078125,-0.7266106009483337,0.6113675832748413,2.6105856895446777,0.536656379699707,2745,0.873046875
-0.12451174855232239,461,0.5370816473329921,2.071871842841523,True,0.5122701558011731,0.36467185923829676,0.8244543373584747,True,0.099609375,1.5053848624229431,0.12451174552552402,62.142578125,-0.6849585771560669,0.5216659903526306,2.1898372173309326,0.5342227220535278,2746,0.900390625
-0.1562500298023224,448,0.6186400013310568,2.6862293566976274,True,0.5864713490009308,0.4145005247555673,0.8936680853366852,True,0.125,1.5903374962508678,0.15625003218883649,62.615234375,-0.8247696161270142,0.6542532444000244,3.0291342735290527,0.6322445869445801,2747,0.875
-0.1635741889476776,445,0.5849354005931469,2.7201155539309037,True,0.5523609481500776,0.44329900613520296,0.9899297952651978,True,0.130859375,1.6347774229943752,0.1635741733480245,64.146484375,-0.8018175959587097,0.6347879767417908,3.0076029300689697,0.6022261381149292,2748,0.869140625
-0.1342773139476776,457,0.5301060452894256,2.3930203638139385,True,0.5014486930432935,0.3834333107573912,0.8848946988582611,True,0.107421875,1.4435409642755985,0.1342773203505203,63.119140625,-0.7048441171646118,0.5783389806747437,2.599043130874634,0.5394421815872192,2749,0.892578125
-0.1489257514476776,451,0.5167363198131257,1.9714131905075716,True,0.4931278773263395,0.39138521437998863,0.7947197258472443,True,0.119140625,1.6703099682927132,0.1489257705397904,64.189453125,-0.7117606997489929,0.5905576944351196,2.2998194694519043,0.535293698310852,2750,0.880859375
-0.1074218824505806,468,0.5072390243538425,2.0575694569155702,True,0.48259881622770917,0.36620872048661113,0.8554765582084656,True,0.0859375,1.753830410540104,0.10742188827134669,63.373046875,-0.6510330438613892,0.5204461216926575,2.271326780319214,0.5164111256599426,2751,0.9140625
-0.10253911465406418,470,0.5328874610840006,2.2467065481429405,True,0.505982251750662,0.3389721640385687,0.8309956789016724,True,0.08203125,1.4046783354133368,0.10253910976462066,62.833984375,-0.6692304611206055,0.5663190484046936,2.4383363723754883,0.5374913811683655,2752,0.91796875
-0.11718758940696716,464,0.5714423707846936,2.5289673743576846,True,0.5411570092727398,0.3700493828393519,0.882698655128479,True,0.09375,1.526441404595971,0.11718758149072528,63.11328125,-0.7224721312522888,0.5668393969535828,2.71127986907959,0.572816014289856,2753,0.90625
-0.14892578125,451,0.7094108139860656,2.2694460795882536,True,0.6822333265170291,0.4014213107060641,0.8459277153015137,True,0.119140625,1.6661996468901634,0.14892578206490725,65.896484375,-0.8936705589294434,1.0156558752059937,2.4969868659973145,0.7148423194885254,2754,0.880859375
-0.1318359076976776,458,0.49007866398215805,2.029124310703777,True,0.46577910812140555,0.39241958260536197,0.9248908162117004,True,0.10546875,1.5121100302785635,0.1318359177093953,64.341796875,-0.6608612537384033,0.5730912685394287,2.1763765811920166,0.5029624700546265,2755,0.89453125
-0.11718755960464478,464,0.5477967128671449,2.5904449183365394,True,0.5167751230042557,0.38212300601881,0.9791257679462433,True,0.09375,1.3822059351950884,0.11718755459878594,63.9765625,-0.7092044353485107,0.5846360921859741,2.828554391860962,0.5581439733505249,2756,0.90625
-0.1098632961511612,467,0.5588283757070913,2.6088734061100247,True,0.527586076320877,0.3372253544745036,0.7784165740013123,True,0.087890625,1.4335748935118318,0.10986329481238499,63.732421875,-0.7021253108978271,0.5553849935531616,2.769704818725586,0.559093713760376,2757,0.912109375
-0.1391601413488388,455,0.6449966473893806,3.140061880206013,True,0.607393159054138,0.38399539687670764,0.8359880447387695,True,0.111328125,1.5527529828250408,0.13916013450943865,64.6171875,-0.8407092690467834,0.6965916752815247,3.3646833896636963,0.6612557172775269,2758,0.888671875
-0.1318359375,458,0.5942706949846193,2.3657848806360398,True,0.5659394865473285,0.4068993190536276,1.0189736187458038,True,0.10546875,1.4253732785582542,0.1318359291763045,63.814453125,-0.7675288915634155,0.6404125094413757,2.4930293560028076,0.6058379411697388,2759,0.89453125
-0.15380854904651642,449,0.5954556590597454,2.424391255346863,True,0.5664226363655719,0.4130766202928498,0.9078937470912933,True,0.123046875,1.553786365315318,0.1538085516076535,65.390625,-0.7873710989952087,0.604590654373169,2.672020435333252,0.6015639901161194,2760,0.876953125
-0.1704101711511612,442,0.5204452567510476,2.1969506411530855,True,0.4941358982977285,0.43356017442420125,0.9165181219577789,True,0.134765625,1.5969276409596205,0.17041016789153218,65.2734375,-0.7390986084938049,0.6032986640930176,2.4721250534057617,0.53908371925354,2761,0.86328125
-0.1440429985523224,453,0.5365379043499103,2.1974499819031346,True,0.5102225806539422,0.4069678027648479,0.9107303321361542,True,0.115234375,1.6155748553574085,0.14404299174202606,64.341796875,-0.7218128442764282,0.5927095413208008,2.425227403640747,0.5487267971038818,2762,0.884765625
-0.1796875,438,0.5230660200391185,2.0056218189191597,True,0.4990479185428794,0.4487849926808849,0.9275853633880615,True,0.140625,1.6716082412749529,0.17968750646105036,64.974609375,-0.7680726647377014,0.6740339398384094,2.3113815784454346,0.5607055425643921,2763,0.85546875
-0.27832040190696716,398,0.6180362279091647,3.153024890314993,True,0.5802775053822214,0.5461966533679515,0.8530765473842621,True,0.22265625,1.9452188778668642,0.2783203951548785,66.66796875,-0.9737080335617065,0.7491073608398438,3.489290714263916,0.6536020040512085,2764,0.77734375
-0.2392577975988388,414,0.599394589950497,2.6088101886896697,True,0.5681530764137488,0.514837507950142,0.873143196105957,True,0.19140625,2.0190212838351727,0.23925780167337507,66.533203125,-0.9094971418380737,0.716955840587616,2.9227771759033203,0.6352379322052002,2765,0.80859375
-0.24609375,411,0.5830599774409385,2.41732152013013,True,0.554111616309832,0.529299414344132,0.8638865947723389,True,0.1953125,2.208567226305604,0.24609373207204044,68.798828125,-0.8933439254760742,0.7046829462051392,2.78635311126709,0.6138825416564941,2766,0.802734375
-0.2880859673023224,394,0.5463597595994242,2.24834579259611,True,0.5194349467451802,0.6132193936500698,1.0484972596168518,True,0.23046875,2.3086796812713146,0.28808595798909664,68.982421875,-0.9237816333770752,0.7391282916069031,2.637381076812744,0.6041120290756226,2767,0.76953125
-0.2978515625,390,0.5490498744524442,2.8058424937419404,True,0.5154488135606815,0.581983595294878,0.8990529477596283,True,0.23828125,2.086429264396429,0.2978515417780727,67.58203125,-0.94379723072052,0.765903890132904,3.4127469062805176,0.6050766706466675,2768,0.76171875
-0.3291015326976776,377,0.5721732229389626,2.0388558290365206,True,0.5477571202842246,0.6267095594666898,0.896199643611908,True,0.26171875,2.367362316697836,0.32910151476971805,70.091796875,-0.9880548715591431,0.7609726786613464,2.499089241027832,0.6290256977081299,2769,0.736328125
-0.3173827528953552,382,0.5781371746387781,2.173786290653089,True,0.5521052158315768,0.6153054381720722,0.9304030239582062,True,0.25390625,2.2368410527706146,0.31738277745898813,68.08203125,-0.97594153881073,0.757085919380188,2.685007333755493,0.6264047622680664,2770,0.74609375
-0.32958996295928955,377,0.5964281592192004,2.719310677019923,True,0.5638633466842002,0.6375622288323939,0.9621497988700867,True,0.263671875,2.310846444219351,0.3295899434015155,68.228515625,-1.0096454620361328,0.7767971754074097,3.141080617904663,0.6424399614334106,2771,0.736328125
-0.41748046875,341,0.5512005477007533,2.782975034629844,True,0.5178733518745892,0.7247328829020262,0.8888087868690491,True,0.333984375,2.589813008904457,0.417480475269258,70.771484375,-1.077678918838501,0.794809103012085,3.2425341606140137,0.6213678121566772,2772,0.666015625
-0.4125976860523224,343,0.5500210603541605,2.6830514606859523,True,0.5178904529041868,0.735208635404706,1.007119208574295,True,0.330078125,2.423742350190878,0.41259767673909664,70.935546875,-1.124690055847168,0.8989138603210449,3.4941678047180176,0.67024827003479,2773,0.669921875
-0.38525390625,354,0.5530945163662151,2.360363999329044,True,0.5248282312673365,0.6980201841332019,0.9254472851753235,True,0.306640625,2.553535785526037,0.38525393116287887,69.75,-1.067471981048584,0.8253889083862305,2.9719223976135254,0.6466280817985535,2774,0.69140625
-0.4174805283546448,341,0.6001588555375152,2.383854002547054,True,0.5716112818885758,0.7404368744231761,0.9409200847148895,True,0.333984375,2.695447374135256,0.41748048970475793,70.677734375,-1.1057459115982056,0.8052956461906433,2.7925057411193848,0.6548241376876831,2775,0.666015625
-0.3466796875,370,0.5727705486722896,2.2252253893259413,True,0.5461225946207305,0.6486862570047379,0.9257300794124603,True,0.27734375,2.337211150676012,0.34667967655695975,67.544921875,-1.0045133829116821,0.7669187784194946,2.6600723266601562,0.6259782314300537,2776,0.72265625
-0.3881836235523224,353,0.5680634006224677,2.516796888778298,True,0.5379237598467819,0.6938008496537804,0.8800669610500336,True,0.310546875,2.5920767821371555,0.3881836144719273,69.1953125,-1.071755051612854,0.8306834101676941,3.0211591720581055,0.6473919153213501,2777,0.689453125
-0.3706054091453552,360,0.5613117694854737,2.420961719089084,True,0.5323198119799296,0.6735581175424158,0.9046935439109802,True,0.294921875,2.4402799755334854,0.3706054110080004,67.9375,-1.047336220741272,0.8333024382591248,3.023237705230713,0.640526294708252,2778,0.703125
-0.30859375,385,0.5797776541926645,2.169805455207825,True,0.5537933861280415,0.5963397118961439,0.8668136298656464,True,0.2421875,2.287665084004402,0.30859372904524207,64.248046875,-1.0117859840393066,0.8357435464859009,2.762125015258789,0.6701146364212036,2779,0.751953125
-0.2968749701976776,390,0.549707350975428,2.55322657976395,True,0.5191314492470178,0.5858369458466768,0.8665277659893036,True,0.234375,2.313128501176834,0.29687496018595994,64.9296875,-0.9459306597709656,0.7530763149261475,2.978018045425415,0.61339271068573,2780,0.76171875
-0.29052734375,393,0.6287890138820231,2.748790208923301,True,0.5958711838600896,0.5828700195532293,0.9487234950065613,True,0.232421875,2.051959214732051,0.2905273549258709,63.935546875,-1.002220869064331,0.7811639308929443,3.146361827850342,0.6740145087242126,2781,0.767578125
-0.2929687798023224,392,0.6023741036045307,2.5337048598698204,True,0.5720319966880643,0.5826507071382366,0.8919238746166229,True,0.234375,2.2259431136772037,0.2929687760770321,63.609375,-0.9832420349121094,0.7753456830978394,2.970212697982788,0.6547037959098816,2782,0.765625
-0.3100586235523224,385,0.5935071438937992,2.6329587447178824,True,0.561976431329529,0.5918507396243512,0.8928639590740204,True,0.248046875,2.0643863417208195,0.31005863030441105,64.78125,-1.0141032934188843,0.8144353628158569,3.1401236057281494,0.6664405465126038,2783,0.751953125
-0.26611328125,403,0.5810340473580894,3.2162458441097743,True,0.54251823553968,0.544666178803891,0.8569826781749725,True,0.212890625,2.1431273072957993,0.26611327356658876,62.4609375,-0.9121146202087402,0.7097634673118591,3.5872340202331543,0.6030428409576416,2784,0.787109375
-0.3393554985523224,373,0.6279779343438852,2.0763726368666333,True,0.6031125812683924,0.6342383992858232,0.9373941421508789,True,0.271484375,2.1480818167328835,0.3393554803915322,65.40234375,-1.0393728017807007,0.7631675601005554,2.6016135215759277,0.668861985206604,2785,0.728515625
-0.2514649033546448,409,0.6243227127128824,2.51332861695138,True,0.5942246106551154,0.5525011267513037,0.9619256556034088,True,0.201171875,2.173021614551544,0.251464911038056,61.361328125,-0.9665980935096741,0.7731226086616516,3.0241713523864746,0.678917646408081,2786,0.798828125
-0.25439453125,408,0.5383230599702573,2.379354444204592,True,0.5098293493775761,0.554633501265198,0.8812717199325562,True,0.205078125,2.4796926118433475,0.25439452822320163,62.09375,-0.8874059915542603,0.7481878399848938,2.826981782913208,0.5991572141647339,2787,0.796875
-0.1782226413488388,439,0.5921392892922247,2.795708761942957,True,0.5586595749800731,0.4636662369593978,0.9236353635787964,True,0.142578125,2.014330457895994,0.1782226397190243,58.974609375,-0.8135221004486084,0.6217293739318848,2.985469102859497,0.5995473265647888,2788,0.857421875
-0.21923822164535522,422,0.5837917401327342,2.4191242891465317,True,0.5548217751403557,0.4973854134790599,0.8740965723991394,True,0.173828125,2.0665571447461843,0.21923823794350028,61.17578125,-0.8770641088485718,0.7099083662033081,2.6828932762145996,0.6256970763206482,2789,0.82421875
-0.1708984375,442,0.5755101898137263,2.5771589041835044,True,0.5446476982190059,0.4284571409225464,0.8093009889125824,True,0.13671875,1.9139701388776302,0.17089843400754035,59.779296875,-0.7800902724266052,0.5838435888290405,2.7064900398254395,0.5767805576324463,2790,0.86328125
-0.1635742336511612,445,0.6524448173769405,2.8603245236900414,True,0.6181913075822123,0.4376125887967646,0.9090054631233215,True,0.130859375,1.8447453379631042,0.16357422736473382,59.412109375,-0.8668596744537354,0.7224026322364807,3.109165668487549,0.6660520434379578,2791,0.869140625
-0.1440429985523224,453,0.5554826170140281,2.271092129858914,True,0.5282854071384497,0.40521190655417744,0.8389525413513184,True,0.115234375,1.8675682246685028,0.14404298341833055,59.05078125,-0.7594692707061768,0.628423810005188,2.472097396850586,0.5858219861984253,2792,0.884765625
-0.13671869039535522,456,0.5405501320696713,2.424492254591825,True,0.5115158913428323,0.4072563541121781,0.9142513573169708,True,0.109375,1.7537476178258657,0.13671870005782694,58.029296875,-0.7309081554412842,0.6104394197463989,2.6677536964416504,0.5622419714927673,2793,0.890625
-0.10742191970348358,468,0.5748161102971461,2.600731130339142,True,0.5436713272689755,0.3537652004044503,0.8042511940002441,True,0.0859375,1.7098608613014221,0.1074219158035703,58.880859375,-0.7168903946876526,0.5701705813407898,2.7916719913482666,0.5760371685028076,2794,0.9140625
-0.11816397309303284,463,0.5827458611574852,2.4231371117462093,True,0.5537278286581679,0.39477665052982047,0.9730605781078339,True,0.08984375,1.6400111801922321,0.11816397297661752,59.65625,-0.7370374202728271,0.5552870035171509,2.592559814453125,0.5878264904022217,2795,0.904296875
-0.12939448654651642,459,0.5285310070628954,2.147909192997386,True,0.5028089564090721,0.40410660705529156,0.9586378633975983,True,0.103515625,1.6596908830106258,0.1293944870994892,60.19140625,-0.7044875621795654,0.5671430230140686,2.332979440689087,0.5471546649932861,2796,0.896484375
-0.1362304538488388,456,0.5515969761630944,2.532198081936752,True,0.521272906085901,0.4037954646162689,0.9304744899272919,True,0.107421875,1.6294021271169186,0.13623045885469764,61.3828125,-0.7323832511901855,0.619378387928009,2.7232115268707275,0.5635411739349365,2797,0.890625
-0.1513671725988388,450,0.5261723489231533,2.3129313908682927,True,0.4984740922186109,0.4223709093173966,0.9064651429653168,True,0.12109375,1.794214103370905,0.15136717323912308,63.09375,-0.7250346541404724,0.5994369387626648,2.5072317123413086,0.5436424016952515,2798,0.87890625
-0.1074218600988388,468,0.5705818136533102,2.3989224698808456,True,0.5418537564766714,0.3666293531889096,0.8941828310489655,True,0.0859375,1.6074184626340866,0.10742186289280653,61.9296875,-0.7048106789588928,0.5401558876037598,2.55910062789917,0.5667425990104675,2799,0.9140625
-0.10986325889825821,467,0.5933614056677073,2.770404195121831,True,0.5601847321752306,0.3680464821867645,0.87320876121521,True,0.087890625,1.6708292420953512,0.10986326646525413,63.3984375,-0.7341791391372681,0.5787675976753235,2.9135842323303223,0.5894245505332947,2800,0.912109375
-0.10693365335464478,468,0.5571245754885877,2.623592329840375,True,0.5257060339308194,0.354599448828958,0.8335849344730377,True,0.083984375,1.618976142257452,0.10693365277256817,63.228515625,-0.6886715292930603,0.5624110698699951,2.738703489303589,0.548940896987915,2801,0.9140625
-0.06347663700580597,486,0.6097313926053146,2.8155745714289666,True,0.5760137897460059,0.32823379870969804,0.945925384759903,True,0.05078125,1.511441707611084,0.06347663373162504,63.138671875,-0.692237913608551,0.48810821771621704,2.896650552749634,0.5940728187561035,2802,0.94921875
-0.10546877235174179,469,0.5329347692572994,2.123770429635607,True,0.5075017879766697,0.3587942841928452,0.8848709166049957,True,0.0859375,1.5270265769213438,0.10546876976150088,64.53515625,-0.6852623224258423,0.5557777285575867,2.371830940246582,0.5513899326324463,2803,0.916015625
-0.06591804325580597,485,0.4833889596241038,2.3279861565717717,True,0.4555104175793756,0.3196448700502515,0.9137566983699799,True,0.052734375,1.4195097424089909,0.06591804180061445,63.341796875,-0.5780209302902222,0.4743853509426117,2.4983956813812256,0.4821837246417999,2804,0.947265625
-0.07324214279651642,482,0.6231909559970079,2.8330688100632786,True,0.5892638578949133,0.30723489505471663,0.8441427946090698,True,0.05859375,1.3032838739454746,0.07324214041000232,63.216796875,-0.712374746799469,0.5159940719604492,2.90494966506958,0.6043446063995361,2805,0.94140625
-0.06347659230232239,486,0.6547140226442628,2.635022536717325,True,0.6231585799911876,0.29702746850671247,0.8517366647720337,True,0.05078125,1.2640708293765783,0.06347659265156835,64.603515625,-0.7455822229385376,0.6173785328865051,2.749084234237671,0.6491843461990356,2806,0.94921875
-0.06103519722819328,487,0.5312814008773475,2.3385755560481334,True,0.5032760489892666,0.2893553492147476,0.8648737668991089,True,0.048828125,1.1069080773741007,0.06103519140742719,63.310546875,-0.6169466972351074,0.49497100710868835,2.4334678649902344,0.5267698168754578,2807,0.951171875
-0.07080090045928955,483,0.5636871499057636,2.1548505490857868,True,0.537881968801313,0.27039319884497676,0.7297389507293701,True,0.056640625,1.0728900199756026,0.07080090651288629,63.76953125,-0.6643415689468384,0.5030616521835327,2.3608813285827637,0.565268337726593,2808,0.943359375
-0.07812505215406418,480,0.5297550201416015,2.0176167090733848,True,0.5055932819843293,0.3073231220478192,0.8564673364162445,True,0.0625,1.1580921206623316,0.078125047206413,64.037109375,-0.6484444737434387,0.6210839748382568,2.1534104347229004,0.544531524181366,2809,0.9375
-0.10009758919477463,471,0.5881419501993054,2.5524656767551557,True,0.5575751749573241,0.321047437353991,0.7872529029846191,True,0.080078125,1.2699854373931885,0.10009758197702467,64.966796875,-0.7380194664001465,0.6286742687225342,2.728463888168335,0.6052473783493042,2810,0.919921875
-0.07568362355232239,481,0.6012001938482829,2.297026046131604,True,0.5736924054221155,0.31327520780032503,0.8599203526973724,True,0.060546875,1.3121502855792642,0.07568362023448572,63.697265625,-0.7176572680473328,0.5516780018806458,2.538057804107666,0.611579418182373,2811,0.939453125
-0.07763679325580597,480,0.5033050278822582,2.2854136784871417,True,0.47593628168106084,0.3130348109640181,0.8019484877586365,True,0.060546875,1.5001663006842136,0.0776367955841124,65.150390625,-0.6166462898254395,0.49447834491729736,2.4443044662475586,0.5097380876541138,2812,0.9375
-0.07519528269767761,481,0.5323561509285054,2.3087229669218012,True,0.5047082805583978,0.34975478739943355,0.9980227053165436,True,0.05859375,1.4990992099046707,0.0751952847931534,64.7890625,-0.6427944898605347,0.5055299401283264,2.5124154090881348,0.537511944770813,2813,0.939453125
-0.08300786465406418,478,0.6190965638250486,2.3367911442553146,True,0.5911125710319775,0.3308392760111019,0.8454935848712921,True,0.06640625,1.574653822928667,0.08300786628387868,65.52734375,-0.7209656834602356,0.6192174553871155,2.4866487979888916,0.6081792712211609,2814,0.93359375
-0.07324212789535522,482,0.6035083195975213,2.767095793332302,True,0.5703712573189954,0.3362420035293326,0.9362228810787201,True,0.05859375,1.5151059087365866,0.07324213007814251,63.982421875,-0.7052323818206787,0.5754368901252747,2.880030632019043,0.5975006818771362,2815,0.94140625
-0.05810539796948433,488,0.5410120037735486,2.3528918633695515,True,0.5128351977614106,0.3078527024248615,0.8750086724758148,True,0.044921875,1.4949113372713327,0.05810539872618392,63.388671875,-0.6273738145828247,0.47616446018218994,2.488908529281616,0.539462685585022,2816,0.953125
-0.1123046949505806,466,0.5609240033084231,1.8615646004165192,True,0.538631042441585,0.3659805632429198,0.8855976462364197,True,0.08984375,1.5311268605291843,0.11230469029396772,64.970703125,-0.7079715728759766,0.5320092439651489,2.0907607078552246,0.5706291794776917,2817,0.91015625
-0.11328129470348358,465,0.531254369853645,2.0990131414064797,True,0.5061178608607221,0.3720739882672206,0.8822784721851349,True,0.0859375,1.6467401720583439,0.11328128474997357,65.251953125,-0.6905561685562134,0.6116172075271606,2.3421669006347656,0.5492265820503235,2818,0.908203125
-0.11279290914535522,466,0.5836338610608179,2.7403244291763964,True,0.5508173962519404,0.3658917723223567,0.9081780910491943,True,0.091796875,1.4292648676782846,0.11279290774837136,64.505859375,-0.7397948503494263,0.6118566989898682,2.935807704925537,0.5918444395065308,2819,0.91015625
-0.10498049110174179,469,0.5306157150756575,2.541161766438596,True,0.500184315862432,0.35463838598225267,0.8950442671775818,True,0.083984375,1.4129807408899069,0.10498049476882443,64.14453125,-0.6668028831481934,0.5087046027183533,2.65226411819458,0.5300605297088623,2820,0.916015625
-0.1098632961511612,467,0.5373349539472918,2.3519773074850536,True,0.5091690971202973,0.3743178395321593,0.9397235810756683,True,0.087890625,1.5301965773105621,0.10986329236766323,64.3359375,-0.6905187368392944,0.63124680519104,2.564112901687622,0.5499492883682251,2821,0.912109375
-0.0830078125,478,0.5790575069363646,2.8296170474096325,True,0.5451717304385357,0.34471846545347945,0.9695554375648499,True,0.06640625,1.355991194024682,0.08300781680736691,62.708984375,-0.690317690372467,0.4928051233291626,2.971921920776367,0.5717200040817261,2822,0.93359375
-0.12451171875,461,0.5157321253852057,2.323375532270254,True,0.48790878464756726,0.3841289415722713,0.9075845777988434,True,0.099609375,1.562006089836359,0.12451171933207661,64.265625,-0.7095739841461182,0.6484696865081787,2.6801557540893555,0.5529663562774658,2823,0.900390625
-0.11474607139825821,465,0.48849267812185376,2.1623764867423683,True,0.4625973668790632,0.37755671252962203,0.9068012833595276,True,0.091796875,1.6290075406432152,0.11474607547279447,65.685546875,-0.6542487144470215,0.5590136051177979,2.452106475830078,0.510137677192688,2824,0.908203125
-0.0927734225988388,474,0.5008782504228599,2.3673641208857923,True,0.4725281221454153,0.3671722931787372,0.9778637290000916,True,0.07421875,1.5765225775539875,0.09277341642882675,64.943359375,-0.6347845792770386,0.5307151675224304,2.542541980743408,0.5115633010864258,2825,0.92578125
-0.1269531100988388,460,0.508540905299394,2.1727899966032607,True,0.4825208995653235,0.42116460732650013,1.048888772726059,True,0.1015625,1.6886748783290386,0.12695310509297997,66.38671875,-0.694145143032074,0.6034597754478455,2.3988003730773926,0.5384654402732849,2826,0.8984375
-0.1269531548023224,460,0.5486153182776078,2.249453011284704,True,0.5216772369716478,0.38337082662619654,0.868913859128952,True,0.1015625,1.6526978835463524,0.1269531594007276,66.115234375,-0.731041431427002,0.6151929497718811,2.5420114994049072,0.5736467242240906,2827,0.8984375
-0.15380865335464478,449,0.5563360538939324,2.360038681922352,True,0.5280736532136964,0.43952621771022676,0.984226405620575,True,0.123046875,1.7774458266794682,0.15380864508915693,67.611328125,-0.7615594267845154,0.6127725839614868,2.6371407508850098,0.5761700868606567,2828,0.876953125
-0.1806640326976776,438,0.5099196741570077,2.296113765403016,True,0.48242281234427664,0.46015858594328163,0.9280328750610352,True,0.14453125,1.8777597285807133,0.1806640246650204,67.775390625,-0.760187029838562,0.6808149814605713,2.657099485397339,0.5477031469345093,2829,0.85546875
-0.1391601860523224,455,0.5347696999927144,2.460514342653882,True,0.505304065313968,0.4159725547302514,0.930968850851059,True,0.111328125,1.8123720362782478,0.13916017935844138,66.9609375,-0.7329837679862976,0.6337873935699463,2.80187726020813,0.5602700114250183,2830,0.888671875
-0.1416015625,454,0.5128739232008679,2.70999671289049,True,0.4804206468197743,0.40594088700599973,0.8231642246246338,True,0.11328125,1.9941297881305218,0.14160155173158273,66.96484375,-0.7143652439117432,0.6095424294471741,3.0011236667633057,0.5368240475654602,2831,0.88671875
-0.1806640475988388,438,0.6054227093583374,2.9481647259568513,True,0.5701172784583209,0.45288317002123224,0.8918974995613098,True,0.14453125,1.8767923712730408,0.1806640486465767,66.744140625,-0.8408342599868774,0.7187912464141846,3.1596672534942627,0.6223319172859192,2832,0.85546875
-0.1713866889476776,442,0.531062382109025,2.1196247047968044,True,0.5056790406078235,0.4561216075671837,0.9259161353111267,True,0.138671875,1.9910340290516615,0.17138667684048414,66.75,-0.7666653394699097,0.6757506132125854,2.490211009979248,0.5654573440551758,2833,0.86328125
-0.20703119039535522,427,0.536138541525365,2.2901067493670992,True,0.5087135919223625,0.4960016469005495,0.927859902381897,True,0.1640625,2.067969523370266,0.2070311873103492,67.775390625,-0.8172765374183655,0.7163853645324707,2.5740718841552734,0.579419732093811,2834,0.833984375
-0.2348632663488388,416,0.5387524526852828,2.3179987393892727,True,0.5109935173621545,0.5338529333472252,0.9393954575061798,True,0.189453125,2.2222114130854607,0.23486327123828232,68.263671875,-0.8666082620620728,0.7356166243553162,2.8130784034729004,0.5980572700500488,2835,0.8125
-0.23193363845348358,417,0.5228046984981289,2.163490121027263,True,0.49689605510492113,0.5260559272486717,0.8922366499900818,True,0.185546875,2.3134988248348236,0.23193365486804396,68.9140625,-0.8348712921142578,0.7091097831726074,2.5940051078796387,0.5718734264373779,2836,0.814453125
-0.2587890923023224,406,0.5288669869230298,2.284502439310985,True,0.5015091741907185,0.5491468069376424,0.9103913605213165,True,0.20703125,2.1655884198844433,0.2587891088332981,68.5390625,-0.8800919651985168,0.7415145039558411,2.7451324462890625,0.5884288549423218,2837,0.79296875
-0.23193353414535522,417,0.517705935368435,2.352961995332933,True,0.48952829051646685,0.5434211012441665,1.0228053629398346,True,0.185546875,2.1385299246758223,0.2319335307693109,67.345703125,-0.8266436457633972,0.7480434775352478,2.7302627563476562,0.562014102935791,2838,0.814453125
-0.25146484375,409,0.5106242402550061,2.164508027960444,True,0.4847034170750009,0.5342598680406809,0.8516375124454498,True,0.201171875,2.249350804835558,0.251464823493734,68.623046875,-0.8287887573242188,0.6877869367599487,2.522233009338379,0.5471192598342896,2839,0.798828125
-0.23925776779651642,414,0.525726686929159,2.374936621546169,True,0.49728588853481315,0.5365326245781035,0.9777512550354004,True,0.19140625,2.0344920828938484,0.2392577661667019,67.412109375,-0.8555160760879517,0.7212465405464172,2.85831618309021,0.582028865814209,2840,0.80859375
-0.3491211533546448,369,0.6097478327066271,2.475404929339401,True,0.5801038536922073,0.6442981140688061,0.9053956866264343,True,0.279296875,2.281957011669874,0.34912112646270543,70.28125,-1.0518040657043457,0.8081599473953247,2.924193859100342,0.6676645278930664,2841,0.720703125
-0.1928711086511612,433,0.5446037278439652,2.380306524712825,True,0.5160986198839359,0.502809829544276,0.9979811310768127,True,0.154296875,2.206849928945303,0.19287110294681042,65.98046875,-0.8126497268676758,0.7095600962638855,2.6644299030303955,0.5878710746765137,2842,0.845703125
-0.25634765625,407,0.5410319101019632,2.3769668560356125,True,0.5125668164553162,0.5357134436257184,0.81490558385849,True,0.205078125,2.327693246304989,0.25634765916038305,68.0078125,-0.8695192337036133,0.7351668477058411,2.6626453399658203,0.5812853574752808,2843,0.794921875
-0.22705078125,419,0.6107660436687152,2.737125864461384,True,0.5779878866985476,0.5115833316463977,0.9203939437866211,True,0.181640625,2.0090751834213734,0.22705078177386895,65.814453125,-0.884569525718689,0.678706705570221,2.9245235919952393,0.6224964261054993,2844,0.818359375
-0.2343750149011612,416,0.5563667943844428,2.4573710606648373,True,0.5269388029208552,0.50881774937734,0.864160567522049,True,0.1875,2.032212305814028,0.2343750175787136,66.380859375,-0.8575247526168823,0.7007683515548706,2.7241926193237305,0.5905264616012573,2845,0.8125
-0.30517578125,387,0.5592928514924161,2.19697133638446,True,0.5329832553247457,0.6087143331766128,0.9752752184867859,True,0.244140625,2.1696699000895023,0.3051757940556854,68.10546875,-0.9711837768554688,0.8300465941429138,2.604262113571167,0.6348209381103516,2846,0.755859375
-0.2900390625,393,0.5586727085610989,2.5621596720382467,True,0.5279898368220294,0.5848621326498687,0.9291411638259888,True,0.23046875,2.1798967346549034,0.2900390576105565,67.41796875,-0.9488532543182373,0.7753803730010986,2.945500135421753,0.6235406398773193,2847,0.767578125
-0.1806640625,438,0.49836726398228504,1.9393539183760347,True,0.4751427415843424,0.45828611177857964,0.9176924228668213,True,0.14453125,1.8816712088882923,0.18066406529396772,64.7734375,-0.7788717746734619,0.7395625114440918,2.3828201293945312,0.5696725845336914,2848,0.85546875
-0.208984375,426,0.5392273206945876,2.3522529694396,True,0.511058167112825,0.4914145651971922,0.9330745935440063,True,0.1640625,1.9163051508367062,0.2089843867579475,64.134765625,-0.8420846462249756,0.721642255783081,2.769652843475342,0.5999326109886169,2849,0.83203125
-0.2221679836511612,421,0.5746671862528613,2.5336436664690036,True,0.5443258157039765,0.5015760966809466,0.9017179012298584,True,0.177734375,1.981290826573968,0.22216797387227416,64.947265625,-0.8704297542572021,0.7392769455909729,2.8585338592529297,0.6140297651290894,2850,0.822265625
-0.20263671875,429,0.6088699284411255,3.0003027604732204,True,0.5729401354745275,0.468438997771591,0.8599372506141663,True,0.162109375,1.8762967251241207,0.20263670902932063,63.34765625,-0.863847017288208,0.6712464094161987,3.2314772605895996,0.6225120425224304,2851,0.837890625
-0.1757812201976776,440,0.5469672820784828,2.279681348800659,True,0.5196672071110118,0.44704707961063833,0.903295636177063,True,0.140625,1.8121342658996582,0.17578123387647793,63.67578125,-0.7717954516410828,0.6375455856323242,2.5316262245178223,0.5656969547271729,2852,0.859375
-0.16845709085464478,443,0.4996188902558914,2.1901307983269267,True,0.47339121220343267,0.44581163660623135,0.9391046762466431,True,0.134765625,1.7906721867620945,0.16845708840992302,62.919921875,-0.7301381826400757,0.6394752860069275,2.4706597328186035,0.5320940017700195,2853,0.865234375
-0.1606445461511612,446,0.5474378350336989,2.239931060059723,True,0.5206137725857876,0.41499461880885063,0.7761293053627014,True,0.126953125,1.982484344393015,0.16064453881699592,62.677734375,-0.7614014148712158,0.6317728757858276,2.506742000579834,0.5707376599311829,2854,0.87109375
-0.1733398735523224,441,0.5088007956270189,2.3120038785091066,True,0.48111363948067304,0.4505274179857224,0.8965421319007874,True,0.138671875,1.9575823545455933,0.17333987168967724,63.966796875,-0.7290806174278259,0.5904144644737244,2.5826125144958496,0.5248129963874817,2855,0.861328125
-0.14990243315696716,450,0.5197987814744314,2.02962368329366,True,0.49549324353535973,0.43010163808939983,0.9246628880500793,True,0.115234375,1.905332300812006,0.14990244177170098,63.48046875,-0.717793345451355,0.6124415993690491,2.2669875621795654,0.5407429933547974,2856,0.87890625
-0.13720703125,456,0.533842408866213,2.7243014636792635,True,0.5012178295537045,0.40839061769656837,0.8956408500671387,True,0.111328125,1.8411083444952965,0.13720702758291736,65.173828125,-0.7218501567840576,0.6106427907943726,2.8477439880371094,0.5505402684211731,2857,0.890625
-0.1391601860523224,455,0.6044748573512823,2.3072518694531787,True,0.5768446098317157,0.380530142551288,0.7842759490013123,True,0.111328125,1.6902953013777733,0.13916018675081432,63.990234375,-0.7932790517807007,0.6263489723205566,2.5432255268096924,0.6236628293991089,2858,0.888671875
-0.146484375,452,0.5350521940045652,2.2039620981807198,True,0.5086588922855073,0.4083286890294403,0.8655464351177216,True,0.1171875,1.7747003957629204,0.1464843800640665,64.484375,-0.7340219020843506,0.6289440393447876,2.456878185272217,0.5581154227256775,2859,0.8828125
-0.1318359076976776,458,0.5617407382055141,2.8331886821438648,True,0.5278122012531913,0.37663011625409126,0.7996468245983124,True,0.10546875,1.6972970273345709,0.13183590001426637,63.671875,-0.7502648234367371,0.6064034104347229,3.0737876892089844,0.5816190838813782,2860,0.89453125
-0.1562500298023224,448,0.5926897610936845,2.6163098641804288,True,0.5613584113972528,0.4007679849863052,0.7563369870185852,True,0.125,1.8650112934410572,0.1562500229338184,65.00390625,-0.7796249389648438,0.615083634853363,2.764561176300049,0.5902681946754456,2861,0.875
-0.13134765625,458,0.5504836027538932,2.704929228432835,True,0.5180910206257515,0.4067322832066566,0.9427255690097809,True,0.103515625,1.7367903850972652,0.13134764856658876,65.6953125,-0.7246972322463989,0.5778895020484924,2.8749659061431885,0.5589207410812378,2862,0.89453125
-0.1269530951976776,460,0.5200190287569295,2.4130431144133855,True,0.49112189645352566,0.38579685557633636,0.884148359298706,True,0.1015625,1.6402814332395792,0.12695311091374606,64.837890625,-0.6862228512763977,0.5633997917175293,2.6010141372680664,0.5281215310096741,2863,0.8984375
-0.11474603414535522,465,0.5859641271252785,2.3766215483347577,True,0.5575031460613333,0.36804523461032657,0.889254093170166,True,0.091796875,1.5089674517512321,0.11474604206159711,64.404296875,-0.750042200088501,0.6384986639022827,2.532132148742676,0.6049728393554688,2864,0.908203125
-0.1147460862994194,465,0.5804163503390487,2.661602565806399,True,0.5485426083687812,0.36714729382656514,0.8833327293395996,True,0.091796875,1.514693234115839,0.1147460846696049,64.513671875,-0.7217926979064941,0.5775355100631714,2.836347818374634,0.5730801224708557,2865,0.908203125
-0.138671875,455,0.5715310248044821,2.4766842074446624,True,0.5418717639786856,0.38425593588035556,0.8521304726600647,True,0.109375,1.5031592715531588,0.13867187668802217,65.6015625,-0.7529392242431641,0.5802071690559387,2.636833667755127,0.5826901793479919,2866,0.888671875
-0.1196288913488388,463,0.518071737196739,2.199179576231131,True,0.4917356942178879,0.3880633538821712,0.9681712687015533,True,0.095703125,1.4960040338337421,0.11962889553979039,64.880859375,-0.6785992383956909,0.5821684002876282,2.3672735691070557,0.5306212902069092,2867,0.904296875
-0.1245117038488388,461,0.564485807222296,2.9075885905102377,True,0.5296662951498383,0.3823441507294774,0.8926480114459991,True,0.099609375,1.5860568434000015,0.12451170518761501,65.265625,-0.7311841249465942,0.5680388808250427,3.0127320289611816,0.5705937147140503,2868,0.900390625
-0.1318359375,458,0.4707881714579319,2.18782474926986,True,0.44458811030637746,0.3775561095448211,0.8373483717441559,True,0.10546875,1.5650099460035563,0.13183593598660082,65.1640625,-0.6453036069869995,0.5495449304580688,2.3530216217041016,0.48528924584388733,2869,0.89453125
-0.15136711299419403,450,0.5818441557884216,2.3135171975029842,True,0.5541388821601867,0.4179094973602332,0.957502156496048,True,0.12109375,1.5008389838039875,0.15136711671948433,64.587890625,-0.770723819732666,0.5949347019195557,2.498013496398926,0.5894419550895691,2870,0.87890625
-0.1635742485523224,445,0.5789024207029451,2.4692200558908874,True,0.5493325423658565,0.420062469993718,0.8829778134822845,True,0.130859375,1.5978529434651136,0.16357425891328603,64.666015625,-0.7973335981369019,0.6837279796600342,2.7130770683288574,0.6012692451477051,2871,0.869140625
-0.185546875,436,0.5292079456902425,2.0113736281701184,True,0.5051209486405784,0.41773767643608156,0.7585215866565704,True,0.1484375,1.609729940071702,0.1855468590511009,65.94140625,-0.7610363960266113,0.6180591583251953,2.2108139991760254,0.5490142107009888,2872,0.8515625
-0.17822265625,439,0.6303402284554849,2.6236255885799817,True,0.5989212773248112,0.4546051067765802,0.9935346841812134,True,0.142578125,1.5535102616995573,0.1782226557843387,65.07421875,-0.8728139996528625,0.7203207015991211,2.9137275218963623,0.6596983075141907,2873,0.857421875
-0.16601568460464478,444,0.5637625965986166,2.4818663811898443,True,0.5340412640356802,0.4265274106990546,0.9098478555679321,True,0.1328125,1.5708427838981152,0.1660156970610842,63.716796875,-0.7690029144287109,0.6380112767219543,2.5678834915161133,0.5722358226776123,2874,0.8671875
-0.21728521585464478,423,0.5526289890562106,2.175037070650863,True,0.5265820609057766,0.48377703172154723,0.8567773699760437,True,0.173828125,1.9027268067002296,0.21728521515615284,65.70703125,-0.8272687196731567,0.6740501523017883,2.4183754920959473,0.5810225605964661,2875,0.826171875
-0.2880859375,394,0.5478142764665149,2.563080765269129,True,0.5171203870458652,0.5534624970285222,0.8271486461162567,True,0.23046875,1.9989367201924324,0.2880859285360202,67.171875,-0.8923085927963257,0.695544421672821,2.828961133956909,0.5703446865081787,2876,0.76953125
-0.1845703423023224,435,0.5605636019816345,2.7438778011278173,True,0.5277045881611176,0.4662916726432741,0.9409847557544708,True,0.13671875,1.8704876899719238,0.18457033450249583,63.9140625,-0.7876657247543335,0.6146463751792908,2.9650659561157227,0.5675876140594482,2877,0.849609375
-0.1904296875,434,0.5064898765032192,2.084905645265008,True,0.48152231455947947,0.48327377405948935,0.9743941128253937,True,0.15234375,1.9593051932752132,0.19042969099245965,64.755859375,-0.7597154974937439,0.656095027923584,2.325875759124756,0.5414324998855591,2878,0.84765625
-0.2050781548023224,428,0.561813987304117,2.7778580600970253,True,0.5285480568342119,0.487634863727726,0.9198549687862396,True,0.1640625,1.971714273095131,0.20507815526798368,64.70703125,-0.8183766603469849,0.643527090549469,3.0439112186431885,0.5768464803695679,2879,0.8359375
-0.2177734375,423,0.5994182289633063,2.701096474419812,True,0.5670715443631434,0.5208744465373457,1.0378286838531494,True,0.17578125,1.9107053205370903,0.21777344052679837,65.23046875,-0.864017128944397,0.6835033893585205,2.814159393310547,0.6125430464744568,2880,0.826171875
-0.224609375,420,0.5133748803819929,2.347508600779942,True,0.485262550058819,0.5071716696256772,0.9145864844322205,True,0.1796875,1.9928997978568077,0.22460937942378223,65.65234375,-0.8042196035385132,0.6747796535491943,2.619570016860962,0.5482399463653564,2881,0.8203125
-0.2729492485523224,400,0.5270879387855529,2.812816066741943,True,0.4934033632278443,0.5595802511554211,0.8700109124183655,True,0.216796875,2.2525761500000954,0.27294925856404006,66.771484375,-0.8689897060394287,0.7376209497451782,3.0414726734161377,0.5596176385879517,2882,0.78125
-0.3076171875,386,0.5559102831109201,2.698919737586085,True,0.5235896669521234,0.5940074917161837,0.812685489654541,True,0.24609375,2.4770638458430767,0.3076171966968104,68.267578125,-0.9367756247520447,0.7319015264511108,3.1139955520629883,0.5918670892715454,2883,0.75390625
-0.31005859375,385,0.4981928776610982,2.2975054753291144,True,0.47067934042447573,0.614248918555677,0.9244202971458435,True,0.248046875,2.3861252339556813,0.3100585953798145,68.685546875,-0.881662130355835,0.703980565071106,2.5709586143493652,0.5408152341842651,2884,0.751953125
-0.2954102158546448,391,0.5783591582951948,2.712022671004391,True,0.5458816178619404,0.5880049296654761,0.903129369020462,True,0.236328125,2.2393771316856146,0.2954101974610239,66.935546875,-0.9580557346343994,0.7875974178314209,2.90463924407959,0.6278613805770874,2885,0.763671875
-0.3515624403953552,368,0.5950469970703125,2.989817764448083,True,0.5592427564703899,0.6617403483018279,0.9495617151260376,True,0.28125,2.4053110778331757,0.3515624476131052,69.306640625,-1.018303632736206,0.7451537251472473,3.3027546405792236,0.6271893978118896,2886,0.71875
-0.3320312201976776,376,0.5266912135672063,2.1408137514236127,True,0.5010541182883242,0.6470376023091376,1.0220862030982971,True,0.265625,2.2117825224995613,0.33203123428393155,68.52734375,-0.982319712638855,0.8658589720726013,2.643606185913086,0.6186301708221436,2887,0.734375
-0.3442383110523224,371,0.5793171295258557,2.5701768732456505,True,0.548538259418827,0.6321986904600636,0.8630229830741882,True,0.275390625,2.3071159720420837,0.34423829708248377,68.560546875,-0.9939459562301636,0.7483272552490234,2.8732516765594482,0.6152992844581604,2888,0.724609375
-0.3198242783546448,381,0.5700811602937894,2.3530716827222364,True,0.5419022120202933,0.6399275378324092,1.0356553792953491,True,0.255859375,2.2594440691173077,0.3198242580983788,67.38671875,-0.970740795135498,0.7608662247657776,2.634697675704956,0.6193650364875793,2889,0.744140625
-0.2802734673023224,397,0.7601698564942596,2.8349009509050576,True,0.7262207994833401,0.5961177295073867,1.016746699810028,True,0.22265625,2.2498985454440117,0.2802734621800482,65.673828125,-1.1116230487823486,1.357609748840332,3.255971670150757,0.7923581600189209,2890,0.775390625
-0.25390625,408,0.6013575231327729,2.674581408500672,True,0.5693283484262579,0.5452112933155149,0.8864112794399261,True,0.203125,2.280455645173788,0.2539062501164153,65.41796875,-0.9346247911453247,0.7530535459518433,2.892271041870117,0.6460824608802795,2891,0.796875
-0.23144526779651642,417,0.5783953574492777,2.7671482400070846,True,0.5452576669857656,0.5194391582394019,0.8461196422576904,True,0.18359375,2.3753989040851593,0.23144527873955667,65.06640625,-0.878063440322876,0.6984084844589233,3.1150174140930176,0.6093145608901978,2892,0.814453125
-0.224609375,420,0.5409002383550009,2.6090927192143036,True,0.509655330862318,0.527568144723773,0.9533436596393585,True,0.1796875,2.245800707489252,0.2246093766298145,64.291015625,-0.8283612132072449,0.6721689701080322,2.882166862487793,0.5692367553710938,2893,0.8203125
-0.19042974710464478,434,0.5485075239761634,2.378299157190982,True,0.5200264577492041,0.4907559876330197,1.0081780552864075,True,0.15234375,1.9738126508891582,0.19042974209878594,63.662109375,-0.7811224460601807,0.6354542374610901,2.5293545722961426,0.5604027509689331,2894,0.84765625
-0.2202148586511612,422,0.648304918930994,2.6900650404075876,True,0.6160903434617824,0.4964102609548718,0.8774413764476776,True,0.177734375,2.0141424667090178,0.2202148618234787,64.130859375,-0.9419878721237183,0.7613846063613892,3.00136137008667,0.6858305335044861,2895,0.82421875
-0.20751953125,427,0.5168767959507623,2.04456436773653,True,0.4923923411330239,0.4752122865989804,0.8676000237464905,True,0.166015625,1.8834550082683563,0.20751953008584678,63.216796875,-0.7825289368629456,0.6632582545280457,2.3185105323791504,0.5472443103790283,2896,0.833984375
-0.1699218600988388,441,0.5092083222471397,2.534498508284692,True,0.4788567083222526,0.4574681023601443,0.938908189535141,True,0.125,1.995291706174612,0.16992187505820766,63.447265625,-0.7528325319290161,0.6705701947212219,2.738079786300659,0.5501211285591125,2897,0.861328125
-0.1601562798023224,445,0.5979516464672732,2.093323256996241,True,0.572883281145203,0.4229799149557948,0.834782749414444,True,0.1171875,1.917342022061348,0.1601562617579475,61.58984375,-0.812964677810669,0.6991710066795349,2.3436474800109863,0.6247423887252808,2898,0.869140625
-0.2270507514476776,419,0.5787581896725019,2.197467722300982,True,0.5524426532246902,0.5026026561390609,0.8556485176086426,True,0.181640625,2.0884441062808037,0.22705074737314135,64.69921875,-0.8884800672531128,0.7435048222541809,2.617246627807617,0.6300867795944214,2899,0.818359375
-0.1289062649011612,459,0.5181254341971121,2.2899074351865485,True,0.4907028999723381,0.3868761419551447,0.8681336939334869,True,0.1015625,1.6868627704679966,0.12890626135049388,61.80078125,-0.6774238348007202,0.5325613617897034,2.413250207901001,0.519618034362793,2900,0.896484375
-0.14160145819187164,454,0.6221574269202312,2.6324390377767295,True,0.5906329072256972,0.4070656128227711,0.9097204804420471,True,0.11328125,1.6704011540859938,0.14160145702771842,62.8515625,-0.8212162852287292,0.6874895095825195,2.9303946495056152,0.6445220708847046,2901,0.88671875
-0.17578130960464478,440,0.6191219091415404,2.300844201174649,True,0.5915684071454135,0.4428790244739502,0.8958888649940491,True,0.140625,1.7583989091217518,0.1757813028525561,63.240234375,-0.8478074073791504,0.668422281742096,2.604066848754883,0.6408414244651794,2902,0.859375
-0.11474604159593582,465,0.5803697721932525,2.291890824482005,True,0.5529234844510272,0.3754939121659845,0.8552232682704926,True,0.091796875,1.7940641473978758,0.11474604916293174,61.220703125,-0.7367780804634094,0.6217468976974487,2.5353052616119385,0.5916707515716553,2903,0.908203125
-0.10937502235174179,467,0.549154485382411,2.3373547281902405,True,0.5211637466826837,0.37698819856159393,0.9256891310214996,True,0.0859375,1.649507064372301,0.1093750192085281,62.0625,-0.6909762620925903,0.555432915687561,2.465176582336426,0.5520797967910767,2904,0.912109375
-0.1259765625,460,0.6306646725405818,2.449463106238324,True,0.6013313967248668,0.39191606105305254,0.8948542177677155,True,0.09765625,1.7393727526068687,0.12597657885635272,62.03515625,-0.7962838411331177,0.6197146773338318,2.582948684692383,0.6393755078315735,2905,0.8984375
-0.1440429538488388,453,0.5305602137352984,2.4559607858426262,True,0.5011491220255297,0.4027230866020546,0.8373580276966095,True,0.115234375,1.8241706024855375,0.14404295105487108,63.61328125,-0.731454074382782,0.6126906871795654,2.78657865524292,0.5540407299995422,2906,0.884765625
-0.1660155951976776,444,0.5262097396829106,2.6648659641678267,True,0.4942969167017721,0.43509612160269173,0.8570202887058258,True,0.1328125,1.9535293877124786,0.16601559682749212,65.09765625,-0.7524653077125549,0.6174217462539673,2.9351606369018555,0.551300048828125,2907,0.8671875
-0.10009758919477463,471,0.5972619585677063,2.2734124855377615,True,0.5700369489926947,0.34749478704761716,0.8343986868858337,True,0.080078125,1.6103492062538862,0.10009758616797626,62.361328125,-0.740546464920044,0.5942556858062744,2.4910643100738525,0.6106172800064087,2908,0.919921875
-0.126953125,460,0.572098271743111,2.5776030333145807,True,0.5412304805672686,0.3929101845016703,0.8916946351528168,True,0.1015625,1.7523623742163181,0.1269531346624717,63.33984375,-0.7408760786056519,0.5770030617713928,2.7557260990142822,0.5809221267700195,2909,0.8984375
-0.16845703125,443,0.5936066208251711,2.4854137230134703,True,0.5638428004815937,0.428770500398241,0.8396578431129456,True,0.134765625,1.8476382829248905,0.16845701506827027,65.0625,-0.833276629447937,0.74567049741745,2.816199541091919,0.6310945749282837,2910,0.865234375
-0.1367187798023224,456,0.5986830790837604,2.3923593571311543,True,0.5700336328723973,0.40193085921928284,0.9026409983634949,True,0.109375,1.693677481263876,0.1367187841096893,64.556640625,-0.766416072845459,0.6258352398872375,2.5560460090637207,0.5990877151489258,2911,0.890625
-0.1289062350988388,459,0.5352687194196747,2.5543579660469673,True,0.5046792791949378,0.3920823034597561,0.8902605473995209,True,0.1015625,1.7024791613221169,0.1289062324212864,64.66796875,-0.7062579393386841,0.5682217478752136,2.791567802429199,0.5439215302467346,2912,0.896484375
-0.126953125,460,0.5478414898333342,1.9713126224020254,True,0.5242342497991479,0.36398721472360196,0.7958617508411407,True,0.1015625,1.5572348907589912,0.12695311853894964,64.138671875,-0.7357836365699768,0.6452252268791199,2.261021137237549,0.5817538499832153,2913,0.8984375
-0.1245117262005806,461,0.6100617149388196,2.6467179993486716,True,0.5783662209024658,0.377973920898512,0.8851811289787292,True,0.099609375,1.5285192355513573,0.12451173129375093,64.373046875,-0.7999992370605469,0.6786369681358337,2.9755005836486816,0.6398547291755676,2914,0.900390625
-0.11035163700580597,467,0.563103447889618,2.2394200908040083,True,0.5362855054326435,0.33737701636273415,0.7693344950675964,True,0.08984375,1.4631695915013552,0.11035163578344509,63.77734375,-0.7201884984970093,0.5776444673538208,2.4370665550231934,0.580652117729187,2915,0.912109375
-0.1494140326976776,450,0.49023848586612273,2.4448883014255096,True,0.46095999585257635,0.4050384401343763,0.8587031066417694,True,0.11328125,1.6776755657047033,0.14941403863485903,65.609375,-0.720213770866394,0.6600655913352966,2.890204429626465,0.5361884236335754,2916,0.87890625
-0.1098632961511612,467,0.5072362991548452,2.090242566082156,True,0.48220482589856467,0.36277353153564035,0.8610645830631256,True,0.087890625,1.6139461807906628,0.10986330301966518,64.427734375,-0.6598278880119324,0.5736459493637085,2.3407676219940186,0.5219330191612244,2917,0.912109375
-0.11474619805812836,465,0.5110473935963006,2.1266791800017,True,0.48557958288859293,0.3674650311237201,0.8803433477878571,True,0.091796875,1.5330032855272293,0.11474619538057595,63.73046875,-0.6662101745605469,0.5540409088134766,2.2746477127075195,0.5242242217063904,2918,0.908203125
-0.08789054304361343,476,0.5260845823448245,2.0324614548883515,True,0.5017450506947622,0.3419672227231786,0.8678207993507385,True,0.0703125,1.6102504879236221,0.08789053585496731,63.849609375,-0.6408430933952332,0.5047922134399414,2.1923093795776367,0.5266987085342407,2919,0.9296875
-0.10009772330522537,471,0.5402133913429932,2.29320884712689,True,0.5127513248576228,0.3577644009375945,0.8944996297359467,True,0.080078125,1.5753351263701916,0.1000977176008746,64.23046875,-0.6807195544242859,0.5539757013320923,2.4482173919677734,0.551303505897522,2920,0.919921875
-0.08349600434303284,478,0.5260576767901497,2.543513210248748,True,0.49559811568160433,0.33824353738455104,0.8879404962062836,True,0.068359375,1.543188575655222,0.08349600760266185,62.939453125,-0.6380239129066467,0.4907458424568176,2.680417060852051,0.5224287509918213,2921,0.93359375
-0.1259765625,460,0.6155084330102671,2.576044051543526,True,0.5846592954967333,0.38311164688784627,0.8886108100414276,True,0.09765625,1.5882584378123283,0.1259765595314093,62.541015625,-0.7851334810256958,0.6280211210250854,2.7609925270080566,0.6260929703712463,2922,0.8984375
-0.09277339279651642,474,0.5427375571637213,2.7057615936053954,True,0.510334996482994,0.3625681776553392,0.94523686170578,True,0.07421875,1.614948220551014,0.09277339244727045,62.31640625,-0.6721559762954712,0.5410241484642029,2.883643865585327,0.5448497533798218,2923,0.92578125
-0.10742181539535522,468,0.5119701313157367,1.9777348815885367,True,0.4882859715029725,0.348580409004353,0.8105403780937195,True,0.0859375,1.5810104086995125,0.10742181085515767,62.369140625,-0.6604085564613342,0.5425298810005188,2.177842140197754,0.5269061326980591,2924,0.9140625
-0.1025390774011612,470,0.589049867493041,2.5285323670569886,True,0.5587696866786227,0.35627897931262853,0.856642097234726,True,0.08203125,1.6482296325266361,0.1025390779832378,62.26953125,-0.7278784513473511,0.5813860297203064,2.697965621948242,0.5930302143096924,2925,0.91796875
-0.1074218899011612,468,0.5980536412988974,3.1024737989800615,True,0.5609002869862777,0.3793536412063986,0.9521670937538147,True,0.0859375,1.6299666836857796,0.10742188623407856,63.265625,-0.7467852234840393,0.6087524890899658,3.3991918563842773,0.5986567139625549,2926,0.9140625
-0.09765620529651642,472,0.5645569704346738,2.2938315827967757,True,0.5370874334189851,0.3782592046773061,0.9911797940731049,True,0.078125,1.6473408788442612,0.09765620081452653,62.34765625,-0.6976824998855591,0.5540915131568909,2.444340467453003,0.5707542896270752,2927,0.921875
-0.08056646585464478,479,0.5114072280039617,2.1730712828904952,True,0.4853838551517318,0.3454244399210438,0.9371983110904694,True,0.064453125,1.5483661517500877,0.08056646917248145,61.830078125,-0.627716064453125,0.5505514144897461,2.318718671798706,0.519382119178772,2928,0.935546875
-0.08740236610174179,476,0.6127394492886646,2.3416434436285196,True,0.5846973417185936,0.32086319881491365,0.7787353992462158,True,0.068359375,1.5542750302702188,0.0874023652941105,62.275390625,-0.7414485216140747,0.6321101784706116,2.5068016052246094,0.6240262389183044,2929,0.9296875
-0.0878906399011612,476,0.5797167069771709,2.6860526309293853,True,0.5475501743685297,0.3402290042256937,0.8546384572982788,True,0.0703125,1.6282133255153894,0.08789064356824383,61.984375,-0.6919585466384888,0.5374395847320557,2.869478702545166,0.5697048306465149,2930,0.9296875
-0.0585937425494194,488,0.5439604862791594,2.4089418747385998,True,0.5151124586824511,0.2887956438353285,0.7564334571361542,True,0.046875,1.5783043205738068,0.05859373474959284,61.5234375,-0.6396927833557129,0.5445725917816162,2.4981627464294434,0.5511826276779175,2931,0.953125
-0.09033206105232239,475,0.5298321427797017,2.4083524964985097,True,0.5009911768059983,0.3379110026406124,0.8209739029407501,True,0.072265625,1.667683307081461,0.09033205703599378,62.69921875,-0.6590797901153564,0.5496250987052917,2.549038887023926,0.5382220149040222,2932,0.927734375
-0.09521484375,473,0.500542344553022,2.036252346149711,True,0.47615740440360593,0.3687805742723867,0.9116844534873962,True,0.076171875,1.8245765678584576,0.09521485259756446,63.451171875,-0.6279667615890503,0.5031935572624207,2.1665728092193604,0.5068063735961914,2933,0.923828125
-0.10498043894767761,469,0.5667946720555394,2.493194876703372,True,0.5369376894126314,0.358450152236037,0.8027243912220001,True,0.083984375,1.8584966100752354,0.104980443516979,64.0625,-0.7143178582191467,0.6017178297042847,2.696171760559082,0.577049732208252,2934,0.916015625
-0.11474607139825821,465,0.5780060347690377,2.7419536611085293,True,0.5451700705353931,0.3879939085338265,0.8814600706100464,True,0.091796875,1.9391164872795343,0.11474607035052031,64.544921875,-0.7439581155776978,0.6596704125404358,2.8947811126708984,0.5945459008216858,2935,0.908203125
-0.11718744784593582,464,0.5978596128266432,2.7192727450666756,True,0.5652952481960427,0.39553952855058017,0.9268366992473602,True,0.09375,1.8596948608756065,0.11718744441168383,64.033203125,-0.756340503692627,0.5781782865524292,2.8677382469177246,0.6048107147216797,2936,0.90625
-0.07519534975290298,481,0.5762259670206018,2.4409181131146807,True,0.5469949969135055,0.32820470752194525,0.845266193151474,True,0.05859375,1.6791222617030144,0.07519535324536264,62.8046875,-0.6703720688819885,0.4664332866668701,2.528308391571045,0.5648992657661438,2937,0.939453125
-0.08105465024709702,479,0.524007383741765,2.341007764254831,True,0.49597289256113797,0.3432414211332798,0.9086659252643585,True,0.06640625,1.6090715490281582,0.08105465531116351,62.798828125,-0.6263805031776428,0.44830039143562317,2.443800926208496,0.5160603523254395,2938,0.935546875
-0.09521487355232239,473,0.5598183402173363,2.2926356721882084,True,0.5323631354542666,0.3570030516013503,0.9162308871746063,True,0.076171875,1.570839973166585,0.09521487262099981,62.91796875,-0.6827808618545532,0.5046418309211731,2.4127798080444336,0.5586720705032349,2939,0.923828125
-0.10253901779651642,470,0.5569497298687063,2.5207065318493136,True,0.5267632806554753,0.3657081210287288,0.9440877139568329,True,0.08203125,1.487031115218997,0.10253901977557689,62.203125,-0.6896499395370483,0.5121018290519714,2.6193742752075195,0.5557428598403931,2940,0.91796875
-0.0732421875,482,0.5747540029252713,2.657019600828654,True,0.5429351562286313,0.3380111289443448,0.9607686102390289,True,0.05859375,1.4523043222725391,0.07324218982830644,62.255859375,-0.6766233444213867,0.528055727481842,2.7380757331848145,0.5705916285514832,2941,0.94140625
-0.12109377980232239,462,0.595478911936541,2.3038017873640184,True,0.5678899755209555,0.38237135810777545,0.9523953497409821,True,0.09375,1.415970340371132,0.12109377031447366,63.36328125,-0.751770555973053,0.7346439957618713,2.50864839553833,0.600634753704071,2942,0.90234375
-0.10986331105232239,467,0.5840206655496194,2.0305032347203325,True,0.5597045985738521,0.355356014915742,0.8691419661045074,True,0.087890625,1.4332863446325064,0.10986330220475793,62.041015625,-0.7322897911071777,0.5799845457077026,2.2286219596862793,0.5957379341125488,2943,0.912109375
-0.1342773139476776,457,0.5611488201555591,2.14161116967316,True,0.5355021740988516,0.3684943566098809,0.7851515412330627,True,0.107421875,1.5437347702682018,0.13427730952389538,62.841796875,-0.7260304689407349,0.588330864906311,2.314831256866455,0.5640320777893066,2944,0.892578125
-0.13916015625,455,0.5109502665289155,2.237942484446934,True,0.48415001696282695,0.40845945470500733,1.0011347234249115,True,0.111328125,1.3814472947269678,0.13916014146525413,63.30078125,-0.6839163899421692,0.5351092219352722,2.4540297985076904,0.5153682231903076,2945,0.888671875
-0.10009779781103134,471,0.6123477110437527,2.515387198474503,True,0.5822249530733519,0.35464687100611625,0.9031859338283539,True,0.080078125,1.4782376363873482,0.10009779880056158,61.943359375,-0.7398250102996826,0.554531991481781,2.674470901489258,0.6076995134353638,2946,0.919921875
-0.11669929325580597,464,0.535965109693593,2.258529383560707,True,0.5089183336701886,0.3868419763981365,0.9458628594875336,True,0.091796875,1.619402064010501,0.11669929826166481,62.884765625,-0.6996921300888062,0.5990163087844849,2.505730628967285,0.5529858469963074,2947,0.90625
-0.1455078125,452,0.5117582684069608,2.1266549878415804,True,0.486290740755807,0.40452105158474294,0.8526060283184052,True,0.11328125,1.769841019064188,0.14550779527053237,62.3984375,-0.7157337665557861,0.6183329820632935,2.4206953048706055,0.5412372350692749,2948,0.8828125
-0.10009765625,471,0.4909144424835334,2.191468047235169,True,0.4646707399888657,0.3633310994599015,0.9060933589935303,True,0.080078125,1.6402955520898104,0.10009764647111297,61.314453125,-0.6299945712089539,0.5545415282249451,2.39434814453125,0.501223623752594,2949,0.919921875
-0.10986334085464478,467,0.4714448382435825,2.0446602305201953,True,0.4469592337051857,0.3986144927795976,1.0283074378967285,True,0.087890625,1.6617931574583054,0.10986334492918104,61.78125,-0.6241778135299683,0.5378736853599548,2.2900452613830566,0.48689037561416626,2950,0.912109375
-0.08300778269767761,478,0.5035282731305606,2.2958207589313075,True,0.47603492582193474,0.3550679404754192,0.9390450119972229,True,0.06640625,1.6850230284035206,0.08300778432749212,61.48828125,-0.6102190017700195,0.48601099848747253,2.440905809402466,0.4979803264141083,2951,0.93359375
-0.0805663987994194,479,0.5409313141677474,2.3490135480566163,True,0.5128009545156005,0.34634291159454733,0.8976222574710846,True,0.064453125,1.7250411175191402,0.08056640153517947,61.197265625,-0.6497746706008911,0.5269946455955505,2.470005512237549,0.5396289825439453,2952,0.935546875
-0.12207034975290298,462,0.5882994978974908,3.1398257961520897,True,0.5506988670918849,0.37669905063230547,0.816787600517273,True,0.09765625,1.8254236802458763,0.12207034503808245,61.861328125,-0.7398541569709778,0.5713586211204529,3.284799098968506,0.5784471035003662,2953,0.90234375
-0.1489258110523224,451,0.5325539907700735,2.660915032194353,True,0.5006884865115857,0.4259554913500324,0.9279653131961823,True,0.119140625,1.828732542693615,0.14892580080777407,64.0703125,-0.741462767124176,0.6286128163337708,2.91263747215271,0.55765700340271,2954,0.880859375
-0.11962892860174179,463,0.4931700742012996,2.157336492517855,True,0.4673351187170453,0.35680216709151863,0.7376638948917389,True,0.095703125,1.7928094193339348,0.11962891664006747,63.818359375,-0.6463372111320496,0.5223323702812195,2.268718719482422,0.49953949451446533,2955,0.904296875
-0.11181634664535522,466,0.5514301637211584,2.83323281108054,True,0.5175010991710451,0.36588552489411086,0.868089497089386,True,0.087890625,1.609025552868843,0.11181634597596712,63.8203125,-0.688541054725647,0.5222172141075134,2.9158713817596436,0.5418059229850769,2956,0.91015625
-0.09179690480232239,474,0.520674040548912,1.965657731148764,True,0.4971345077084086,0.3356916427845136,0.8351724743843079,True,0.0703125,1.537204835563898,0.09179690445307642,63.083984375,-0.6532174348831177,0.5589722990989685,2.165956497192383,0.5354823470115662,2957,0.92578125
-0.13671867549419403,456,0.5597607754824454,2.6945220671202006,True,0.5274928222622788,0.4046933412086219,0.9099742472171783,True,0.109375,1.719596229493618,0.13671867700759321,65.88671875,-0.7731887102127075,0.7301706671714783,2.9348909854888916,0.6013234257698059,2958,0.890625
-0.12939453125,459,0.49438905488691565,2.2825034768493087,True,0.46705517867551655,0.4079251905437559,0.9889972507953644,True,0.103515625,1.6146239917725325,0.1293945395736955,65.955078125,-0.6732374429702759,0.6046440005302429,2.3877577781677246,0.5152485966682434,2959,0.896484375
-0.10986328125,467,0.5924809138575765,1.9481259877982946,True,0.5691513430638283,0.3656107050832361,0.86204794049263,True,0.087890625,1.666756672784686,0.10986328189028427,65.1328125,-0.7396686673164368,0.6279386878013611,2.0941548347473145,0.604727029800415,2960,0.912109375
-0.10498051345348358,469,0.5160289068720234,2.28926366326143,True,0.4886140695004575,0.36815811285050587,0.9320288002490997,True,0.083984375,1.5354367792606354,0.10498051269678399,65.970703125,-0.6551079750061035,0.5090485215187073,2.4396181106567383,0.5209121704101562,2961,0.916015625
-0.1416015625,454,0.5401803388994697,2.197615047908565,True,0.5138630444257796,0.397416574251838,0.8714013695716858,True,0.11328125,1.6306947655975819,0.14160156127763912,66.642578125,-0.7196497321128845,0.5901451110839844,2.3528707027435303,0.5498716831207275,2962,0.88671875
-0.16601566970348358,444,0.604011518998189,2.4707984988753857,True,0.5744227434063818,0.42069461988285184,0.8948086202144623,True,0.1328125,1.5143446251749992,0.16601565945893526,66.501953125,-0.8067449927330017,0.6187447309494019,2.6917827129364014,0.6084941625595093,2963,0.8671875
-0.1757812649011612,440,0.5292935783212835,2.205769378488714,True,0.5028786214915189,0.43222679793834684,0.8941608965396881,True,0.140625,1.552267000079155,0.17578126792795956,67.21875,-0.7539260983467102,0.6161242127418518,2.468315362930298,0.548585832118988,2964,0.859375
-0.15625005960464478,448,0.5734530304159436,2.7808688623564577,True,0.5401510319539478,0.43039214764721695,0.9391741752624512,True,0.125,1.7261448167264462,0.15625006961636245,67.142578125,-0.7769060134887695,0.6145521998405457,2.9924283027648926,0.5848205089569092,2965,0.875
-0.1611328423023224,446,0.5621745236251386,2.524501969461484,True,0.5319426265532661,0.43953564655967053,0.9754712581634521,True,0.12890625,1.6661708913743496,0.16113284873426892,66.66796875,-0.7798264026641846,0.6395103931427002,2.8910608291625977,0.5840719938278198,2966,0.87109375
-0.24169921875,413,0.5740766945964776,2.2951022678079673,True,0.5465919370368375,0.5491817861096934,1.0441244840621948,True,0.193359375,1.9731533899903297,0.24169921613065526,69.55078125,-0.9093095064163208,0.7847246527671814,2.736579418182373,0.6348387002944946,2967,0.806640625
-0.2685546875,402,0.6213761986191593,2.499749655747295,True,0.5914407046280096,0.5609362642280757,0.9438478946685791,True,0.21484375,2.0722397454082966,0.2685546975117177,69.33203125,-0.9705586433410645,0.7688353061676025,2.997208833694458,0.6661112308502197,2968,0.78515625
-0.1904296875,434,0.5525583163384469,2.5102953427398256,True,0.5224965530606459,0.49166824934072795,0.9403259754180908,True,0.15234375,2.2634672708809376,0.19042968575377017,67.65625,-0.812694251537323,0.6777588725090027,2.827259063720703,0.588407039642334,2969,0.84765625
-0.171875,441,0.5284459308431804,2.4795505130101763,True,0.49875233814018927,0.4864419009536505,0.9939900040626526,True,0.1328125,2.315378088504076,0.17187499592546374,66.697265625,-0.784815788269043,0.7028452754020691,2.845905303955078,0.5788599252700806,2970,0.861328125
-0.1997070610523224,430,0.5463691339936367,2.2804041130598205,True,0.5190603999204415,0.5016652175225318,0.9013510644435883,True,0.158203125,2.433758717030287,0.19970706547610462,67.45703125,-0.8105556964874268,0.6789342761039734,2.511091470718384,0.5807773470878601,2971,0.83984375
-0.21728509664535522,423,0.5093350434416011,2.1564401080986,True,0.48351081550544045,0.509994857897982,0.8873228132724762,True,0.173828125,2.304903868585825,0.21728509961394593,67.185546875,-0.7983151078224182,0.6784286499023438,2.434892177581787,0.5518711805343628,2972,0.826171875
-0.12890619039535522,459,0.5240385434985941,2.247324991330083,True,0.4971259532411115,0.4172635546885431,0.8436921834945679,True,0.1015625,2.3923784904181957,0.12890619115205482,65.787109375,-0.6813810467720032,0.5671233534812927,2.3863368034362793,0.5238974690437317,2973,0.896484375
-0.1562500149011612,448,0.46610421155180237,2.089914057935987,True,0.4410766746316638,0.44713882938958704,0.8407162129878998,True,0.125,2.454911444336176,0.15625001504668035,66.177734375,-0.6776658296585083,0.6175811290740967,2.3327338695526123,0.4934804439544678,2974,0.875
-0.12939457595348358,459,0.4875209753549697,1.9440775733108355,True,0.46423988729260857,0.4310661039547995,0.9716273546218872,True,0.103515625,2.1469210106879473,0.12939458052278496,65.408203125,-0.6557191014289856,0.5428692698478699,2.1368651390075684,0.5007347464561462,2975,0.896484375
-0.1928711235523224,433,0.5645986598578666,2.4655917401126572,True,0.5350722308522283,0.46091087288223204,0.7745183706283569,True,0.154296875,2.2627214938402176,0.1928711196524091,67.033203125,-0.829744815826416,0.7261328101158142,2.7921364307403564,0.6034367084503174,2976,0.845703125
-0.2001953423023224,430,0.5814753359140351,2.514278169010961,True,0.5513658651085787,0.49914170992560686,0.9605296552181244,True,0.16015625,2.1368085741996765,0.20019534591119736,66.23828125,-0.8328506946563721,0.6813477873802185,2.841120719909668,0.5986318588256836,2977,0.83984375
-0.23681640625,415,0.4670291689505061,2.146984223859856,True,0.4413181915340654,0.5405001163017005,0.9126223623752594,True,0.189453125,2.4231848269701004,0.23681639949791133,68.181640625,-0.8031027317047119,0.7296150326728821,2.618955612182617,0.5349233150482178,2978,0.810546875
-0.17822259664535522,439,0.49398343750447504,2.4266102194514523,True,0.46492382755040573,0.4704991625621915,0.9360247850418091,True,0.142578125,2.1014320105314255,0.1782226018840447,66.7109375,-0.7329648733139038,0.6459068059921265,2.6689376831054688,0.5227805972099304,2979,0.857421875
-0.18798822164535522,435,0.5431191929455461,2.105543953248824,True,0.5179044781060055,0.47116392385214567,0.9077458083629608,True,0.150390625,2.032530676573515,0.1879882263019681,66.787109375,-0.7965434193611145,0.6863874793052673,2.340393543243408,0.5805280208587646,2980,0.849609375
-0.2016601860523224,428,0.5403736840898745,2.847935030393511,True,0.5062685374901673,0.5035104628186673,0.976874828338623,True,0.150390625,2.1295062489807606,0.20166018058080226,66.541015625,-0.8240323066711426,0.7253837585449219,3.2271599769592285,0.5837256908416748,2981,0.8359375
-0.1845702826976776,436,0.5394209311642779,2.423057284923868,True,0.5104038868475398,0.4586857050424442,0.8455332517623901,True,0.14453125,2.100175391882658,0.1845702825812623,66.201171875,-0.7696864604949951,0.6064497828483582,2.7059946060180664,0.5527108311653137,2982,0.8515625
-0.17382808029651642,441,0.5514532933159481,2.446206191229442,True,0.522159005238626,0.4497194432653487,0.8730804026126862,True,0.140625,2.0255055613815784,0.17382808355614543,65.591796875,-0.8147484064102173,0.7456392645835876,2.6914608478546143,0.6086890697479248,2983,0.861328125
-0.1582030951976776,447,0.5635645376222512,2.585809671905483,True,0.5325984461462204,0.428507773252204,0.8468521237373352,True,0.125,2.0186850018799305,0.1582030950812623,66.30859375,-0.7820823192596436,0.663100004196167,2.8578054904937744,0.5896558165550232,2984,0.873046875
-0.1806640625,438,0.5645943866472809,1.8924115504304022,True,0.54193201143992,0.4485447078943252,0.8724900186061859,True,0.14453125,1.867652766406536,0.18066406156867743,64.916015625,-0.8276466131210327,0.7679435014724731,2.184708595275879,0.6208198070526123,2985,0.85546875
-0.1635742485523224,445,0.48045302180761706,1.9090238884593664,True,0.4575917155555124,0.4321319781243801,0.8556975722312927,True,0.130859375,1.9483642093837261,0.1635742512298748,65.021484375,-0.7169700860977173,0.6666069030761719,2.180513620376587,0.5272834300994873,2986,0.869140625
-0.15234370529651642,448,0.5248330171619142,2.168023909841265,True,0.49887009177889136,0.40845404856372625,0.7735715806484222,True,0.109375,2.0279203560203314,0.1523437108262442,64.806640625,-0.7273616790771484,0.6318613886833191,2.462167739868164,0.5455324649810791,2987,0.875
-0.16259765625,444,0.5453331516132698,2.242130703754253,True,0.5184827653674392,0.43157245395705107,0.8463201224803925,True,0.119140625,1.9942152239382267,0.16259766556322575,65.169921875,-0.7788822054862976,0.698706865310669,2.5091910362243652,0.5862360000610352,2988,0.8671875
-0.12207024544477463,462,0.5072061535599944,2.4087732106576234,True,0.47836015918554164,0.3919125167885795,0.8967246115207672,True,0.09765625,1.809947106987238,0.12207023857627064,63.49609375,-0.6714654564857483,0.5445559024810791,2.629702568054199,0.5179034471511841,2989,0.90234375
-0.1196288913488388,463,0.6011121486742089,2.254037557873819,True,0.5741191646064076,0.40064068201463665,0.9670268595218658,True,0.095703125,1.7521283626556396,0.11962888896232471,62.53515625,-0.7627501487731934,0.7025744915008545,2.535578489303589,0.6127566695213318,2990,0.904296875
-0.07568350434303284,481,0.5244767018390545,2.3379789974981935,True,0.4964784951938661,0.3203457263763994,0.8032122850418091,True,0.060546875,1.680395070463419,0.07568351400550455,62.47265625,-0.6258136630058289,0.47013160586357117,2.4809465408325195,0.520419716835022,2991,0.939453125
-0.1489258110523224,451,0.5132667193655958,2.2958001580312355,True,0.4857736091127417,0.4044998638797552,0.8471203148365021,True,0.119140625,1.7229997739195824,0.14892581128515303,63.525390625,-0.7162767648696899,0.6173730492591858,2.5591206550598145,0.5367045402526855,2992,0.880859375
-0.0971679538488388,472,0.6242633583181996,2.5043951252759507,True,0.5942722437745434,0.3249295870540664,0.776383101940155,True,0.076171875,1.4497003108263016,0.09716795077110874,61.220703125,-0.7590470314025879,0.8598743081092834,2.631160259246826,0.6303699016571045,2993,0.921875
-0.10449215769767761,469,0.5851256989721044,2.4824238288631317,True,0.5553977005263128,0.36817278496455397,0.8996938765048981,True,0.08203125,1.6748370118439198,0.10449215705739334,62.08984375,-0.7265098094940186,0.5656033754348755,2.6741554737091064,0.5899935960769653,2994,0.916015625
-0.1142578125,465,0.5776219369262777,2.711359083524314,True,0.5451523652640721,0.3780370488064364,0.860317587852478,True,0.08984375,1.8343145307153463,0.1142578030921868,62.5546875,-0.7568815350532532,0.6579970717430115,2.9206230640411377,0.6076481342315674,2995,0.908203125
-0.10937493294477463,467,0.5338897532773478,2.305317681912947,True,0.5062826685527663,0.3487597044324502,0.7878634929656982,True,0.0859375,1.6362412814050913,0.1093749396968633,63.70703125,-0.6829814314842224,0.5705097913742065,2.454335927963257,0.5442147254943848,2996,0.912109375
-0.11962887644767761,463,0.5985948488470288,2.497702889514536,True,0.5686838783919168,0.36784267774783075,0.824858695268631,True,0.095703125,1.6648412235081196,0.11962887650588527,64.498046875,-0.7467445135116577,0.6079439520835876,2.6639575958251953,0.5952136516571045,2997,0.904296875
-0.10986323654651642,467,0.60238443464998,2.8324210317027645,True,0.5684650701169538,0.3714903479442,0.9054519832134247,True,0.087890625,1.6107342280447483,0.10986323945689946,63.310546875,-0.7645105719566345,0.6670147776603699,3.030921697616577,0.6183508038520813,2998,0.912109375
-0.12011712789535522,463,0.5194133048953558,2.3982771112388463,True,0.4906929927047334,0.36943810735829175,0.843336433172226,True,0.09765625,1.613073794171214,0.12011712969979271,63.369140625,-0.6891584992408752,0.57354736328125,2.5898945331573486,0.5380263328552246,2999,0.904296875
-0.09277339279651642,474,0.6584125815061576,2.3337464594136814,True,0.6304650394725396,0.35220170768443493,0.9402996599674225,True,0.07421875,1.4273674953728914,0.09277339745312929,62.115234375,-0.8079540729522705,1.0506418943405151,2.4601759910583496,0.6857190132141113,3000,0.92578125
